la,la_code,county,region,country,force,force_code,Mixed_Other_stopped,Mixed_Other_not_stopped,Mixed_Other_population,Mixed_Other_stop_rate,White_stopped,White_not_stopped,White_population,White_stop_rate,or,or_ci_low,or_ci_upp,rr,rr_ci_low,rr_ci_upp,warning,stats_altered_flag
Hartlepool,E06000001,NA,North East,England,Cleveland,E23000013,3,170,173,1.7341040462427744,943,88069,89012,1.0594077203073742,1.648075738568719,0.3359360486467594,4.913529417637994,1.6368618172233493,0.5321948360631468,5.0344656263553365,Chi-squared approximation may be incorrect,0
Middlesbrough,E06000002,NA,North East,England,Cleveland,E23000013,22,649,671,3.278688524590164,1802,116265,118067,1.5262520433313287,2.1871618431874382,1.3575648055913778,3.350480685471711,2.14819599352268,1.4206632632494933,3.2483039056219076,NA,0
Redcar and Cleveland,E06000003,NA,North East,England,Cleveland,E23000013,10,230,240,4.166666666666666,1539,131748,133287,1.154651241306354,3.722110009906548,1.7576688610995261,6.988579317585415,3.608593242365172,1.963135551792409,6.633237922340159,Chi-squared approximation may be incorrect,0
Stockton-on-Tees,E06000004,NA,North East,England,Cleveland,E23000013,28,697,725,3.8620689655172415,1957,178692,180649,1.0833162652436492,3.6682748245618333,2.4131093327751416,5.364658363355302,3.56504290522087,2.4727657036921276,5.139803943854789,NA,0
Darlington,E06000005,NA,North East,England,Durham,E23000008,8,366,374,2.13903743315508,653,100534,101187,0.6453398163795744,3.365087910513783,1.4358439656796909,6.739439206052605,3.3145908231035697,1.6629341154621193,6.606703309799687,Chi-squared approximation may be incorrect,0
Halton,E06000006,NA,North West,England,Cheshire,E23000006,6,452,458,1.3100436681222707,827,122990,123817,0.6679212062963891,1.9741210861457943,0.7185401716213357,4.34879160621453,1.961374568995105,0.8832517838734257,4.355485344201724,Chi-squared approximation may be incorrect,0
Warrington,E06000007,NA,North West,England,Cheshire,E23000006,4,749,753,0.5312084993359893,545,196478,197023,0.27661745075448047,1.9252827808458663,0.5213376777440233,4.978921275403275,1.9203723332967821,0.7200419167516225,5.121687797189506,Chi-squared approximation may be incorrect,0
Blackburn with Darwen,E06000008,NA,North West,England,Lancashire,E23000003,14,654,668,2.095808383233533,601,92547,93148,0.6452097736934771,3.2962829822299673,1.781254273280356,5.614600696954228,3.248258889874162,1.922688485472871,5.487725076301966,Chi-squared approximation may be incorrect,0
Blackpool,E06000009,NA,North West,England,Lancashire,E23000003,20,499,519,3.8535645472061653,1687,131420,133107,1.2674014139000953,3.122204769992473,1.885734360129145,4.890121623841341,3.0405241030525847,1.973261978222945,4.685027595559955,NA,0
"Kingston upon Hull, City of",E06000010,NA,Yorkshire and The Humber,England,Humberside,E23000012,5,1244,1249,0.4003202562049639,608,243644,244252,0.24892324320783454,1.6106291224755398,0.5201844822344894,3.789507431493788,1.60820761872656,0.668151031803288,3.8708789208180114,Chi-squared approximation may be incorrect,0
East Riding of Yorkshire,E06000011,NA,Yorkshire and The Humber,England,Humberside,E23000012,1,850,851,0.11750881316098707,547,332173,332720,0.16440250060110603,0.7144279678019113,0.018034162424168016,4.007643504723323,0.7147629308029912,0.10061989427836408,5.077386046905592,Chi-squared approximation may be incorrect,0
North East Lincolnshire,E06000012,NA,Yorkshire and The Humber,England,Humberside,E23000012,2,430,432,0.4629629629629629,612,150226,150838,0.4057333032790145,1.141705896621711,0.1374915756282377,4.16701894524425,1.141052408617768,0.2856466433981629,4.558081214339883,Chi-squared approximation may be incorrect,0
North Lincolnshire,E06000013,NA,Yorkshire and The Humber,England,Humberside,E23000012,11,447,458,2.4017467248908297,459,159199,159658,0.2874895088251137,8.534826553187095,4.200408188094955,15.562700745985916,8.354206505503706,4.626726637535875,15.084696331610157,Chi-squared approximation may be incorrect,0
York,E06000014,NA,Yorkshire and The Humber,England,North Yorkshire,E23000009,1,1036,1037,0.09643201542912247,74,187503,187577,0.039450465675429286,2.4457556372701417,0.06104819299196975,14.086880740900975,2.444382183533582,0.34013046018833176,17.566801443975393,Chi-squared approximation may be incorrect,0
Derby,E06000015,NA,East Midlands,England,Derbyshire,E23000018,29,2019,2048,1.416015625,438,190862,191300,0.22895974908520647,6.258775466781484,4.131693756282059,9.14519009060293,6.184561394121005,4.257895472790435,8.983029264592396,Chi-squared approximation may be incorrect,0
Leicester,E06000016,NA,East Midlands,England,Leicestershire,E23000021,44,3395,3439,1.279441698168072,1276,148085,149361,0.8543060102704187,1.5040531118335883,1.0852526809543772,2.0355057608901608,1.4976386479630204,1.1110105472047798,2.018812085551778,NA,0
Rutland,E06000017,NA,East Midlands,England,Leicestershire,E23000021,0,166,166,0,50,38755,38805,0.12884937508053088,0,0,18.068584742060917,0,0,NA,Chi-squared approximation may be incorrect,0
Nottingham,E06000018,NA,East Midlands,England,Nottinghamshire,E23000019,83,3359,3442,2.411388727484021,902,211129,212031,0.42540949200824407,5.7835916518721895,4.549762199709039,7.267577292584508,5.66839427136546,4.538644402223103,7.07935911434494,NA,0
"Herefordshire, County of",E06000019,NA,West Midlands,England,West Mercia,E23000016,1,537,538,0.18587360594795538,270,180386,180656,0.149455318395182,1.2441227691257253,0.03132619380124356,7.020312934439075,1.243673413190142,0.17487281572122856,8.844848482005967,Chi-squared approximation may be incorrect,0
Telford and Wrekin,E06000020,NA,West Midlands,England,West Mercia,E23000016,2,768,770,0.2597402597402597,465,162783,163248,0.2848426933254925,0.9116436344747638,0.10987953706255987,3.3226368418577104,0.9118726434855468,0.2277901777454044,3.6503405290226323,Chi-squared approximation may be incorrect,0
Stoke-on-Trent,E06000021,NA,West Midlands,England,Staffordshire,E23000015,0,1017,1017,0,15,214961,214976,0.006977523072342959,0,0,59.03041443922837,0,0,NA,Chi-squared approximation may be incorrect,0
Bath and North East Somerset,E06000022,NA,South West,England,Avon and Somerset,E23000036,3,1307,1310,0.22900763358778628,283,177736,178019,0.158971795145462,1.4415266223819383,0.2951680365594269,4.265262367578293,1.440555120977531,0.4624392578453689,4.487506242968016,Chi-squared approximation may be incorrect,0
"Bristol, City of",E06000023,NA,South West,England,Avon and Somerset,E23000036,51,5174,5225,0.9760765550239234,1179,380724,381903,0.30871713497930103,3.182961971809316,2.352761081368238,4.2196354540917484,3.1617181051170604,2.3919886693836565,4.179142445018688,NA,0
South Gloucestershire,E06000025,NA,South West,England,Avon and Somerset,E23000036,9,1711,1720,0.5232558139534884,292,263748,264040,0.11058930465081049,4.7509607993877765,2.1472265044460466,9.165171285610768,4.731522777954763,2.4415437473564645,9.169324867737549,Chi-squared approximation may be incorrect,0
Torbay,E06000027,NA,South West,England,Devon & Cornwall,E23000035,9,527,536,1.6791044776119404,806,132997,133803,0.6023781230615157,2.81789449250324,1.2767233608316046,5.417281260871363,2.7874592607681197,1.453059331252871,5.34728965522866,Chi-squared approximation may be incorrect,0
Swindon,E06000030,NA,South West,England,Wiltshire,E23000038,6,1772,1778,0.3374578177727784,163,189265,189428,0.08604852503325802,3.931559018739156,1.4200566087465205,8.760531002192865,3.92171530705901,1.7386744321597751,8.8457336607384,Chi-squared approximation may be incorrect,0
Peterborough,E06000031,NA,East of England,England,Cambridgeshire,E23000023,28,1951,1979,1.414855987872663,514,160578,161092,0.31907233133861396,4.4836045904919875,2.941914354945124,6.57894432101976,4.434279782069709,3.039228907489242,6.469679574716858,NA,0
Luton,E06000032,NA,East of England,England,Bedfordshire,E23000026,56,2381,2437,2.2979072630283133,655,100097,100752,0.6501111640463713,3.593937402795118,2.6771738225434003,4.7423971801524045,3.5346374437347885,2.6985303003354226,4.629802325028204,NA,0
Southend-on-Sea,E06000033,NA,East of England,England,Essex,E23000028,38,1363,1401,2.7123483226266956,1158,156574,157732,0.7341566708087135,3.769647320047678,2.642055504135542,5.232076909735342,3.694508856861433,2.685949034172745,5.081777621157095,NA,0
Thurrock,E06000034,NA,East of England,England,Essex,E23000028,20,1325,1345,1.486988847583643,726,133508,134234,0.5408465813430279,2.7757032285853334,1.679807794782974,4.3364625832203805,2.7493727405859882,1.768929405836679,4.2732346704938085,NA,0
Medway,E06000035,NA,South East,England,Kent,E23000032,56,1826,1882,2.975557917109458,1057,233472,234529,0.4506905329404893,6.773336870484856,5.062571229882986,8.904386944225276,6.602219704274021,5.065747418906441,8.604713464556015,NA,0
Bracknell Forest,E06000036,NA,South East,England,Thames Valley,E23000029,0,971,971,0,244,106700,106944,0.22815679233991623,0,0,1.6771534958293608,0,0,NA,Chi-squared approximation may be incorrect,0
West Berkshire,E06000037,NA,South East,England,Thames Valley,E23000029,15,1013,1028,1.4591439688715953,1051,146985,148036,0.7099624415682672,2.070853033464423,1.1505228116921662,3.4476324152312054,2.0552410711310705,1.2391666198186406,3.4087553626018434,NA,0
Reading,E06000038,NA,South East,England,Thames Valley,E23000029,23,2018,2041,1.1268985791278785,761,115445,116206,0.6548715212639623,1.728993778569139,1.086810141997254,2.621361509658601,1.720793380895325,1.1391584749487844,2.5994011587073453,NA,0
Slough,E06000039,NA,South East,England,Thames Valley,E23000029,17,1671,1688,1.0071090047393365,543,55997,56540,0.9603820304209408,1.0491714579639466,0.6051758095245648,1.7007970724852592,1.048654569575729,0.6486880345004638,1.6952315254880368,NA,0
Windsor and Maidenhead,E06000040,NA,South East,England,Thames Valley,E23000029,14,1486,1500,0.9333333333333335,546,121521,122067,0.4472953378062867,2.096837198232561,1.1358880481243985,3.559788509984431,2.0866153846153845,1.2305937968429503,3.538099878679355,NA,0
Wokingham,E06000041,NA,South East,England,Thames Valley,E23000029,4,1387,1391,0.28756290438533433,222,141119,141341,0.15706695155687309,1.8332906946124683,0.49442769163072464,4.771191002823511,1.8308301112039431,0.6820921523199452,4.914202406068391,Chi-squared approximation may be incorrect,0
Milton Keynes,E06000042,NA,South East,England,Thames Valley,E23000029,21,3183,3204,0.6554307116104869,872,204508,205380,0.424578829486805,1.5472734094376064,0.951524080806795,2.3844097701074674,1.5437197196165344,1.0027891321340432,2.376442360979243,NA,0
Brighton and Hove,E06000043,NA,South East,England,Sussex,E23000033,60,4226,4286,1.3999066728884741,1392,234195,235587,0.5908645213870035,2.388612305823713,1.8096679424841333,3.0996764956538563,2.3692515326564436,1.832937483684024,3.062490060333438,NA,0
Southampton,E06000045,NA,South East,England,Hampshire,E23000030,42,2115,2157,1.9471488178025034,1827,198084,199911,0.913906688476372,2.153051287544182,1.5417113820405988,2.9322572495975656,2.1305772704746375,1.5737547288930374,2.884413576095238,NA,0
County Durham,E06000047,NA,North East,England,Durham,E23000008,9,1158,1167,0.7712082262210797,2141,502375,504516,0.42436711620642364,1.8237429417998519,0.8306414974723128,3.4805289153417722,1.8173138227938075,0.9466660145989227,3.488695569066858,Chi-squared approximation may be incorrect,0
Cheshire East,E06000049,NA,North West,England,Cheshire,E23000006,13,1737,1750,0.7428571428571429,789,374991,375780,0.20996327638511894,3.5566231257922647,1.8816804477734277,6.1342180715997845,3.538033677349267,2.0493662218228588,6.108074861760636,Chi-squared approximation may be incorrect,0
Cheshire West and Chester,E06000050,NA,North West,England,Cheshire,E23000006,6,1239,1245,0.48192771084337355,742,339044,339786,0.21837274048960229,2.212737210295356,0.8078598852788789,4.852916321389261,2.2069041665313547,0.9901882899857077,4.9186867280805275,Chi-squared approximation may be incorrect,0
Shropshire,E06000051,NA,West Midlands,England,West Mercia,E23000016,3,1073,1076,0.2788104089219331,480,311889,312369,0.15366441612323886,1.8167733632772192,0.37274359316503286,5.355253912689876,1.8144110130111524,0.5840454762093982,5.636696898163874,Chi-squared approximation may be incorrect,0
Wiltshire,E06000054,NA,South West,England,Wiltshire,E23000038,1,2365,2366,0.042265426880811495,75,480367,480442,0.015610625215946984,2.7081224440270453,0.06764653193773885,15.575847324817932,2.707478162862778,0.37660590592301957,19.46447967780194,Chi-squared approximation may be incorrect,0
Bedford,E06000055,NA,East of England,England,Bedfordshire,E23000026,20,1843,1863,1.0735373054213635,581,138902,139483,0.41653821612669645,2.594331354622079,1.5691517864672708,4.05613339975393,2.5772840614817216,1.6542463832503762,4.015359018356317,NA,0
Central Bedfordshire,E06000056,NA,East of England,England,Bedfordshire,E23000026,24,2073,2097,1.144492131616595,434,264378,264812,0.16388985393411176,7.053912257560616,4.458772052505797,10.662825053662267,6.983300699485111,4.640327723662731,10.509276836364606,Chi-squared approximation may be incorrect,0
"Bournemouth, Christchurch and Poole",E06000058,NA,South West,England,Dorset,E23000039,19,3362,3381,0.5619639160011831,531,363626,364157,0.14581622761611063,3.87004481960612,2.3084064448655326,6.113504111094297,3.8539189031872474,2.44177390685767,6.082746183268865,NA,0
Dorset,E06000059,NA,South West,England,Dorset,E23000039,4,1185,1189,0.33641715727502103,346,367328,367674,0.0941051039779805,3.583885951310226,0.9693324192323398,9.282105004123137,3.5749087249692506,1.3363672636507928,9.56321868955989,Chi-squared approximation may be incorrect,0
Buckinghamshire,E06000060,NA,South East,England,Thames Valley,E23000029,36,4948,4984,0.7223113964686998,985,440006,440991,0.22336056744922234,3.25003577135556,2.2602682789277835,4.537297174655954,3.233835787209425,2.321622721496778,4.504476029548077,NA,0
North Northamptonshire,E06000061,NA,East Midlands,England,Northamptonshire,E23000022,29,1876,1905,1.5223097112860893,1593,321970,323563,0.4923307053031403,3.1243122799011838,2.0797851214006315,4.520172538454955,3.092047062855373,2.14760075298221,4.451830735129072,NA,0
West Northamptonshire,E06000062,NA,East Midlands,England,Northamptonshire,E23000022,35,2945,2980,1.174496644295302,1404,362605,364009,0.3857047490584024,3.0692881899687934,2.125079848090526,4.299159578424577,3.045066588271286,2.181619525310485,4.250250980718781,NA,0
Cambridge,E07000008,Cambridgeshire,East of England,England,Cambridgeshire,E23000023,14,2247,2261,0.6191950464396285,368,107207,107575,0.342086916105043,1.815004287001082,0.9809583084640977,3.0911251611474775,1.8100518239332348,1.0632069272846945,3.081514539875397,NA,0
East Cambridgeshire,E07000009,Cambridgeshire,East of England,England,Cambridgeshire,E23000023,2,624,626,0.3194888178913738,87,82442,82529,0.10541748960971294,3.037062368161862,0.3612853503512936,11.351087032242434,3.030700304799677,0.7477083415164641,12.284394632917978,Chi-squared approximation may be incorrect,0
Fenland,E07000010,Cambridgeshire,East of England,England,Cambridgeshire,E23000023,5,389,394,1.2690355329949239,260,97260,97520,0.2666119770303527,4.807652321079,1.539561664204648,11.460778373566562,4.7598594299101915,1.9755685981106275,11.46822328223516,Chi-squared approximation may be incorrect,0
Huntingdonshire,E07000011,Cambridgeshire,East of England,England,Cambridgeshire,E23000023,10,1181,1191,0.8396305625524769,439,166277,166716,0.2633220566712253,3.2070551992838627,1.5231756271664005,5.975870045711405,3.1886070356833427,1.7080738245866245,5.952444608458249,Chi-squared approximation may be incorrect,0
Allerdale,E07000026,Cumbria,North West,England,Cumbria,E23000002,3,172,175,1.7142857142857144,980,93601,94581,1.036148909400408,1.6658712804936482,0.3396238379722289,4.965018016371343,1.6544781341107875,0.5378979111813756,5.0888799516600365,Chi-squared approximation may be incorrect,0
Barrow-in-Furness,E07000027,Cumbria,North West,England,Cumbria,E23000002,7,134,141,4.964539007092199,941,64433,65374,1.4394101630617677,3.5765327960199955,1.4070807875609563,7.604310540971744,3.449009277892087,1.6705159733490291,7.120952561224193,Chi-squared approximation may be incorrect,0
Carlisle,E07000028,Cumbria,North West,England,Cumbria,E23000002,5,273,278,1.7985611510791366,2097,104139,106236,1.9739071501186038,0.909541809057626,0.29265931476276,2.1521178925493825,0.9111680612591472,0.38187369500123164,2.174088570976525,NA,0
Copeland,E07000029,Cumbria,North West,England,Cumbria,E23000002,1,116,117,0.8547008547008548,611,65069,65680,0.9302679658952496,0.9180693130121933,0.023010096920614776,5.235993085840886,0.9187684474100187,0.1303038294032289,6.478209150277656,Chi-squared approximation may be incorrect,0
Eden,E07000030,Cumbria,North West,England,Cumbria,E23000002,3,117,120,2.5,820,52800,53620,1.5292801193584484,1.6509996828598408,0.3349519047892771,4.9621845286365,1.6347560975609756,0.5337006653611884,5.007352757756432,Chi-squared approximation may be incorrect,0
South Lakeland,E07000031,Cumbria,North West,England,Cumbria,E23000002,10,288,298,3.3557046979865772,836,101082,101918,0.8202672736906139,4.1981894114425415,1.9845364004103414,7.870683435504007,4.090989370925789,2.21610558239064,7.55207430819857,Chi-squared approximation may be incorrect,0
Amber Valley,E07000032,Derbyshire,East Midlands,England,Derbyshire,E23000018,2,291,293,0.6825938566552902,173,122493,122666,0.14103337518138684,4.866771103237229,0.5819207355572894,18.001283867489757,4.839945550316637,1.2065123410674867,19.4155269968511,Chi-squared approximation may be incorrect,0
Bolsover,E07000033,Derbyshire,East Midlands,England,Derbyshire,E23000018,5,159,164,3.048780487804878,82,77931,78013,0.10511068668042506,29.87816351414181,9.3256557502874,74.08707315770114,29.005428316478287,11.914150604036848,70.61475885131914,Chi-squared approximation may be incorrect,0
Chesterfield,E07000034,Derbyshire,East Midlands,England,Derbyshire,E23000018,0,356,356,0,182,98607,98789,0.1842310378685886,0,0,5.700128497675426,0,0,NA,Chi-squared approximation may be incorrect,0
Derbyshire Dales,E07000035,Derbyshire,East Midlands,England,Derbyshire,E23000018,1,183,184,0.5434782608695652,215,69678,69893,0.3076130656861202,1.770921657525112,0.044392067008295656,10.094882349671124,1.7667593528816987,0.24906661713681993,12.532545095275683,Chi-squared approximation may be incorrect,0
Erewash,E07000036,Derbyshire,East Midlands,England,Derbyshire,E23000018,2,351,353,0.56657223796034,106,107565,107671,0.09844805007847982,5.781754962081125,0.6885339263453494,21.56101209993565,5.755037682398846,1.4262748698745322,23.221652028927807,Chi-squared approximation may be incorrect,0
High Peak,E07000037,Derbyshire,East Midlands,England,Derbyshire,E23000018,0,299,299,0,116,88466,88582,0.13095211216725744,0,0,9.618646898896872,0,0,NA,Chi-squared approximation may be incorrect,0
North East Derbyshire,E07000038,Derbyshire,East Midlands,England,Derbyshire,E23000018,1,235,236,0.423728813559322,73,99234,99307,0.07350942028255812,5.784142325235237,0.1438931750938399,33.5549736225233,5.76427908056652,0.8045081480583253,41.30090341390542,Chi-squared approximation may be incorrect,0
South Derbyshire,E07000039,Derbyshire,East Midlands,England,Derbyshire,E23000018,3,340,343,0.8746355685131195,87,99627,99714,0.08724953366628557,10.100696129058079,2.034064565038142,30.76258039235315,10.024530009047956,3.186735995348451,31.534209940511527,Chi-squared approximation may be incorrect,0
East Devon,E07000040,Devon,South West,England,Devon & Cornwall,E23000035,4,482,486,0.823045267489712,233,146411,146644,0.15888819181146177,5.215365461083381,1.4033446447000968,13.617783421189623,5.180027905826667,1.9357067065046916,13.86196008670902,Chi-squared approximation may be incorrect,0
Exeter,E07000041,Devon,South West,England,Devon & Cornwall,E23000035,17,999,1016,1.673228346456693,719,117034,117753,0.610600154560818,2.7698352718781236,1.5980878988045824,4.489075337099135,2.7403012166942275,1.7008038882938343,4.415118527127069,NA,0
Mid Devon,E07000042,Devon,South West,England,Devon & Cornwall,E23000035,0,264,264,0,84,80795,80879,0.10385885087599994,0,0,13.829249281414057,0,0,NA,Chi-squared approximation may be incorrect,0
North Devon,E07000043,Devon,South West,England,Devon & Cornwall,E23000035,3,321,324,0.9259259259259258,200,95327,95527,0.2093648916013274,4.454948340601278,0.9061623256922158,13.31926636392775,4.422546296296296,1.421772279119253,13.756714791907651,Chi-squared approximation may be incorrect,0
Teignbridge,E07000045,Devon,South West,England,Devon & Cornwall,E23000035,1,492,493,0.2028397565922921,203,131295,131498,0.15437497148245602,1.3145743884397338,0.03305484193753079,7.441349411073332,1.3139419858311934,0.18456336646289107,9.354204874005399,Chi-squared approximation may be incorrect,0
West Devon,E07000047,Devon,South West,England,Devon & Cornwall,E23000035,0,224,224,0,60,55713,55773,0.10757893604432252,0,0,15.895051285047487,0,0,NA,Chi-squared approximation may be incorrect,0
Eastbourne,E07000061,East Sussex,South East,England,Sussex,E23000033,11,812,823,1.336573511543135,588,91541,92129,0.638235517589467,2.1089754587980916,1.0428282412031398,3.8212691367025364,2.094169745662542,1.1579656640513396,3.7872858063033874,NA,0
Hastings,E07000062,East Sussex,South East,England,Sussex,E23000033,5,748,753,0.6640106241699867,302,82597,82899,0.36429872495446264,1.8282702910108717,0.5876172665788939,4.332679271716397,1.8227091633466137,0.7554003158388501,4.39802396754154,Chi-squared approximation may be incorrect,0
Lewes,E07000063,East Sussex,South East,England,Sussex,E23000033,5,725,730,0.684931506849315,137,93797,93934,0.1458470841228948,4.721473950575586,1.5045452231096228,11.33800182905033,4.696230376962304,1.9296957386504978,11.429045165911507,Chi-squared approximation may be incorrect,0
Rother,E07000064,East Sussex,South East,England,Sussex,E23000033,0,448,448,0,93,88685,88778,0.10475568271418594,0,0,8.043387642478692,0,0,NA,Chi-squared approximation may be incorrect,0
Wealden,E07000065,East Sussex,South East,England,Sussex,E23000033,6,730,736,0.8152173913043478,159,153149,153308,0.10371278733008062,7.9163971584562844,2.852906964090118,17.699299354510572,7.860336341263332,3.490145511866308,17.70266803711183,Chi-squared approximation may be incorrect,0
Basildon,E07000066,Essex,East of England,England,Essex,E23000028,27,1143,1170,2.307692307692308,1158,162440,163598,0.7078326140906368,3.3135462249014966,2.1645969826118,4.872665771713965,3.2602231964926265,2.2357716787842206,4.754087991994121,NA,0
Braintree,E07000067,Essex,East of England,England,Essex,E23000028,13,840,853,1.5240328253223916,982,145771,146753,0.669151567599981,2.297285730376613,1.2137342023256439,3.9681814643459465,2.2775599716347954,1.3232317016899284,3.920159574297004,NA,0
Brentwood,E07000068,Essex,East of England,England,Essex,E23000028,12,593,605,1.9834710743801653,292,67730,68022,0.4292728823027844,4.693525364460849,2.383951880205222,8.384964036342447,4.620536624023549,2.608523344966397,8.184461425327191,Chi-squared approximation may be incorrect,0
Castle Point,E07000069,Essex,East of England,England,Essex,E23000028,6,354,360,1.6666666666666667,341,84577,84918,0.40156386160766855,4.203690769667923,1.5216571457592467,9.33690775835233,4.150439882697947,1.8639897044198734,9.241548480146255,Chi-squared approximation may be incorrect,0
Chelmsford,E07000070,Essex,East of England,England,Essex,E23000028,18,1192,1210,1.487603305785124,911,159388,160299,0.5683129651463826,2.6419274227882013,1.553354857616321,4.218138007009367,2.61757763242645,1.647371283083493,4.159179373914093,NA,0
Colchester,E07000071,Essex,East of England,England,Essex,E23000028,30,1503,1533,1.9569471624266144,1180,166102,167282,0.7053956791525687,2.809596126144343,1.8803863013841637,4.0496813367666675,2.774254535805499,1.9377535337636196,3.971861279225129,NA,0
Epping Forest,E07000072,Essex,East of England,England,Essex,E23000028,17,1504,1521,1.1176857330703485,314,112853,113167,0.2774660457553881,4.062314803381706,2.3302588349065414,6.631744921855976,4.028189215107392,2.4790778921792813,6.545299929419908,Chi-squared approximation may be incorrect,0
Harlow,E07000073,Essex,East of England,England,Essex,E23000028,13,774,787,1.6518424396442184,668,76171,76839,0.8693501997683468,1.91519299658076,1.0097778247165945,3.317033467832695,1.9000886410153008,1.102467702706352,3.274777877712581,NA,0
Maldon,E07000074,Essex,East of England,England,Essex,E23000028,3,229,232,1.293103448275862,141,63768,63909,0.22062620288222315,5.92417137986945,1.1985159865562949,17.882246251988395,5.861060161408657,1.8814808806734824,18.257972519686327,Chi-squared approximation may be incorrect,0
Rochford,E07000075,Essex,East of England,England,Essex,E23000028,2,308,310,0.6451612903225806,301,81680,81981,0.367158243983362,1.7620732889188966,0.2114664170982608,6.474879795218564,1.7571750080377238,0.4394140351225546,7.026776029152576,Chi-squared approximation may be incorrect,0
Tendring,E07000076,Essex,East of England,England,Essex,E23000028,9,534,543,1.6574585635359116,751,141759,142510,0.5269805627675251,3.1812607788826597,1.441104706230128,6.117345476690298,3.1451986669707424,1.6389858860838735,6.035606980332657,Chi-squared approximation may be incorrect,0
Uttlesford,E07000077,Essex,East of England,England,Essex,E23000028,8,517,525,1.5238095238095237,283,85825,86108,0.32865703535095464,4.692480374380692,1.9956920728111402,9.443003049903638,4.636473161702844,2.3083521755122294,9.3126532455649,Chi-squared approximation may be incorrect,0
Cheltenham,E07000078,Gloucestershire,South West,England,Gloucestershire,E23000037,3,776,779,0.38510911424903727,326,107995,108321,0.3009573397586802,1.280688704794631,0.26217230108464273,3.789943424596974,1.2796136308150294,0.4114632182373858,3.9794833938788416,Chi-squared approximation may be incorrect,0
Cotswold,E07000079,Gloucestershire,South West,England,Gloucestershire,E23000037,0,441,441,0,60,87322,87382,0.06866402691629855,0,0,12.611301274701459,0,0,NA,Chi-squared approximation may be incorrect,0
Forest of Dean,E07000080,Gloucestershire,South West,England,Gloucestershire,E23000037,0,230,230,0,136,84567,84703,0.16056101909023293,0,0,10.190233801976428,0,0,NA,Chi-squared approximation may be incorrect,0
Gloucester,E07000081,Gloucestershire,South West,England,Gloucestershire,E23000037,28,854,882,3.1746031746031744,461,111480,111941,0.41182408590239505,7.928189909325619,5.179960004437911,11.696567711024992,7.708638914712666,5.294444637263747,11.22367273409308,Chi-squared approximation may be incorrect,0
Stroud,E07000082,Gloucestershire,South West,England,Gloucestershire,E23000037,2,545,547,0.3656307129798903,114,116402,116516,0.09784063991211507,3.747037403856674,0.44723243882558206,13.916137680909822,3.7370024696109563,0.9257061522865632,15.085983196053448,Chi-squared approximation may be incorrect,0
Tewkesbury,E07000083,Gloucestershire,South West,England,Gloucestershire,E23000037,2,383,385,0.5194805194805194,115,89650,89765,0.12811229321004847,4.070619671228033,0.4854388449146579,15.141124169909766,4.0548842461885934,1.005623441986675,16.350142173999064,Chi-squared approximation may be incorrect,0
Basingstoke and Deane,E07000084,Hampshire,South East,England,Hampshire,E23000030,21,1070,1091,1.924839596700275,588,162792,163380,0.35989717223650386,5.43419498883056,3.3242638394415462,8.427331393496829,5.3483043079743355,3.4750218632287577,8.231418418795093,Chi-squared approximation may be incorrect,0
East Hampshire,E07000085,Hampshire,South East,England,Hampshire,E23000030,2,588,590,0.3389830508474576,267,119365,119632,0.22318443225892737,1.5205671340464146,0.18275617519870566,5.572277175268793,1.5188472037072305,0.37878770008477153,6.090210499688867,Chi-squared approximation may be incorrect,0
Eastleigh,E07000086,Hampshire,South East,England,Hampshire,E23000030,8,689,697,1.1477761836441895,348,125440,125788,0.27665596082297195,4.185209132717478,1.785566166261328,8.384551938804151,4.148749154834348,2.066590387668075,8.328752350948818,Chi-squared approximation may be incorrect,0
Fareham,E07000087,Hampshire,South East,England,Hampshire,E23000030,2,447,449,0.4454342984409799,275,109057,109332,0.2515274576519226,1.7743386100861402,0.21314383806780884,6.508308205459752,1.770917189714517,0.4420442901354078,7.094645859729785,Chi-squared approximation may be incorrect,0
Gosport,E07000088,Hampshire,South East,England,Hampshire,E23000030,7,352,359,1.9498607242339834,390,77675,78065,0.4995836802664446,3.960556333034556,1.5703469737966183,8.324631423158596,3.90297121634169,1.8618095622155146,8.181923986610403,Chi-squared approximation may be incorrect,0
Hart,E07000089,Hampshire,South East,England,Hampshire,E23000030,1,604,605,0.1652892561983471,179,91449,91628,0.19535513161915574,0.845842910562856,0.021262594127860576,4.79122181931988,0.8460963110023546,0.11872723443214482,6.029610399970477,Chi-squared approximation may be incorrect,0
Havant,E07000090,Hampshire,South East,England,Hampshire,E23000030,4,434,438,0.91324200913242,532,118477,119009,0.4470250149148384,2.052527452004384,0.554722078114481,5.324158334788213,2.042932674151131,0.7673684852738692,5.438813283587958,Chi-squared approximation may be incorrect,0
New Forest,E07000091,Hampshire,South East,England,Hampshire,E23000030,4,605,609,0.6568144499178982,501,169022,169523,0.2955351191283778,2.2305181749186294,0.6034341250444938,5.776207352326721,2.2224582034617137,0.8335595919604373,5.925575704212759,Chi-squared approximation may be incorrect,0
Rushmoor,E07000092,Hampshire,South East,England,Hampshire,E23000030,8,622,630,1.2698412698412698,461,76460,76921,0.5993161815369015,2.1331994088263357,0.9113920607684216,4.264443382960282,2.1188169266260375,1.0579476886071884,4.243485020008298,Chi-squared approximation may be incorrect,0
Test Valley,E07000093,Hampshire,South East,England,Hampshire,E23000030,5,640,645,0.7751937984496124,355,120843,121198,0.2929091239129359,2.659316596493314,0.8552803608846752,6.2967088724737,2.6465334643520033,1.0985325021032304,6.375905459806623,Chi-squared approximation may be incorrect,0
Winchester,E07000094,Hampshire,South East,England,Hampshire,E23000030,11,743,754,1.4588859416445623,498,118346,118844,0.4190367204065834,3.517941351650071,1.7373238303404301,6.386416198705823,3.48152290861057,1.9238606212923663,6.300353377490432,Chi-squared approximation may be incorrect,0
Broxbourne,E07000095,Hertfordshire,East of England,England,Hertfordshire,E23000027,21,1400,1421,1.477832512315271,199,79764,79963,0.2488651001088003,6.01197437554871,3.6288327680518964,9.479794743375823,5.938287496596282,3.7991981572853444,9.281763396471145,Chi-squared approximation may be incorrect,0
Dacorum,E07000096,Hertfordshire,East of England,England,Hertfordshire,E23000027,7,1339,1346,0.5200594353640415,397,133809,134206,0.2958138980373456,1.7620136418555408,0.7024710257008753,3.67445521871337,1.7580628862082257,0.834305678198513,3.7046195328990454,Chi-squared approximation may be incorrect,0
Hertsmere,E07000098,Hertfordshire,East of England,England,Hertfordshire,E23000027,10,1332,1342,0.7451564828614009,212,82484,82696,0.25636064622230825,2.92087439118708,1.3774573102817274,5.495152013116294,2.9066726654106794,1.5450588461621944,5.468235727611054,Chi-squared approximation may be incorrect,0
North Hertfordshire,E07000099,Hertfordshire,East of England,England,Hertfordshire,E23000027,9,1120,1129,0.7971656333038087,247,116253,116500,0.21201716738197424,3.782085675468269,1.704660996007342,7.322918814947706,3.759910780562499,1.9384049478595577,7.293073149344003,Chi-squared approximation may be incorrect,0
Three Rivers,E07000102,Hertfordshire,East of England,England,Hertfordshire,E23000027,5,928,933,0.5359056806002144,153,71987,72140,0.21208760742999722,2.534831141735169,0.8096283940589152,6.065880602918576,2.5268127972875467,1.0393268669304057,6.143190478076661,Chi-squared approximation may be incorrect,0
Watford,E07000103,Hertfordshire,East of England,England,Hertfordshire,E23000027,24,1420,1444,1.662049861495845,310,61495,61805,0.5015775422700428,3.3526070998342643,2.108672801556525,5.102496958643338,3.3136448932177647,2.1947443657589165,5.002971029180126,NA,0
Ashford,E07000105,Kent,South East,England,Kent,E23000032,11,755,766,1.4360313315926894,312,115819,116131,0.268662114336396,5.408941677238862,2.660637753186149,9.86657962691155,5.345120338756109,2.9420835355361907,9.710911022986068,Chi-squared approximation may be incorrect,0
Canterbury,E07000106,Kent,South East,England,Kent,E23000032,27,1237,1264,2.1360759493670884,774,139118,139892,0.5532839619134761,3.9230947747188973,2.558196421969481,5.780427523577302,3.860722696496909,2.640989012443747,5.643787107411846,NA,0
Dartford,E07000107,Kent,South East,England,Kent,E23000032,14,917,931,1.5037593984962405,636,85833,86469,0.7355237137008639,2.0603962548120642,1.1154944544727632,3.500365448754492,2.0444743935309972,1.208689766646646,3.4581872546174233,NA,0
Dover,E07000108,Kent,South East,England,Kent,E23000032,25,475,500,5,461,109468,109929,0.41936158793403017,12.494820388478281,7.922513380131663,18.911918540532422,11.922885032537963,8.050089208539388,17.65883381122313,Chi-squared approximation may be incorrect,0
Gravesham,E07000109,Kent,South East,England,Kent,E23000032,20,695,715,2.797202797202797,393,80829,81222,0.4838590529659452,5.918197839127032,3.5532284078314826,9.336652618182555,5.78102813217317,3.71129146539217,9.005028728307149,Chi-squared approximation may be incorrect,0
Maidstone,E07000110,Kent,South East,England,Kent,E23000032,27,1081,1108,2.436823104693141,1207,155375,156582,0.7708421146747391,3.2151484799565737,2.100152468772256,4.728730901997112,3.1612480147395305,2.1688158843311807,4.607808843015927,NA,0
Sevenoaks,E07000111,Kent,South East,England,Kent,E23000032,6,836,842,0.7125890736342043,451,110022,110473,0.4082445484417007,1.7508315081057146,0.6372961505156701,3.8572272071893137,1.7454956259776375,0.7822666927686905,3.8947778404365274,Chi-squared approximation may be incorrect,0
Folkestone and Hythe,E07000112,Kent,South East,England,Kent,E23000032,15,560,575,2.608695652173913,477,100854,101331,0.47073452349231726,5.663084524075469,3.123678371372388,9.51753433092077,5.541755537325676,3.3365383333930736,9.20446623619287,Chi-squared approximation may be incorrect,0
Swale,E07000113,Kent,South East,England,Kent,E23000032,11,744,755,1.456953642384106,550,140689,141239,0.3894108567746869,3.781941321160956,1.8686878357330912,6.859930601385885,3.741430463576159,2.0687347570549606,6.7666006316361305,Chi-squared approximation may be incorrect,0
Thanet,E07000114,Kent,South East,England,Kent,E23000032,31,862,893,3.4714445688689812,1132,129022,130154,0.8697389246584815,4.098834912652551,2.754218831590615,5.893796006368691,3.9913639259414606,2.8107393539525525,5.667898720991031,NA,0
Tonbridge and Malling,E07000115,Kent,South East,England,Kent,E23000032,5,811,816,0.6127450980392157,365,122385,122750,0.2973523421588595,2.0671927402631933,0.6653914625422583,4.888137785023004,2.0606701584743488,0.8548874946221927,4.967158285434185,Chi-squared approximation may be incorrect,0
Tunbridge Wells,E07000116,Kent,South East,England,Kent,E23000032,9,809,818,1.1002444987775062,397,104713,105110,0.3776995528493959,2.9341820099111122,1.3270605520448462,5.654814567880931,2.913015094874148,1.509977657094459,5.619723512527315,Chi-squared approximation may be incorrect,0
Burnley,E07000117,Lancashire,North West,England,Lancashire,E23000003,2,321,323,0.6191950464396285,462,77461,77923,0.5928929840996882,1.0446612877129215,0.12558460727642276,3.8261053524660786,1.0443622425046575,0.2615347588309359,4.170353869767705,Chi-squared approximation may be incorrect,0
Chorley,E07000118,Lancashire,North West,England,Lancashire,E23000003,5,363,368,1.358695652173913,294,112179,112473,0.2613960683897469,5.256243142635713,1.6837014625803643,12.515992496211167,5.19784272404614,2.1602913161527275,12.506447061980095,Chi-squared approximation may be incorrect,0
Fylde,E07000119,Lancashire,North West,England,Lancashire,E23000003,1,289,290,0.3448275862068966,107,78121,78228,0.13677966968348929,2.5262532531291053,0.06315996036330818,14.492645525251586,2.5210441508217856,0.3530839969601564,18.000429543993004,Chi-squared approximation may be incorrect,0
Hyndburn,E07000120,Lancashire,North West,England,Lancashire,E23000003,4,207,211,1.8957345971563981,485,67369,67854,0.7147699472396616,2.684026841798966,0.7215832075675019,7.0204975271375725,2.6522304197000053,1.000710147476789,7.02933433514046,Chi-squared approximation may be incorrect,0
Lancaster,E07000121,Lancashire,North West,England,Lancashire,E23000003,5,611,616,0.8116883116883116,712,131952,132664,0.5366942049086414,1.516534263276941,0.48918576480502346,3.575133670761731,1.5123850868232889,0.6298092319201222,3.631748369061035,Chi-squared approximation may be incorrect,0
Pendle,E07000122,Lancashire,North West,England,Lancashire,E23000003,0,277,277,0,152,67202,67354,0.22567330819253498,0,0,5.99921772450058,0,0,NA,Chi-squared approximation may be incorrect,0
Preston,E07000123,Lancashire,North West,England,Lancashire,E23000003,23,758,781,2.9449423815621,1853,105106,106959,1.732439532905132,1.7211021545647802,1.0815994067007533,2.6101276798006,1.6998817711252057,1.1336228991931736,2.5489940595416356,NA,0
Ribble Valley,E07000124,Lancashire,North West,England,Lancashire,E23000003,0,165,165,0,80,59154,59234,0.13505756828848298,0,0,17.102052242116713,0,0,NA,Chi-squared approximation may be incorrect,0
Rossendale,E07000125,Lancashire,North West,England,Lancashire,E23000003,2,198,200,1,93,65375,65468,0.1420541333170404,7.100850090688477,0.841495499523599,26.731441298659355,7.039569892473119,1.7466757785270461,28.371346806448354,Chi-squared approximation may be incorrect,0
South Ribble,E07000126,Lancashire,North West,England,Lancashire,E23000003,1,288,289,0.34602076124567477,216,105622,105838,0.2040854891437858,1.6978666312378932,0.04264490171801918,9.636015720537264,1.6954696911444316,0.23855852713455095,12.049946435023314,Chi-squared approximation may be incorrect,0
West Lancashire,E07000127,Lancashire,North West,England,Lancashire,E23000003,3,381,384,0.78125,356,113339,113695,0.3131184308896609,2.5067590052162534,0.5122513729689854,7.441430450283197,2.4950623244382024,0.8044433688832617,7.738687698393307,Chi-squared approximation may be incorrect,0
Wyre,E07000128,Lancashire,North West,England,Lancashire,E23000003,2,262,264,0.7575757575757576,659,108378,109037,0.6043819987710594,1.2554010445038217,0.1509395071136166,4.598166277268487,1.253471743228951,0.31448345432488106,4.996101987134391,Chi-squared approximation may be incorrect,0
Blaby,E07000129,Leicestershire,East Midlands,England,Leicestershire,E23000021,4,586,590,0.6779661016949152,138,88470,88608,0.1557421451787649,4.375968693292032,1.1717810783856581,11.516896655885816,4.35313190862196,1.6162594990612698,11.724452307855744,Chi-squared approximation may be incorrect,0
Charnwood,E07000130,Leicestershire,East Midlands,England,Leicestershire,E23000021,4,1051,1055,0.37914691943127965,415,150809,151224,0.27442733957572873,1.383014203648821,0.3743693207024427,3.5783704126605187,1.3815931022668875,0.5170619130547791,3.691626577085011,Chi-squared approximation may be incorrect,0
Harborough,E07000131,Leicestershire,East Midlands,England,Leicestershire,E23000021,0,457,457,0,90,88546,88636,0.10153887810821788,0,0,8.139717555705086,0,0,NA,Chi-squared approximation may be incorrect,0
Hinckley and Bosworth,E07000132,Leicestershire,East Midlands,England,Leicestershire,E23000021,0,456,456,0,262,106790,107052,0.24474087359414118,0,0,3.3340472972871402,0,0,NA,Chi-squared approximation may be incorrect,0
Melton,E07000133,Leicestershire,East Midlands,England,Leicestershire,E23000021,2,136,138,1.4492753623188406,164,49936,50100,0.3273453093812375,4.476964807364376,0.5323643255295287,16.743652862827098,4.427359490986214,1.1090682950449522,17.67385484735296,Chi-squared approximation may be incorrect,0
North West Leicestershire,E07000134,Leicestershire,East Midlands,England,Leicestershire,E23000021,4,308,312,1.282051282051282,271,99986,100257,0.2703053153395773,4.791040302349836,1.28802496745224,12.533193007970002,4.742974737439682,1.778467637670604,12.648984374804545,Chi-squared approximation may be incorrect,0
Oadby and Wigston,E07000135,Leicestershire,East Midlands,England,Leicestershire,E23000021,1,407,408,0.24509803921568626,74,36490,36564,0.2023848594245706,1.2115585844227763,0.030197085069931625,7.000460232733592,1.2110492845786964,0.1687627436951584,8.690545896360943,Chi-squared approximation may be incorrect,0
Boston,E07000136,Lincolnshire,East Midlands,England,Lincolnshire,E23000020,8,287,295,2.711864406779661,170,66228,66398,0.2560318081869936,10.859100091630435,4.568949944375639,22.169768296504913,10.591904287138583,5.260913578919779,21.324896283686968,Chi-squared approximation may be incorrect,0
East Lindsey,E07000137,Lincolnshire,East Midlands,England,Lincolnshire,E23000020,2,315,317,0.6309148264984227,421,138505,138926,0.303039027971726,2.0888187673609515,0.25103806825197755,7.656098721534553,2.081958983043227,0.5212611334197904,8.315511994222703,Chi-squared approximation may be incorrect,0
Lincoln,E07000138,Lincolnshire,East Midlands,England,Lincolnshire,E23000020,21,547,568,3.697183098591549,765,94596,95361,0.8022147418756096,4.747015822244814,2.897780470503863,7.38318427382142,4.608719966859983,3.011201502423408,7.053762332357945,Chi-squared approximation may be incorrect,0
North Kesteven,E07000139,Lincolnshire,East Midlands,England,Lincolnshire,E23000020,1,326,327,0.3058103975535168,213,114431,114644,0.18579254038589024,1.6479370577272956,0.04140479290764447,9.34548151533848,1.64597780362091,0.2314887186539436,11.703563550597075,Chi-squared approximation may be incorrect,0
South Holland,E07000140,Lincolnshire,East Midlands,England,Lincolnshire,E23000020,1,335,336,0.2976190476190476,125,91157,91282,0.13693827917880852,2.1769919389583072,0.05452129463743745,12.437354714017255,2.173380952380952,0.30465162967437875,15.504872792642047,Chi-squared approximation may be incorrect,0
South Kesteven,E07000141,Lincolnshire,East Midlands,England,Lincolnshire,E23000020,0,512,512,0,354,136890,137244,0.25793477310483515,0,0,2.8107003733327307,0,0,NA,Chi-squared approximation may be incorrect,0
West Lindsey,E07000142,Lincolnshire,East Midlands,England,Lincolnshire,E23000020,1,232,233,0.4291845493562232,166,91861,92027,0.1803818444586915,2.3853156703235574,0.059777982897530696,13.605978600381967,2.379311236361756,0.33459342675167675,16.91940578282426,Chi-squared approximation may be incorrect,0
Breckland,E07000143,Norfolk,East of England,England,Norfolk,E23000024,3,595,598,0.5016722408026756,374,135734,136108,0.27478179093073146,1.8299344446485453,0.3746019971716881,5.414928373066066,1.825711373025951,0.587838915424652,5.670298325160048,Chi-squared approximation may be incorrect,0
Great Yarmouth,E07000145,Norfolk,East of England,England,Norfolk,E23000024,2,421,423,0.4728132387706856,259,93853,94112,0.27520401224073443,1.7214396926857682,0.2066830147039863,6.319138201178201,1.7180463137909945,0.42879582739450245,6.883656387857535,Chi-squared approximation may be incorrect,0
King's Lynn and West Norfolk,E07000146,Norfolk,East of England,England,Norfolk,E23000024,3,614,617,0.48622366288492713,525,146482,147007,0.3571258511499453,1.3632519043690927,0.2794565419508088,4.024698046442642,1.361491085899514,0.43890350892955976,4.223383817333149,Chi-squared approximation may be incorrect,0
Norwich,E07000148,Norfolk,East of England,England,Norfolk,E23000024,5,1322,1327,0.37678975131876413,528,124465,124993,0.4224236557247206,0.8915634005554416,0.2878142826831286,2.099062652829995,0.891971238382316,0.37034444439558045,2.1483046448820358,NA,0
South Norfolk,E07000149,Norfolk,East of England,England,Norfolk,E23000024,0,589,589,0,117,135135,135252,0.08650519031141869,0,0,7.373191181033682,0,0,NA,Chi-squared approximation may be incorrect,0
Craven,E07000163,North Yorkshire,Yorkshire and The Humber,England,North Yorkshire,E23000009,0,148,148,0,2,55081,55083,0.0036308843018717212,0,0,2043.2599720976766,0,0,NA,Chi-squared approximation may be incorrect,0
Hambleton,E07000164,North Yorkshire,Yorkshire and The Humber,England,North Yorkshire,E23000009,1,204,205,0.4878048780487805,3,88635,88638,0.0033845529005618355,144.66138127590554,2.7453560852510352,1840.3538442623033,144.12682926829268,15.054478719226735,1379.8247885130731,Chi-squared approximation may be incorrect,0
Harrogate,E07000165,North Yorkshire,Yorkshire and The Humber,England,North Yorkshire,E23000009,0,709,709,0,12,155044,155056,0.007739139407697864,0,0,78.77175521627836,0,0,NA,Chi-squared approximation may be incorrect,0
Richmondshire,E07000166,North Yorkshire,Yorkshire and The Humber,England,North Yorkshire,E23000009,0,128,128,0,3,46941,46944,0.006390593047034766,0,0,906.8895627663117,0,0,NA,Chi-squared approximation may be incorrect,0
Ryedale,E07000167,North Yorkshire,Yorkshire and The Humber,England,North Yorkshire,E23000009,0,130,130,0,3,53614,53617,0.005595240315571554,0,0,1019.4657014603933,0,0,NA,Chi-squared approximation may be incorrect,0
Scarborough,E07000168,North Yorkshire,Yorkshire and The Humber,England,North Yorkshire,E23000009,0,278,278,0,4,105260,105264,0.003799969600243198,0,0,584.5845729637134,0,0,NA,Chi-squared approximation may be incorrect,0
Selby,E07000169,North Yorkshire,Yorkshire and The Humber,England,North Yorkshire,E23000009,0,210,210,0,12,89643,89655,0.013384641124309853,0,0,155.17941186103334,0,0,NA,Chi-squared approximation may be incorrect,0
Ashfield,E07000170,Nottinghamshire,East Midlands,England,Nottinghamshire,E23000019,6,381,387,1.550387596899225,229,119797,120026,0.1907919950677353,8.237472267374564,2.973312269174533,18.37205035247562,8.126062083206392,3.6352437220457703,18.164637649924597,Chi-squared approximation may be incorrect,0
Bassetlaw,E07000171,Nottinghamshire,East Midlands,England,Nottinghamshire,E23000019,0,339,339,0,110,113308,113418,0.09698636900668324,0,0,11.461888595473283,0,0,NA,Chi-squared approximation may be incorrect,0
Broxtowe,E07000172,Nottinghamshire,East Midlands,England,Nottinghamshire,E23000019,2,551,553,0.3616636528028933,69,98478,98547,0.07001735212639654,5.181030484104828,0.6135642445348062,19.52111500530709,5.165343187357497,1.269486263830207,21.016982226086558,Chi-squared approximation may be incorrect,0
Gedling,E07000173,Nottinghamshire,East Midlands,England,Nottinghamshire,E23000019,6,771,777,0.7722007722007722,77,104758,104835,0.07344875280202223,10.5841309280746,3.757085082171129,24.222480640575547,10.513463370606228,4.594765908309427,24.05626624964399,Chi-squared approximation may be incorrect,0
Mansfield,E07000174,Nottinghamshire,East Midlands,England,Nottinghamshire,E23000019,5,325,330,1.5151515151515151,308,104133,104441,0.29490334255704176,5.20202070102724,1.6657326646645363,12.393822575068267,5.137790240062968,2.1375222300200027,12.349293111510365,Chi-squared approximation may be incorrect,0
Newark and Sherwood,E07000175,Nottinghamshire,East Midlands,England,Nottinghamshire,E23000019,1,395,396,0.25252525252525254,90,117831,117921,0.07632228356272419,3.3144254254016396,0.08279864905814525,19.048782055748408,3.308670033670034,0.46217789544370363,23.686328358902482,Chi-squared approximation may be incorrect,0
Rushcliffe,E07000176,Nottinghamshire,East Midlands,England,Nottinghamshire,E23000019,4,707,711,0.5625879043600562,71,106668,106739,0.06651739289294446,8.498251786749911,2.2479118886882987,22.816632341112673,8.457756383589865,3.0974483119132623,23.094378288420735,Chi-squared approximation may be incorrect,0
Cherwell,E07000177,Oxfordshire,South East,England,Thames Valley,E23000029,6,1215,1221,0.4914004914004914,424,140875,141299,0.3000728950664902,1.640731218308253,0.5975785923898829,3.6114023773120714,1.6376037272263686,0.733015826047789,3.6585103242380175,Chi-squared approximation may be incorrect,0
Oxford,E07000178,Oxfordshire,South East,England,Thames Valley,E23000029,23,2797,2820,0.8156028368794326,688,113310,113998,0.6035193599887717,1.3542949772422903,0.8512377820581118,2.053164674673979,1.3514112238165925,0.8934874947921655,2.0440267004321977,NA,0
South Oxfordshire,E07000179,Oxfordshire,South East,England,Thames Valley,E23000029,5,921,926,0.5399568034557235,282,138259,138541,0.20354985166845915,2.6615962233684702,0.855550405770155,6.307399486344398,2.6527005499134537,1.0982123986951131,6.4075220930598045,Chi-squared approximation may be incorrect,0
Vale of White Horse,E07000180,Oxfordshire,South East,England,Thames Valley,E23000029,4,1013,1017,0.39331366764995085,333,125521,125854,0.2645923053697141,1.4883655673201708,0.40237566376827943,3.85871269167929,1.4864894392917993,0.5557149281125102,3.976230871880918,Chi-squared approximation may be incorrect,0
West Oxfordshire,E07000181,Oxfordshire,South East,England,Thames Valley,E23000029,2,549,551,0.3629764065335753,244,108237,108481,0.22492418027119956,1.6159809865045383,0.19410192612052757,5.928143018929859,1.6137722769331468,0.40233198935118186,6.4729154795713315,Chi-squared approximation may be incorrect,0
Mendip,E07000187,Somerset,South West,England,Avon and Somerset,E23000036,1,435,436,0.22935779816513763,140,111884,112024,0.12497322002428052,1.8372234954633646,0.04608291532238521,10.456328807604223,1.8352555701179556,0.25729860803532617,13.090482818261288,Chi-squared approximation may be incorrect,0
Sedgemoor,E07000188,Somerset,South West,England,Avon and Somerset,E23000036,7,376,383,1.8276762402088773,278,120494,120772,0.23018580465670851,8.06752226523872,3.192359359153409,17.012688409905923,7.940004132464264,3.7757005399513996,16.697210214759536,Chi-squared approximation may be incorrect,0
South Somerset,E07000189,Somerset,South West,England,Avon and Somerset,E23000036,4,580,584,0.684931506849315,158,166333,166491,0.09490002462595576,7.260598574904115,1.9474849068336924,19.047858843409397,7.217400728281602,2.684560998228518,19.403870244324263,Chi-squared approximation may be incorrect,0
Cannock Chase,E07000192,Staffordshire,West Midlands,England,Staffordshire,E23000015,0,231,231,0,4,97064,97068,0.004120822516174228,0,0,637.3749177707226,0,0,NA,Chi-squared approximation may be incorrect,0
East Staffordshire,E07000193,Staffordshire,West Midlands,England,Staffordshire,E23000015,0,465,465,0,1,106734,106735,9.368997985665433e-4,0,0,7853.5755346113965,0,0,NA,Chi-squared approximation may be incorrect,0
Lichfield,E07000194,Staffordshire,West Midlands,England,Staffordshire,E23000015,0,415,415,0,1,100845,100846,9.916109711837853e-4,0,0,8254.848368194924,0,0,NA,Chi-squared approximation may be incorrect,0
Newcastle-under-Lyme,E07000195,Staffordshire,West Midlands,England,Staffordshire,E23000015,0,409,409,0,1,114390,114391,8.741946481803639e-4,0,0,9319.496919404923,0,0,NA,Chi-squared approximation may be incorrect,0
South Staffordshire,E07000196,Staffordshire,West Midlands,England,Staffordshire,E23000015,0,333,333,0,26,103323,103349,0.025157476124587564,0,0,47.575325618446556,0,0,NA,Chi-squared approximation may be incorrect,0
Stafford,E07000197,Staffordshire,West Midlands,England,Staffordshire,E23000015,0,521,521,0,21,127602,127623,0.01645471427563997,0,0,47.21198291592168,0,0,NA,Chi-squared approximation may be incorrect,0
Tamworth,E07000199,Staffordshire,West Midlands,England,Staffordshire,E23000015,0,228,228,0,3,75179,75182,0.0039903168311563935,0,0,795.0123517772877,0,0,NA,Chi-squared approximation may be incorrect,0
Babergh,E07000200,Suffolk,East of England,England,Suffolk,E23000025,1,375,376,0.26595744680851063,123,89080,89203,0.13788773920159636,1.9312570378078395,0.04837885577442991,11.024464525015185,1.9287969209479328,0.2702493403754292,13.766019029278887,Chi-squared approximation may be incorrect,0
Ipswich,E07000202,Suffolk,East of England,England,Suffolk,E23000025,15,1407,1422,1.0548523206751055,557,116181,116738,0.47713683633435555,2.2235905727643486,1.232841060714942,3.71216171988238,2.210796233590134,1.3273656927628503,3.6821955043021846,NA,0
Mid Suffolk,E07000203,Suffolk,East of England,England,Suffolk,E23000025,1,417,418,0.23923444976076555,114,99229,99343,0.11475393334205732,2.087344256984351,0.05226986986173265,11.932108898070835,2.084760345840678,0.2918421561735074,14.892384830811782,Chi-squared approximation may be incorrect,0
Elmbridge,E07000207,Surrey,South East,England,Surrey,E23000031,7,1774,1781,0.39303761931499154,240,118934,119174,0.2013862084011613,1.9554033484012767,0.7766668194827654,4.099851714016012,1.9516610518435336,0.9218399360905606,4.131933009364455,Chi-squared approximation may be incorrect,0
Epsom and Ewell,E07000208,Surrey,South East,England,Surrey,E23000031,9,1123,1132,0.7950530035335688,179,63913,64092,0.27928602633714034,2.8614150598340533,1.2840283935192716,5.574581265028868,2.8467339163393013,1.4611329041236303,5.546308599009419,Chi-squared approximation may be incorrect,0
Guildford,E07000209,Surrey,South East,England,Surrey,E23000031,6,1282,1288,0.4658385093167702,418,123668,124086,0.33686314330383765,1.384632981797904,0.5043092621698079,3.047687967133705,1.3828717049540848,0.6188823657827013,3.0899800318984467,Chi-squared approximation may be incorrect,0
Mole Valley,E07000210,Surrey,South East,England,Surrey,E23000031,5,667,672,0.744047619047619,98,80796,80894,0.12114619131208743,6.179790271948928,1.9566603157755862,14.983987239582833,6.141733479105928,2.5085760504169707,15.036773599947555,Chi-squared approximation may be incorrect,0
Reigate and Banstead,E07000211,Surrey,South East,England,Surrey,E23000031,15,1618,1633,0.9185548071034906,437,126474,126911,0.34433579437558604,2.682961794185403,1.4852746581076408,4.488079075884483,2.667613481105517,1.59812603493799,4.45281631673813,NA,0
Runnymede,E07000212,Surrey,South East,England,Surrey,E23000031,32,913,945,3.3862433862433865,1072,71927,72999,1.4685132673050316,2.3515913580772057,1.5905714632972843,3.364060410530352,2.30589907604833,1.631935079751432,3.2581997990572193,NA,0
Spelthorne,E07000213,Surrey,South East,England,Surrey,E23000031,9,1065,1074,0.8379888268156425,381,80128,80509,0.47323901675589064,1.777239047677999,0.8042358274709794,3.422190017356041,1.7707517705538205,0.916822781786271,3.4200304521342595,NA,0
Surrey Heath,E07000214,Surrey,South East,England,Surrey,E23000031,7,751,758,0.9234828496042217,104,76501,76605,0.13576137327850663,6.855325397291645,2.680641779705259,14.698079554421344,6.802250355185711,3.174922062198682,14.573778186725324,Chi-squared approximation may be incorrect,0
Tandridge,E07000215,Surrey,South East,England,Surrey,E23000031,1,916,917,0.10905125408942204,84,78127,78211,0.10740177212924013,1.0153777545224705,0.025381031927601286,5.827853040888255,1.0153580516175937,0.1415249173553332,7.284596891134137,Chi-squared approximation may be incorrect,0
Waverley,E07000216,Surrey,South East,England,Surrey,E23000031,0,770,770,0,87,119661,119748,0.07265257039783546,0,0,6.746784698528383,0,0,NA,Chi-squared approximation may be incorrect,0
Woking,E07000217,Surrey,South East,England,Surrey,E23000031,12,1048,1060,1.1320754716981132,217,80920,81137,0.26744888275386075,4.269673280011439,2.1654382073730667,7.6435348520268525,4.232866707242848,2.374578567407621,7.545406501687354,Chi-squared approximation may be incorrect,0
North Warwickshire,E07000218,Warwickshire,West Midlands,England,Warwickshire,E23000017,0,202,202,0,1,62439,62440,0.0016015374759769379,0,0,10144.546382291634,0,0,NA,Chi-squared approximation may be incorrect,0
Nuneaton and Bedworth,E07000219,Warwickshire,West Midlands,England,Warwickshire,E23000017,0,419,419,0,5,116712,116717,0.00428386610348107,0,0,304.3238343671873,0,0,NA,Chi-squared approximation may be incorrect,0
Rugby,E07000220,Warwickshire,West Midlands,England,Warwickshire,E23000017,0,637,637,0,5,97728,97733,0.005115979249588164,0,0,167.80395056830025,0,0,NA,Chi-squared approximation may be incorrect,0
Stratford-on-Avon,E07000221,Warwickshire,West Midlands,England,Warwickshire,E23000017,1,536,537,0.186219739292365,14,128418,128432,0.010900710103401021,17.111196583373353,0.40398255335523764,112.91610709196996,17.083266826283587,2.2504161535274956,129.6817946318726,Chi-squared approximation may be incorrect,0
Warwick,E07000222,Warwickshire,West Midlands,England,Warwickshire,E23000017,1,1117,1118,0.08944543828264759,15,125297,125312,0.011970122574055159,7.478397534931034,0.17748157803813214,48.6935194778303,7.472391174716756,0.9879031828729629,56.52034615943236,Chi-squared approximation may be incorrect,0
Adur,E07000223,West Sussex,South East,England,Sussex,E23000033,2,468,470,0.425531914893617,86,60050,60136,0.14300917919382733,2.9838332127410774,0.3546299717407944,11.171012782559128,2.975556655121227,0.7345080411358791,12.054241631097824,Chi-squared approximation may be incorrect,0
Arun,E07000224,West Sussex,South East,England,Sussex,E23000033,6,694,700,0.8571428571428572,432,157195,157627,0.2740647224143072,3.1458181903815445,1.1441663830505457,6.937167195853601,3.1275198412698417,1.4021110340960803,6.976181001130516,Chi-squared approximation may be incorrect,0
Chichester,E07000225,West Sussex,South East,England,Sussex,E23000033,3,581,584,0.5136986301369862,257,117760,118017,0.21776523721158814,2.365804156640249,0.48332241135784376,7.026984274285095,2.358956079100261,0.758020909188888,7.341055788393088,Chi-squared approximation may be incorrect,0
Crawley,E07000226,West Sussex,South East,England,Sussex,E23000033,8,1454,1462,0.5471956224350205,459,86040,86499,0.5306419727395693,1.0313781404805362,0.44175272131207594,2.0548594511808393,1.0311955151417613,0.5135890648972605,2.0704572256833393,NA,0
Horsham,E07000227,West Sussex,South East,England,Sussex,E23000033,4,996,1000,0.4,190,136919,137109,0.13857587758644582,2.893978945385753,0.7789799984338378,7.554471917283185,2.886505263157895,1.0743957239178359,7.754975609783245,Chi-squared approximation may be incorrect,0
Mid Sussex,E07000228,West Sussex,South East,England,Sussex,E23000033,5,1036,1041,0.48030739673390976,187,140212,140399,0.1331918318506542,3.618941824495974,1.1589600381288774,8.623149391188205,3.606132523745679,1.486713092816759,8.74694104844288,Chi-squared approximation may be incorrect,0
Worthing,E07000229,West Sussex,South East,England,Sussex,E23000033,12,780,792,1.5151515151515151,511,100922,101433,0.5037808208374001,3.0383172641933265,1.5529018913786776,5.384582149743633,3.0075609322184667,1.7040669721383077,5.308138065522377,Chi-squared approximation may be incorrect,0
Bromsgrove,E07000234,Worcestershire,West Midlands,England,West Mercia,E23000016,4,464,468,0.8547008547008548,179,92036,92215,0.19411158705199805,4.432641710783664,1.1896546498726477,11.623517621801598,4.40314186124242,1.6415141319271958,11.810838465011306,Chi-squared approximation may be incorrect,0
Malvern Hills,E07000235,Worcestershire,West Midlands,England,West Mercia,E23000016,0,237,237,0,91,76479,76570,0.11884550084889642,0,0,13.447394883950519,0,0,NA,Chi-squared approximation may be incorrect,0
Redditch,E07000236,Worcestershire,West Midlands,England,West Mercia,E23000016,0,335,335,0,239,77824,78063,0.306162970933733,0,0,3.63330576916155,0,0,NA,Chi-squared approximation may be incorrect,0
Worcester,E07000237,Worcestershire,West Midlands,England,West Mercia,E23000016,2,512,514,0.38910505836575876,313,92938,93251,0.3356532369626063,1.1598654604556236,0.1394779734585014,4.246394769768585,1.1592471500851556,0.28942803073609996,4.643136850161826,Chi-squared approximation may be incorrect,0
Wychavon,E07000238,Worcestershire,West Midlands,England,West Mercia,E23000016,2,413,415,0.48192771084337355,207,127333,127540,0.1623020228947781,2.9787383961109737,0.35717256530965424,10.965118291291708,2.9693265816890753,0.7401448233177765,11.91239885891879,Chi-squared approximation may be incorrect,0
Wyre Forest,E07000239,Worcestershire,West Midlands,England,West Mercia,E23000016,0,284,284,0,207,96716,96923,0.21357159807269688,0,0,6.162810741305178,0,0,NA,Chi-squared approximation may be incorrect,0
St Albans,E07000240,Hertfordshire,East of England,England,Hertfordshire,E23000027,8,1834,1842,0.43431053203040176,214,123360,123574,0.17317558709760952,2.5144648239901555,1.0701228858312337,5.054393347160639,2.507920078744153,1.2400718838207072,5.072014939964121,Chi-squared approximation may be incorrect,0
Welwyn Hatfield,E07000241,Hertfordshire,East of England,England,Hertfordshire,E23000027,9,1369,1378,0.6531204644412192,257,93510,93767,0.2740836328345793,2.39188144278997,1.0791157061124523,4.625078600021806,2.3829239917999923,1.2285040995214158,4.622147173060388,Chi-squared approximation may be incorrect,0
East Hertfordshire,E07000242,Hertfordshire,East of England,England,Hertfordshire,E23000027,4,1203,1207,0.33140016570008285,294,137865,138159,0.2127982976136191,1.5591619872861187,0.4213344673744412,4.045018745172209,1.5573440643863177,0.5815747106090312,4.1702647839337335,Chi-squared approximation may be incorrect,0
Stevenage,E07000243,Hertfordshire,East of England,England,Hertfordshire,E23000027,15,736,751,1.9973368841544608,506,73425,73931,0.6844219610177057,2.957247706857609,1.6344152831101237,4.956511186475305,2.9182828692178546,1.755133305227991,4.852266707835118,NA,0
East Suffolk,E07000244,Suffolk,East of England,England,Suffolk,E23000025,6,996,1002,0.5988023952095809,516,235888,236404,0.2182704184362363,2.7537650476185576,1.0035406896462291,6.05645952377988,2.7433969270760805,1.2297389084288262,6.120182624055013,Chi-squared approximation may be incorrect,0
West Suffolk,E07000245,Suffolk,East of England,England,Suffolk,E23000025,11,1961,1972,0.5578093306288032,505,164188,164693,0.30663112579162444,1.8238316031231836,0.9030874692553562,3.29837091679134,1.8191542987970195,1.0026748214383618,3.3004941303745623,NA,0
Somerset West and Taunton,E07000246,Somerset,South West,England,Avon and Somerset,E23000036,3,508,511,0.5870841487279843,258,149989,150247,0.1717172389465347,3.433119374262054,0.7010422287546031,10.202879641279061,3.4189004687571107,1.0991002581531195,10.634953752907927,Chi-squared approximation may be incorrect,0
Bolton,E08000001,Greater Manchester,North West,England,Greater Manchester,E23000005,0,1326,1326,0,6,212043,212049,0.002829534683021377,0,0,136.11478043738347,0,0,NA,Chi-squared approximation may be incorrect,0
Bury,E08000002,Greater Manchester,North West,England,Greater Manchester,E23000005,0,1085,1085,0,2,160448,160450,0.0012464942349641633,0,0,794.8290383308762,0,0,NA,Chi-squared approximation may be incorrect,0
Manchester,E08000003,Greater Manchester,North West,England,Greater Manchester,E23000005,26,6872,6898,0.37692084662220937,485,311667,312152,0.15537302339885697,2.431182685793921,1.5709649268054926,3.6097448145420374,2.4259091982436267,1.6362046576262563,3.596759983962411,NA,0
Oldham,E08000004,Greater Manchester,North West,England,Greater Manchester,E23000005,0,900,900,0,10,164161,164171,0.006091209775173447,0,0,81.37306255213304,0,0,NA,Chi-squared approximation may be incorrect,0
Rochdale,E08000005,Greater Manchester,North West,England,Greater Manchester,E23000005,0,1035,1035,0,8,165120,165128,0.004844726515188218,0,0,93.6546503325346,0,0,NA,Chi-squared approximation may be incorrect,0
Salford,E08000006,Greater Manchester,North West,England,Greater Manchester,E23000005,0,1963,1963,0,11,221427,221438,0.004967530414833949,0,0,44.99622261532519,0,0,NA,Chi-squared approximation may be incorrect,0
Stockport,E08000007,Greater Manchester,North West,England,Greater Manchester,E23000005,2,1856,1858,0.1076426264800861,44,257264,257308,0.017100129028246307,6.300304855222544,0.7393306255070651,24.18851977783238,6.294842939622272,1.5271665218190333,25.946775985708687,Chi-squared approximation may be incorrect,0
Trafford,E08000009,Greater Manchester,North West,England,Greater Manchester,E23000005,0,2232,2232,0,7,182574,182581,0.0038339148104129125,0,0,56.803643736767754,0,0,NA,Chi-squared approximation may be incorrect,0
Wigan,E08000010,Greater Manchester,North West,England,Greater Manchester,E23000005,0,1027,1027,0,61,312353,312414,0.019525373382754934,0,0,18.993735111649197,0,0,NA,Chi-squared approximation may be incorrect,0
Knowsley,E08000011,Merseyside,North West,England,Merseyside,E23000004,29,659,688,4.215116279069767,6421,140677,147098,4.365117132795823,0.9641243736552348,0.6400192769447538,1.3992782367888856,0.9656364653770513,0.675722309882736,1.379936357921499,NA,0
Liverpool,E08000012,Merseyside,North West,England,Merseyside,E23000004,379,4555,4934,7.6813944061613295,20329,386444,406773,4.9976276694864215,1.5816705356614167,1.4192615513637363,1.758619823870868,1.537008139494054,1.3940059664497124,1.6946799925739016,NA,0
St. Helens,E08000013,Merseyside,North West,England,Merseyside,E23000004,17,474,491,3.462321792260693,4726,171950,176676,2.674953021349815,1.3049010478104959,0.7530953788451991,2.11405506511029,1.2943486351448374,0.8106670360314747,2.0666171372931674,NA,0
Sefton,E08000014,Merseyside,North West,England,Merseyside,E23000004,28,1089,1117,2.5067144136078783,4476,262797,267273,1.6746921686814606,1.509555758209413,0.9972006574545665,2.197260234062546,1.496821004173857,1.0371381741165528,2.1602455434103525,NA,0
Wirral,E08000015,Merseyside,North West,England,Merseyside,E23000004,25,1273,1298,1.9260400616332818,4687,299831,304518,1.5391536789286677,1.2562960240220533,0.8090353122103193,1.8655591785332966,1.2513630627020347,0.8478902516823437,1.8468304259755466,NA,0
Barnsley,E08000016,South Yorkshire,Yorkshire and The Humber,England,South Yorkshire,E23000011,0,540,540,0,12,236379,236391,0.005076335393479447,0,0,157.93024779045447,0,0,NA,Chi-squared approximation may be incorrect,0
Doncaster,E08000017,South Yorkshire,Yorkshire and The Humber,England,South Yorkshire,E23000011,0,885,885,0,60,285352,285412,0.021022241531540368,0,0,20.487900095748074,0,0,NA,Chi-squared approximation may be incorrect,0
Rotherham,E08000018,South Yorkshire,Yorkshire and The Humber,England,South Yorkshire,E23000011,0,788,788,0,5,241023,241028,0.0020744477820004315,0,0,333.7222093775129,0,0,NA,Chi-squared approximation may be incorrect,0
Sheffield,E08000019,South Yorkshire,Yorkshire and The Humber,England,South Yorkshire,E23000011,1,4534,4535,0.02205071664829107,98,437321,437419,0.02240414796796664,0.9842212928509313,0.02466438464896046,5.616289367949383,0.9842247373039624,0.13729516291031277,7.055589672549864,Chi-squared approximation may be incorrect,0
Newcastle upon Tyne,E08000021,Tyne and Wear,North East,England,Northumbria,E23000007,86,1941,2027,4.242723236309817,3226,235413,238639,1.3518326845151043,3.2331847280208725,2.5670281321162864,4.026093861409747,3.138497304369927,2.5449401619356986,3.8704899536990274,NA,0
North Tyneside,E08000022,Tyne and Wear,North East,England,Northumbria,E23000007,6,696,702,0.8547008547008548,1051,196989,198040,0.5307008685114118,1.6157535585862435,0.5895854140373943,3.5466919621404958,1.6105133897712396,0.7243717746510778,3.5806936015443616,Chi-squared approximation may be incorrect,0
South Tyneside,E08000023,Tyne and Wear,North East,England,Northumbria,E23000007,1,672,673,0.1485884101040119,623,138758,139381,0.44697627366714254,0.3314447474625518,0.008368576599599428,1.8597566494122764,0.33243019564538173,0.04682213609130207,2.360204898839626,Chi-squared approximation may be incorrect,0
Sunderland,E08000024,Tyne and Wear,North East,England,Northumbria,E23000007,2,632,634,0.31545741324921134,1902,257135,259037,0.734258040357169,0.42783353053886386,0.051665485848943406,1.5539818834048087,0.4296274550780019,0.10760617776547471,1.7153267032594357,Chi-squared approximation may be incorrect,0
Birmingham,E08000025,West Midlands,West Midlands,England,West Midlands,E23000014,363,11913,12276,2.956989247311828,3738,550351,554089,0.6746208641572022,4.486000460874686,4.010383845727196,5.005375181473466,4.383186771144365,3.9413368479604034,4.874570992498933,NA,0
Coventry,E08000026,West Midlands,West Midlands,England,West Midlands,E23000014,131,2158,2289,5.723023154215815,2119,222717,224836,0.9424647298475333,6.3801092697950805,5.279152920911936,7.6563427652633465,6.072400348755389,5.114953112731081,7.2090682324702735,NA,0
Dudley,E08000027,West Midlands,West Midlands,England,West Midlands,E23000014,43,1279,1322,3.252647503782148,1292,272682,273974,0.4715775949542657,7.096469027644956,5.084069966739018,9.667367017481231,6.897374978337541,5.114909950412545,9.301000809986832,NA,0
Sandwell,E08000028,West Midlands,West Midlands,England,West Midlands,E23000014,26,2422,2448,1.0620915032679739,764,194161,194925,0.3919456201102988,2.7280164007806444,1.7669677050923782,4.038808396878221,2.7097930140642643,1.8368346501054755,3.997626122008227,NA,0
Solihull,E08000029,West Midlands,West Midlands,England,West Midlands,E23000014,36,1269,1305,2.7586206896551726,664,176873,177537,0.3740065451145395,7.5567769733897,5.221713136918759,10.623111304064066,7.3758620689655165,5.297652483108238,10.269329940737215,NA,0
Walsall,E08000030,West Midlands,West Midlands,England,West Midlands,E23000014,39,1438,1477,2.640487474610697,899,201249,202148,0.44472366780774486,6.071031519783207,4.270496632653066,8.405814235240188,5.937366652031181,4.326667030398275,8.147685623362362,NA,0
Wolverhampton,E08000031,West Midlands,West Midlands,England,West Midlands,E23000014,65,1993,2058,3.158406219630709,1060,157941,159001,0.6666624738209194,4.8593551973612366,3.708459900827583,6.272621456170422,4.737639125731154,3.7020851956366707,6.062860063866955,NA,0
Bradford,E08000032,West Yorkshire,Yorkshire and The Humber,England,West Yorkshire,E23000010,70,2856,2926,2.3923444976076556,1965,329607,331572,0.5926314646592595,4.111206558766974,3.18230289074485,5.235170068733188,4.036816538222725,3.189467721083694,5.109281293410176,NA,0
Calderdale,E08000033,West Yorkshire,Yorkshire and The Humber,England,West Yorkshire,E23000010,17,832,849,2.0023557126030624,745,176708,177453,0.41982947597391984,4.845965862928534,2.7944601969484566,7.860615806206005,4.769450043873171,2.963078443824589,7.6770339200471165,Chi-squared approximation may be incorrect,0
Kirklees,E08000034,West Yorkshire,Yorkshire and The Humber,England,West Yorkshire,E23000010,51,2089,2140,2.383177570093458,1201,317286,318487,0.37709545444555037,6.449519201728036,4.758850868003647,8.567960942654581,6.319825768246088,4.790900887069136,8.336677940632772,NA,0
Leeds,E08000035,West Yorkshire,Yorkshire and The Humber,England,West Yorkshire,E23000010,151,5505,5656,2.66973125884017,3581,635732,639313,0.5601325172489844,4.86932493869843,4.101114688784258,5.744650190681819,4.766249372473849,4.0586476115734635,5.597217411984271,NA,0
Wakefield,E08000036,West Yorkshire,Yorkshire and The Humber,England,West Yorkshire,E23000010,18,1015,1033,1.7424975798644726,1353,326881,328234,0.41220592625992436,4.284486465196572,2.520991950882551,6.832604187466794,4.227250189425242,2.665920431037678,6.702992315881012,Chi-squared approximation may be incorrect,0
Gateshead,E08000037,Tyne and Wear,North East,England,Northumbria,E23000007,13,577,590,2.2033898305084745,1074,182044,183118,0.5865070610207626,3.8188885515218756,2.014416313236813,6.61150793255476,3.756800176750939,2.187362217586134,6.452313866704211,Chi-squared approximation may be incorrect,0
City of London,E09000001,Inner London,London,England,"London, City of",E23000034,46,143,189,24.33862433862434,521,5375,5896,8.836499321573948,3.317645292905418,2.2976724605748173,4.718377557421571,2.7543287735226314,2.1144091229296595,3.587918208630931,NA,0
Barking and Dagenham,E09000002,Outer London,London,England,Metropolitan Police,E23000001,47,2373,2420,1.9421487603305785,1281,95952,97233,1.3174539508191663,1.483525583002644,1.0813058826160296,1.9911431467382357,1.474168231172702,1.1049658281442933,1.9667322902179984,NA,0
Barnet,E09000003,Outer London,London,England,Metropolitan Police,E23000001,38,7567,7605,0.4996712689020381,601,222428,223029,0.26947168305467,1.858620460540149,1.301242870862873,2.583148177737606,1.8542626195000442,1.3370143316475687,2.571617805949955,NA,0
Bexley,E09000004,Outer London,London,England,Metropolitan Police,E23000001,16,2330,2346,0.6820119352088662,958,175284,176242,0.5435707720066727,1.2564330788282543,0.7140262534567027,2.05541674188148,1.254688387109405,0.7668250871738285,2.052936158556249,NA,0
Brent,E09000005,Outer London,London,England,Metropolitan Police,E23000001,48,6635,6683,0.7182403112374682,600,114344,114944,0.5219933184855234,1.3786600738588661,1.0042325100574154,1.8536320385083074,1.3759569055813257,1.0265370743900286,1.8443146898926337,NA,0
Bromley,E09000006,Outer London,London,England,Metropolitan Police,E23000001,43,5030,5073,0.8476246796767198,1484,249682,251166,0.5908443021746574,1.4382836689329783,1.0350918536785763,1.950018155814468,1.4345990585962467,1.0607444873495822,1.9402169735217034,NA,0
Camden,E09000007,Inner London,London,England,Metropolitan Police,E23000001,157,4921,5078,3.0917684127609295,2177,121781,123958,1.756240016779877,1.78469056949772,1.5043255060908438,2.104940999968944,1.7604475374782698,1.5008824675033139,2.064902215407124,NA,0
Croydon,E09000008,Outer London,London,England,Metropolitan Police,E23000001,89,9083,9172,0.9703445268207588,1055,186598,187653,0.5622079050161735,1.7330555435958297,1.3783962220878945,2.155573600140574,1.7259531894928517,1.391602041261274,2.140636707905817,NA,0
Ealing,E09000009,Outer London,London,England,Metropolitan Police,E23000001,66,6607,6673,0.9890603926270043,690,156095,156785,0.4400931211531715,2.2598812386421594,1.7259672718654473,2.916113466266559,2.2473888935945636,1.7479269305534024,2.8895697816459083,NA,0
Enfield,E09000010,Outer London,London,England,Metropolitan Police,E23000001,69,7512,7581,0.9101701622477245,700,169689,170389,0.41082464243583805,2.226637324290987,1.7109026893415542,2.857746564990014,2.2154711967889646,1.73191851306903,2.8340320787401234,NA,0
Greenwich,E09000011,Outer London,London,England,Metropolitan Police,E23000001,55,5307,5362,1.0257366654233495,1536,158203,159739,0.9615685587113979,1.0673922893348033,0.7992400728258486,1.3990708249746155,1.0667327421748725,0.8162855996527886,1.3940203572278411,NA,0
Hackney,E09000012,Inner London,London,England,Metropolitan Police,E23000001,64,6248,6312,1.0139416983523446,698,135898,136596,0.5109959296026239,1.9943187641783633,1.5171475795476776,2.5820750073976018,1.984246135073594,1.5380335640130274,2.559913396351048,NA,0
Hammersmith and Fulham,E09000013,Inner London,London,England,Metropolitan Police,E23000001,80,4162,4242,1.885902876001886,571,113530,114101,0.5004338261715497,3.8219627849578033,2.9796190678037724,4.846953917764847,3.768535972936798,2.9883581287211234,4.752396723412944,NA,0
Haringey,E09000014,Inner London,London,England,Metropolitan Police,E23000001,90,6652,6742,1.3349154553544942,1174,147168,148342,0.7914144342128325,1.6960235857535395,1.3513143449338079,2.1060880866667344,1.6867464095246711,1.3631854687199925,2.0871066449350297,NA,0
Harrow,E09000015,Outer London,London,England,Metropolitan Police,E23000001,29,3373,3402,0.8524397413286302,440,93193,93633,0.469919793235291,1.8209234381620953,1.2033205330054184,2.657612008188649,1.8140111431778099,1.2477501401490607,2.6372559070040684,NA,0
Havering,E09000016,Outer London,London,England,Metropolitan Police,E23000001,60,2584,2644,2.26928895612708,1713,194909,196622,0.8712148182807621,2.641904966132116,2.0013074148007917,3.4288992307661847,2.604740999017039,2.019370399479045,3.359797525857854,NA,0
Hillingdon,E09000017,Outer London,London,England,Metropolitan Police,E23000001,41,4069,4110,0.997566909975669,607,145610,146217,0.415136406847357,2.417051114311397,1.7143881213611665,3.3242731176673264,2.4029858463906493,1.7541269178203815,3.291860423149304,NA,0
Hounslow,E09000018,Outer London,London,England,Metropolitan Police,E23000001,27,4491,4518,0.5976095617529881,674,125133,125807,0.5357412544611985,1.1161742389937064,0.7292293486522036,1.640984392928375,1.1154816934044238,0.7601471256414551,1.6369191783372077,NA,0
Islington,E09000019,Inner London,London,England,Metropolitan Police,E23000001,80,5973,6053,1.3216586816454652,1292,132396,133688,0.9664292980671414,1.372474712304004,1.0794011275174558,1.7237673222476797,1.367568930586834,1.0927476932996847,1.7115064999670555,NA,0
Kensington and Chelsea,E09000020,Inner London,London,England,Metropolitan Police,E23000001,63,3402,3465,1.8181818181818181,529,89732,90261,0.5860781511394733,3.141121771783364,2.3741574723467096,4.094580604590577,3.102285616085238,2.3943920359268347,4.019465442318006,NA,0
Kingston upon Thames,E09000021,Outer London,London,England,Metropolitan Police,E23000001,42,2760,2802,1.4989293361884368,713,113612,114325,0.6236606166630221,2.4246904089541124,1.7282671975616901,3.3201933462116786,2.403437536602287,1.764656214073388,3.2734489280576873,NA,0
Lambeth,E09000022,Inner London,London,England,Metropolitan Police,E23000001,86,8649,8735,0.9845449341728677,815,172280,173095,0.4708397122967157,2.101873795919496,1.6612530747954461,2.6305425902716477,2.0910405568178225,1.67612411864484,2.6086675572642863,NA,0
Lewisham,E09000023,Inner London,London,England,Metropolitan Police,E23000001,78,7316,7394,1.0549093859886394,983,152617,153600,0.6399739583333334,1.6552583626561355,1.2955974764874822,2.0887111570107284,1.6483629876689216,1.3104987952603189,2.07333310716786,NA,0
Merton,E09000024,Outer London,London,England,Metropolitan Police,E23000001,31,4247,4278,0.7246376811594203,412,128198,128610,0.3203483399424617,2.271349807576872,1.5212613698010087,3.279307734140537,2.262030392570705,1.5722578717835791,3.254416205344909,NA,0
Newham,E09000025,Inner London,London,England,Metropolitan Police,E23000001,131,5394,5525,2.3710407239819005,1589,103663,105252,1.5097100292631018,1.5843587173115314,1.3128039829985398,1.898631731516217,1.5705272390216676,1.3169457293830147,1.8729365633499542,NA,0
Redbridge,E09000026,Outer London,London,England,Metropolitan Police,E23000001,48,4240,4288,1.1194029850746268,770,105915,106685,0.7217509490556311,1.557161251420032,1.1363534322829194,2.08929509069348,1.5509546423725529,1.1605480072559053,2.0726934927790195,NA,0
Richmond upon Thames,E09000027,Outer London,London,England,Metropolitan Police,E23000001,18,3547,3565,0.5049088359046283,384,156242,156626,0.2451700228569969,2.064911810249813,1.2092585794681316,3.3126547561029405,2.059423211781206,1.2852096577687708,3.3000249722573134,NA,0
Southwark,E09000028,Inner London,London,England,Metropolitan Police,E23000001,130,7398,7528,1.7268862911795961,1329,155156,156485,0.849282678851008,2.051492931130944,1.6973843663440364,2.461851122831846,2.0333468869468705,1.7007383947859323,2.431002660569046,NA,0
Sutton,E09000029,Outer London,London,England,Metropolitan Police,E23000001,14,3035,3049,0.45916693998032143,491,142203,142694,0.3440929541536435,1.335964551542386,0.7240863893575126,2.2667314762228856,1.334427033269898,0.78543050185369645,2.2671585874483835,NA,0
Tower Hamlets,E09000030,Inner London,London,England,Metropolitan Police,E23000001,75,5131,5206,1.4406454091432963,1425,118506,119931,1.188183205343072,1.2155796058375434,0.9489162887269846,1.5366809126469951,1.2124775057120327,0.9628411526100564,1.5268372128388374,NA,0
Waltham Forest,E09000031,Outer London,London,England,Metropolitan Police,E23000001,61,6135,6196,0.9845061329890251,1030,144399,145429,0.7082493862984687,1.3939138779549693,1.0571025449837856,1.8081860422361629,1.390055751596708,1.0750063167568682,1.7974359428662807,NA,0
Wandsworth,E09000032,Inner London,London,England,Metropolitan Police,E23000001,68,6920,6988,0.9730967372638809,721,219519,220240,0.3273701416636397,2.9917924950719677,2.2950899826645954,3.8452526767984327,2.9724663719139683,2.3207697796283795,3.8071662298076854,NA,0
Westminster,E09000033,Inner London,London,England,Metropolitan Police,E23000001,392,5075,5467,7.170294494238156,2792,108388,111180,2.5112430293218204,2.9985238672339554,2.680789799069237,3.3470404271932432,2.8552770124262117,2.5779663157002464,3.1624178981854083,NA,0
North Somerset,E06000024,NA,South West,England,Avon and Somerset,E23000036,4,936,940,0.425531914893617,312,206761,207073,0.15067150232043772,2.8319458164280555,0.7652219523390299,7.34653480559566,2.8242362247681396,1.0555663825821333,7.556426942833182,Chi-squared approximation may be incorrect,0
South Cambridgeshire,E07000012,Cambridgeshire,East of England,England,Cambridgeshire,E23000023,18,1353,1371,1.312910284463895,465,143167,143632,0.3237440124763284,4.095877304943745,2.3987797775252893,6.571899943132174,4.0553963436154445,2.540186939248793,6.474420937174468,Chi-squared approximation may be incorrect,0
South Hams,E07000044,Devon,South West,England,Devon & Cornwall,E23000035,0,318,318,0,113,86182,86295,0.13094617301118255,0,0,9.045065840369919,0,0,NA,Chi-squared approximation may be incorrect,0
Torridge,E07000046,Devon,South West,England,Devon & Cornwall,E23000035,0,166,166,0,55,66795,66850,0.08227374719521316,0,0,28.227258443207052,0,0,NA,Chi-squared approximation may be incorrect,0
Broadland,E07000144,Norfolk,East of England,England,Norfolk,E23000024,0,478,478,0,113,126655,126768,0.08913921494383441,0,0,8.826566657615675,0,0,NA,Chi-squared approximation may be incorrect,0
Plymouth,E06000026,NA,South West,England,Devon & Cornwall,E23000035,19,1320,1339,1.4189693801344287,1320,247074,248394,0.5314138022657553,2.694121910915906,1.6116345157107925,4.241664961712747,2.670177880372055,1.7031335090175526,4.186312978447024,NA,0
Portsmouth,E06000044,NA,South East,England,Hampshire,E23000030,37,1490,1527,2.4230517354289454,1257,175578,176835,0.7108321316481466,3.4684551113288236,2.421035245111224,4.829835348461028,3.4087538077532025,2.4677995414256664,4.708487187399031,NA,0
Isle of Wight,E06000046,NA,South East,England,Hampshire,E23000030,6,426,432,1.3888888888888888,540,135537,136077,0.39683414537357525,3.5347347731743985,1.2843605357261867,7.808926822570412,3.4999228395061728,1.5741551827768603,7.781608837883766,Chi-squared approximation may be incorrect,0
North Norfolk,E07000147,Norfolk,East of England,England,Norfolk,E23000024,0,249,249,0,55,100834,100889,0.0545153584632616,0,0,28.307840108801727,0,0,NA,Chi-squared approximation may be incorrect,0
Northumberland,E06000057,NA,North East,England,Northumbria,E23000007,2,626,628,0.3184713375796179,999,311790,312789,0.31938463309131715,0.9971461659359749,0.12032352335350088,3.626261123949544,0.9971404525544653,0.2495881224118993,3.983719547677964,Chi-squared approximation may be incorrect,0
Cornwall,E06000052,NA,South West,England,Devon & Cornwall,E23000035,11,1985,1996,0.5511022044088176,898,550226,551124,0.16293973769968284,3.3954175498482106,1.6861353324125696,6.117990095449647,3.3822455601626418,1.8693796922516404,6.1194550666489205,Chi-squared approximation may be incorrect,0
Isles of Scilly,E06000053,NA,South West,England,Devon & Cornwall,E23000035,0,5,5,0,12,1991,2003,0.5991013479780329,0,0,198.84379197751238,0,0,NA,Chi-squared approximation may be incorrect,0
Conwy,W06000003,NA,Wales,Wales,North Wales,W15000001,0,282,282,0,285,110768,111053,0.2566342196969015,0,0,5.151141424216271,0,0,NA,Chi-squared approximation may be incorrect,0
Denbighshire,W06000004,NA,Wales,Wales,North Wales,W15000001,0,227,227,0,461,91933,92394,0.49895014827802675,0,0,3.280228959728785,0,0,NA,Chi-squared approximation may be incorrect,0
Flintshire,W06000005,NA,Wales,Wales,North Wales,W15000001,2,367,369,0.5420054200542005,415,150620,151035,0.27477074850200284,1.977860698819701,0.2378371750131821,7.24094450581697,1.9725732197081007,0.49354591741478576,7.883856333957825,Chi-squared approximation may be incorrect,0
Wrexham,W06000006,NA,Wales,Wales,North Wales,W15000001,0,338,338,0,380,129114,129494,0.29344988957017315,0,0,3.7466313672668288,0,0,NA,Chi-squared approximation may be incorrect,0
Carmarthenshire,W06000010,NA,Wales,Wales,Dyfed-Powys,W15000004,3,426,429,0.6993006993006993,995,181151,182146,0.5462650840534516,1.2821172313839677,0.2629089522499192,3.7832531070112063,1.2801489967319113,0.41381056027881324,3.9602214422211865,Chi-squared approximation may be incorrect,0
Swansea,W06000011,NA,Wales,Wales,South Wales,W15000003,4,1176,1180,0.3389830508474576,665,217177,217842,0.30526712020638813,1.1108214696728158,0.3012486681270743,2.8652658929239494,1.1104473047024341,0.4162390350753044,2.9624641434646177,Chi-squared approximation may be incorrect,0
Neath Port Talbot,W06000012,NA,Wales,Wales,South Wales,W15000003,0,344,344,0,124,137184,137308,0.09030792087860867,0,0,12.108630562634394,0,0,NA,Chi-squared approximation may be incorrect,0
Bridgend,W06000013,NA,Wales,Wales,South Wales,W15000003,0,393,393,0,210,140477,140687,0.14926752294099668,0,0,6.364012285637859,0,0,NA,Chi-squared approximation may be incorrect,0
Vale of Glamorgan,W06000014,NA,Wales,Wales,South Wales,W15000003,7,764,771,0.9079118028534372,229,124497,124726,0.18360245658483396,4.9815055482816755,1.9736286957653149,10.479646122572987,4.944987228065406,2.338901023212121,10.454866812682685,Chi-squared approximation may be incorrect,0
Rhondda Cynon Taf,W06000016,NA,Wales,Wales,South Wales,W15000003,1,600,601,0.16638935108153077,378,229448,229826,0.1644722529217756,1.0116773794480791,0.025504685913147425,5.692443412621481,1.0116560582450764,0.1423690290580049,7.1886981807467825,Chi-squared approximation may be incorrect,0
Caerphilly,W06000018,NA,Wales,Wales,Gwent,W15000002,0,433,433,0,4,171867,171871,0.002327326890516725,0,0,608.8623490085354,0,0,NA,Chi-squared approximation may be incorrect,0
Torfaen,W06000020,NA,Wales,Wales,Gwent,W15000002,0,262,262,0,3,89297,89300,0.00335946248600224,0,0,813.5176715825232,0,0,NA,Chi-squared approximation may be incorrect,0
Newport,W06000022,NA,Wales,Wales,Gwent,W15000002,2,1093,1095,0.182648401826484,8,135891,135899,0.005886724699961001,31.08380000637436,3.2113885452046462,156.61070532962603,31.02716894977169,6.596355142108229,145.941992554694,Chi-squared approximation may be incorrect,0
Powys,W06000023,NA,Wales,Wales,Dyfed-Powys,W15000004,1,319,320,0.3125,565,129441,130006,0.43459532636955217,0.7181805901204015,0.01809495990675546,4.046049365277402,0.7190597345132744,0.10142467505871659,5.097841343824595,Chi-squared approximation may be incorrect,0
Merthyr Tydfil,W06000024,NA,Wales,Wales,South Wales,W15000003,0,164,164,0,104,56954,57058,0.18227067194784255,0,0,12.682787169030316,0,0,NA,Chi-squared approximation may be incorrect,0
Ceredigion,W06000008,NA,Wales,Wales,Dyfed-Powys,W15000004,3,254,257,1.1673151750972763,476,68214,68690,0.6929684087931286,1.6925749620884372,0.3455220278041101,5.032939127137648,1.684514272635124,0.5449610557145576,5.2069561759615475,Chi-squared approximation may be incorrect,0
Cardiff,W06000015,NA,Wales,Wales,South Wales,W15000003,41,3983,4024,1.0188866799204772,1081,284584,285665,0.37841527663521957,2.7098184327944765,1.9304398483047145,3.7077667553975875,2.692509374833331,1.9742409401836816,3.6720982662282737,NA,0
Monmouthshire,W06000021,NA,Wales,Wales,Gwent,W15000002,0,295,295,0,5,90046,90051,0.005552409190347692,0,0,333.7906554342838,0,0,NA,Chi-squared approximation may be incorrect,0
Gwynedd,W06000002,NA,Wales,Wales,North Wales,W15000001,3,342,345,0.8695652173913043,297,112534,112831,0.2632255319903218,3.3236150043835315,0.6781954564659589,9.890568810639282,3.3034987556726687,1.0646185569400837,10.250717458934034,Chi-squared approximation may be incorrect,0
Isle of Anglesey,W06000001,NA,Wales,Wales,North Wales,W15000001,0,173,173,0,256,67244,67500,0.37925925925925924,0,0,5.701160089503743,0,0,NA,Chi-squared approximation may be incorrect,0
Pembrokeshire,W06000009,NA,Wales,Wales,Dyfed-Powys,W15000004,2,315,317,0.6309148264984227,1123,118644,119767,0.9376539447427088,0.6707900555936053,0.0807803841726219,2.4490285742911087,0.6728653252469865,0.1688134670903013,2.681940924046956,Chi-squared approximation may be incorrect,0
