la,la_code,county,region,country,force,force_code,Mixed_Black_stopped,Mixed_Black_not_stopped,Mixed_Black_population,Mixed_Black_stop_rate,White_stopped,White_not_stopped,White_population,White_stop_rate,or,or_ci_low,or_ci_upp,rr,rr_ci_low,rr_ci_upp,warning,stats_altered_flag
Hartlepool,E06000001,NA,North East,England,Cleveland,E23000013,2,256,258,0.7751937984496124,943,88069,89012,1.0594077203073742,0.7296299883615628,0.08775784316609239,2.6701536370426036,0.7317237580869237,0.1837217539526315,2.914296465332552,Chi-squared approximation may be incorrect,0
Middlesbrough,E06000002,NA,North East,England,Cleveland,E23000013,23,1197,1220,1.8852459016393444,1802,116265,118067,1.5262520433313287,1.2397275049541963,0.7807573177868883,1.8751036947833815,1.235212696275541,0.8218876825930823,1.8563977017230624,NA,0
Redcar and Cleveland,E06000003,NA,North East,England,Cleveland,E23000013,5,480,485,1.0309278350515463,1539,131748,133287,1.154651241306354,0.8917323403441446,0.28781746195553876,2.100037792833804,0.8928478125439601,0.37278799867266577,2.138419743132644,NA,0
Stockton-on-Tees,E06000004,NA,North East,England,Cleveland,E23000013,9,872,881,1.0215664018161181,1957,178692,180649,1.0833162652436492,0.942411207680597,0.42883528039449936,1.800952954352035,0.9429992280106281,0.49156679156786987,1.8090065465821108,NA,0
Darlington,E06000005,NA,North East,England,Durham,E23000008,3,579,582,0.5154639175257731,653,100534,101187,0.6453398163795744,0.797706844529956,0.1635845456212099,2.3532068427165598,0.7987480462891334,0.25769939062784974,2.4757467989982853,Chi-squared approximation may be incorrect,0
Halton,E06000006,NA,North West,England,Cheshire,E23000006,4,868,872,0.45871559633027525,827,122990,123817,0.6679212062963891,0.6853392458000902,0.1858772593610516,1.7676576860092121,0.6867810035166347,0.25773373286601997,1.830059812296698,NA,0
Warrington,E06000007,NA,North West,England,Cheshire,E23000006,7,1371,1378,0.5079825834542816,545,196478,197023,0.27661745075448047,1.8407315837494862,0.7351636244913903,3.8288839927600162,1.8364083034846406,0.8729803073153646,3.863083083143428,Chi-squared approximation may be incorrect,0
Blackburn with Darwen,E06000008,NA,North West,England,Lancashire,E23000003,0,599,599,0,601,92547,93148,0.6452097736934771,0,0,0.9541799043984495,0,0,NA,Chi-squared approximation may be incorrect,0
Blackpool,E06000009,NA,North West,England,Lancashire,E23000003,6,1040,1046,0.5736137667304015,1687,131420,133107,1.2674014139000953,0.4494204385758324,0.16430035959862457,0.9836194741842237,0.4525904424907147,0.20351224528969364,1.0065149069647377,NA,0
"Kingston upon Hull, City of",E06000010,NA,Yorkshire and The Humber,England,Humberside,E23000012,3,2089,2092,0.14340344168260039,608,243644,244252,0.24892324320783454,0.5754871870093818,0.11822563211656169,1.6921601344692505,0.5760950236489887,0.18543699541999784,1.7897479169215322,NA,0
East Riding of Yorkshire,E06000011,NA,Yorkshire and The Humber,England,Humberside,E23000012,0,1254,1254,0,547,332173,332720,0.16440250060110603,0,0,1.7950576363195914,0,0,NA,Chi-squared approximation may be incorrect,0
North East Lincolnshire,E06000012,NA,Yorkshire and The Humber,England,Humberside,E23000012,0,683,683,0,612,150226,150838,0.4057333032790145,0,0,1.333332801032537,0,0,NA,Chi-squared approximation may be incorrect,0
North Lincolnshire,E06000013,NA,Yorkshire and The Humber,England,Humberside,E23000012,4,641,645,0.6201550387596899,459,159199,159658,0.2874895088251137,2.1644382419566055,0.5854292720201814,5.606241291970958,2.1571397206600125,0.8086272773118898,5.754507552500464,Chi-squared approximation may be incorrect,0
York,E06000014,NA,Yorkshire and The Humber,England,North Yorkshire,E23000009,4,1121,1125,0.35555555555555557,74,187503,187577,0.039450465675429286,9.041247759444067,2.396122669870342,24.211904541402912,9.01270870870871,3.3009978026955014,24.60738331958433,Chi-squared approximation may be incorrect,0
Derby,E06000015,NA,East Midlands,England,Derbyshire,E23000018,17,5085,5102,0.33320266562132494,438,190862,191300,0.22895974908520647,1.4567795261251308,0.840247491287083,2.3621499812795546,1.4552892678849194,0.8971831798524942,2.3605735158445826,NA,0
Leicester,E06000016,NA,East Midlands,England,Leicestershire,E23000021,71,6730,6801,1.0439641229230996,1276,148085,149361,0.8543060102704187,1.2243412034891936,0.9489366615081836,1.5576787400218808,1.2220025498739582,0.96342656064718,1.5499782680844305,NA,0
Rutland,E06000017,NA,East Midlands,England,Leicestershire,E23000021,3,326,329,0.911854103343465,50,38755,38805,0.12884937508053088,7.133085742308332,1.4156728461751649,22.24186791711987,7.076899696048631,2.218567358062025,22.574256817553447,Chi-squared approximation may be incorrect,0
Nottingham,E06000018,NA,East Midlands,England,Nottinghamshire,E23000019,10,12248,12258,0.08157937673356176,902,211129,212031,0.42540949200824407,0.19110753820171886,0.09130412041566441,0.3532050966341526,0.19176670541234847,0.10285542266041904,0.35753554215725414,NA,0
"Herefordshire, County of",E06000019,NA,West Midlands,England,West Mercia,E23000016,0,753,753,0,270,180386,180656,0.149455318395182,0,0,3.3034659657477747,0,0,NA,Chi-squared approximation may be incorrect,0
Telford and Wrekin,E06000020,NA,West Midlands,England,West Mercia,E23000016,2,2757,2759,0.07249003262051468,465,162783,163248,0.2848426933254925,0.25397051217175826,0.030653005899610685,0.9234119718996904,0.2544914590372856,0.06349086390766608,1.0200822407632475,NA,0
Stoke-on-Trent,E06000021,NA,West Midlands,England,Staffordshire,E23000015,0,3060,3060,0,15,214961,214976,0.006977523072342959,0,0,19.597582639043043,0,0,NA,Chi-squared approximation may be incorrect,0
Bath and North East Somerset,E06000022,NA,South West,England,Avon and Somerset,E23000036,12,2088,2100,0.5714285714285714,283,177736,178019,0.158971795145462,3.6097717766046613,1.840031048403378,6.417866790944493,3.594528016153458,2.020516131438693,6.394718387975491,Chi-squared approximation may be incorrect,0
"Bristol, City of",E06000023,NA,South West,England,Avon and Somerset,E23000036,59,10276,10335,0.5708756652152879,1179,380724,381903,0.30871713497930103,1.8541293088554958,1.4014937911678216,2.4108571414758857,1.8491868462486352,1.4247620795553861,2.400044218895878,NA,0
South Gloucestershire,E06000025,NA,South West,England,Avon and Somerset,E23000036,11,3605,3616,0.30420353982300885,292,263748,264040,0.11058930465081049,2.755955037216885,1.3595044677277872,5.010695380005859,2.7507500909201115,1.5080076694694426,5.017631021305841,Chi-squared approximation may be incorrect,0
Torbay,E06000027,NA,South West,England,Devon & Cornwall,E23000035,5,864,869,0.5753739930955121,806,132997,133803,0.6023781230615157,0.954911687952735,0.3084431779694004,2.2463265292390697,0.9551707989846007,0.39749681669714415,2.2952416646093745,NA,0
Swindon,E06000030,NA,South West,England,Wiltshire,E23000038,4,3019,3023,0.13231888852133644,163,189265,189428,0.08604852503325802,1.5383998109956725,0.41393472307935436,4.018856377833185,1.537724074528817,0.5706501183127088,4.143686741671258,Chi-squared approximation may be incorrect,0
Peterborough,E06000031,NA,East of England,England,Cambridgeshire,E23000023,6,3611,3617,0.16588332872546308,514,160578,161092,0.31907233133861396,0.5190954381726179,0.18948265791039104,1.1387762863960798,0.5198925523549086,0.23263914840149838,1.1618348324058794,NA,0
Luton,E06000032,NA,East of England,England,Bedfordshire,E23000026,19,4735,4754,0.39966344131257886,655,100097,100752,0.6501111640463713,0.6132109895832353,0.36646877495490127,0.9665027971653911,0.614761695253816,0.38995902911894814,0.9691580749014178,NA,0
Southend-on-Sea,E06000033,NA,East of England,England,Essex,E23000028,15,2610,2625,0.5714285714285714,1158,156574,157732,0.7341566708087135,0.7770738071718705,0.43284209322227984,1.2894871383802389,0.7783469035282508,0.46839284877074416,1.2934098029505523,NA,0
Thurrock,E06000034,NA,East of England,England,Essex,E23000028,20,2788,2808,0.7122507122507122,726,133508,134234,0.5408465813430279,1.3191864459500577,0.7996992815303362,2.056729778386813,1.316918210857605,0.8458714324603505,2.050280347030975,NA,0
Medway,E06000035,NA,South East,England,Kent,E23000032,19,3800,3819,0.4975124378109453,1057,233472,234529,0.4506905329404893,1.1044074824097707,0.6615046624830507,1.7358190395759077,1.1038892575909478,0.702084035367491,1.735649055724303,NA,0
Bracknell Forest,E06000036,NA,South East,England,Thames Valley,E23000029,3,1532,1535,0.19543973941368079,244,106700,106944,0.22815679233991623,0.8563230398180858,0.17517586505051846,2.5369030717139602,0.8566027660596999,0.2746695427334353,2.671458551679483,Chi-squared approximation may be incorrect,0
West Berkshire,E06000037,NA,South East,England,Thames Valley,E23000029,16,1539,1555,1.0289389067524115,1051,146985,148036,0.7099624415682672,1.4539195434815784,0.8258520319693016,2.3799563261257783,1.4492863939105614,0.8868311647778784,2.368467792965267,NA,0
Reading,E06000038,NA,South East,England,Thames Valley,E23000029,57,4747,4804,1.186511240632806,761,115445,116206,0.6548715212639623,1.8214912002181418,1.3643535847688053,2.390141183247959,1.8118229333636775,1.3864332981267908,2.367731896152392,NA,0
Slough,E06000039,NA,South East,England,Thames Valley,E23000029,30,2648,2678,1.1202389843166543,543,55997,56540,0.9603820304209408,1.1683327070415443,0.7790155108865536,1.6915888665114966,1.166451421238741,0.8093081382523176,1.681200094006323,NA,0
Windsor and Maidenhead,E06000040,NA,South East,England,Thames Valley,E23000029,20,1523,1543,1.2961762799740766,546,121521,122067,0.4472953378062867,2.922634622580925,1.7659984320589288,4.574627763143943,2.8978086074651204,1.8599933315012465,4.514690769735866,NA,0
Wokingham,E06000041,NA,South East,England,Thames Valley,E23000029,13,1958,1971,0.6595636732623034,222,141119,141341,0.15706695155687309,4.219996706841191,2.2082173056420547,7.38388680334788,4.199251763178704,2.404615369324055,7.333278991523847,Chi-squared approximation may be incorrect,0
Milton Keynes,E06000042,NA,South East,England,Thames Valley,E23000029,38,5510,5548,0.684931506849315,872,204508,205380,0.424578829486805,1.617410183357029,1.1354971406314072,2.2408995250153065,1.6132022118889027,1.1670925396375456,2.2298329293163515,NA,0
Brighton and Hove,E06000043,NA,South East,England,Sussex,E23000033,52,4692,4744,1.0961214165261384,1392,234195,235587,0.5908645213870035,1.8646340270308224,1.3834465702389551,2.463386594502928,1.8551146275513173,1.4086253346656845,2.443126782304847,NA,0
Southampton,E06000045,NA,South East,England,Hampshire,E23000030,53,3655,3708,1.4293419633225457,1827,198084,199911,0.913906688476372,1.5721420502473316,1.1707903471477896,2.070120105077074,1.5639911397360342,1.1925346088456117,2.0511507733437138,NA,0
County Durham,E06000047,NA,North East,England,Durham,E23000008,8,1812,1820,0.43956043956043955,2141,502375,504516,0.42436711620642364,1.0359763241386064,0.44599244187223364,2.049261053736887,1.0358023107205732,0.5181234555874407,2.070715802043079,NA,0
Cheshire East,E06000049,NA,North West,England,Cheshire,E23000006,14,2822,2836,0.4936530324400564,789,374991,375780,0.20996327638511894,2.3577378966010607,1.2814234286964807,3.986479022915233,2.351139879978763,1.387833378843317,3.9830853036794074,NA,0
Cheshire West and Chester,E06000050,NA,North West,England,Cheshire,E23000006,7,2078,2085,0.3357314148681055,742,339044,339786,0.21837274048960229,1.5391977801258754,0.6159088439682923,3.193009337054625,1.5374236459888693,0.7313022278740644,3.232140388956602,Chi-squared approximation may be incorrect,0
Shropshire,E06000051,NA,West Midlands,England,West Mercia,E23000016,2,1524,1526,0.1310615989515072,480,311889,312369,0.15366441612323886,0.8527152921285363,0.10287776087182343,3.102387505731714,0.8529079292267366,0.21288976903136003,3.4170356755409963,Chi-squared approximation may be incorrect,0
Wiltshire,E06000054,NA,South West,England,Wiltshire,E23000038,2,3638,3640,0.054945054945054944,75,480367,480442,0.015610625215946984,3.5208916518186317,0.41857394354714017,13.180914801130728,3.5197216117216117,0.8645895409712072,14.328695452531205,Chi-squared approximation may be incorrect,0
Bedford,E06000055,NA,East of England,England,Bedfordshire,E23000026,20,4557,4577,0.4369674459252786,581,138902,139483,0.41653821612669645,1.049283196807846,0.6355390023839551,1.6376232443609025,1.0490452712563791,0.6724101597350293,1.636643892440639,NA,0
Central Bedfordshire,E06000056,NA,East of England,England,Bedfordshire,E23000026,14,4202,4216,0.33206831119544594,434,264378,264812,0.16388985393411176,2.0295758420521066,1.0993320210286643,3.4462282790962218,2.0261675950296874,1.1910227505679374,3.4469157882926713,NA,0
"Bournemouth, Christchurch and Poole",E06000058,NA,South West,England,Dorset,E23000039,26,4473,4499,0.577906201378084,531,363626,364157,0.14581622761611063,3.980450045855215,2.5733587463576764,5.9056073279287125,3.963250255654217,2.676433939698109,5.868761547208201,NA,0
Dorset,E06000059,NA,South West,England,Dorset,E23000039,6,1606,1612,0.37220843672456577,346,367328,367674,0.0941051039779805,3.966251788449484,1.4433921367170202,8.739710755985925,3.9552417561927165,1.7673231788766195,8.851769465205763,Chi-squared approximation may be incorrect,0
Buckinghamshire,E06000060,NA,South East,England,Thames Valley,E23000029,53,7789,7842,0.6758479979597042,985,440006,440991,0.22336056744922234,3.03953382652223,2.2585522352161145,4.012691634719276,3.0258160859720595,2.2972538273939813,3.9854381248385593,NA,0
North Northamptonshire,E06000061,NA,East Midlands,England,Northamptonshire,E23000022,54,4290,4344,1.2430939226519337,1593,321970,323563,0.4923307053031403,2.543947991283611,1.8994204516057014,3.342678389846708,2.524916502793645,1.9283506335962142,3.306039490437724,NA,0
West Northamptonshire,E06000062,NA,East Midlands,England,Northamptonshire,E23000022,78,6338,6416,1.21571072319202,1404,362605,364009,0.3857047490584024,3.1783391698775003,2.4936596179571815,4.000125379404273,3.151920545857578,2.5126767634392624,3.9537927328945415,NA,0
Cambridge,E07000008,Cambridgeshire,East of England,England,Cambridgeshire,E23000023,14,2148,2162,0.6475485661424607,368,107207,107575,0.342086916105043,1.898763565296771,1.0260956584224137,3.233706618817208,1.8929357881188915,1.111973465426713,3.2223843547977604,NA,0
East Cambridgeshire,E07000009,Cambridgeshire,East of England,England,Cambridgeshire,E23000023,0,639,639,0,87,82442,82529,0.10541748960971294,0,0,5.60320064652082,0,0,NA,Chi-squared approximation may be incorrect,0
Fenland,E07000010,Cambridgeshire,East of England,England,Cambridgeshire,E23000023,1,635,636,0.15723270440251574,260,97260,97520,0.2666119770303527,0.5890999563586268,0.014837710743099837,3.3231095036376836,0.5897435897435898,0.08288937254447605,4.195923928089061,Chi-squared approximation may be incorrect,0
Huntingdonshire,E07000011,Cambridgeshire,East of England,England,Cambridgeshire,E23000023,3,1643,1646,0.18226002430133656,439,166277,166716,0.2633220566712253,0.6915954131672739,0.14193719807977892,2.0380294509842525,0.692156314610971,0.22260625347199822,2.1521424325849203,Chi-squared approximation may be incorrect,0
Allerdale,E07000026,Cumbria,North West,England,Cumbria,E23000002,1,210,211,0.47393364928909953,980,93601,94581,1.036148909400408,0.4548360256437444,0.011452204236529318,2.567723422953646,0.457399168198085,0.06466698135198935,3.2352522832251243,Chi-squared approximation may be incorrect,0
Barrow-in-Furness,E07000027,Cumbria,North West,England,Cumbria,E23000002,3,179,182,1.6483516483516485,941,64433,65374,1.4394101630617677,1.1475865036971276,0.23401102399067678,3.418818642341994,1.145157711576415,0.3721457857910737,3.5238506909202436,Chi-squared approximation may be incorrect,0
Carlisle,E07000028,Cumbria,North West,England,Cumbria,E23000002,1,346,347,0.2881844380403458,2097,104139,106236,1.9739071501186038,0.14353958498907782,0.003625297331269467,0.8058922169885246,0.14599695736601898,0.02061438805641869,1.0339919624001785,NA,0
Copeland,E07000029,Cumbria,North West,England,Cumbria,E23000002,0,158,158,0,611,65069,65680,0.9302679658952496,0,0,2.5232300660014206,0,0,NA,Chi-squared approximation may be incorrect,0
Eden,E07000030,Cumbria,North West,England,Cumbria,E23000002,3,111,114,2.631578947368421,820,52800,53620,1.5292801193584484,1.7402494022769663,0.3527832750403467,5.237075927716862,1.720795892169448,0.5622132558938261,5.266931135943293,Chi-squared approximation may be incorrect,0
South Lakeland,E07000031,Cumbria,North West,England,Cumbria,E23000002,0,373,373,0,836,101082,101918,0.8202672736906139,0,0,1.204389318244451,0,0,NA,Chi-squared approximation may be incorrect,0
Amber Valley,E07000032,Derbyshire,East Midlands,England,Derbyshire,E23000018,3,785,788,0.3807106598984772,173,122493,122666,0.14103337518138684,2.7058210129513216,0.5514666649678189,8.070055225611016,2.6994366362489366,0.8640189654284098,8.433794215975169,Chi-squared approximation may be incorrect,0
Bolsover,E07000033,Derbyshire,East Midlands,England,Derbyshire,E23000018,0,390,390,0,82,77931,78013,0.10511068668042506,0,0,9.23765235659231,0,0,NA,Chi-squared approximation may be incorrect,0
Chesterfield,E07000034,Derbyshire,East Midlands,England,Derbyshire,E23000018,2,777,779,0.25673940949935814,182,98607,98789,0.1842310378685886,1.3945511407220796,0.16735360145952735,5.128288389284226,1.3935730508259392,0.34651041424389945,5.604581473333039,Chi-squared approximation may be incorrect,0
Derbyshire Dales,E07000035,Derbyshire,East Midlands,England,Derbyshire,E23000018,3,246,249,1.2048192771084338,215,69678,69893,0.3076130656861202,3.952078075990011,0.8031690180652142,11.840670961268085,3.9166713365088266,1.2618806442970532,12.156707868972315,Chi-squared approximation may be incorrect,0
Erewash,E07000036,Derbyshire,East Midlands,England,Derbyshire,E23000018,0,1177,1177,0,106,107565,107671,0.09844805007847982,0,0,3.241430336122284,0,0,NA,Chi-squared approximation may be incorrect,0
High Peak,E07000037,Derbyshire,East Midlands,England,Derbyshire,E23000018,0,509,509,0,116,88466,88582,0.13095211216725744,0,0,5.635366262768329,0,0,NA,Chi-squared approximation may be incorrect,0
North East Derbyshire,E07000038,Derbyshire,East Midlands,England,Derbyshire,E23000018,0,562,562,0,73,99234,99307,0.07350942028255812,0,0,9.181858987708972,0,0,NA,Chi-squared approximation may be incorrect,0
South Derbyshire,E07000039,Derbyshire,East Midlands,England,Derbyshire,E23000018,2,973,975,0.20512820512820512,87,99627,99714,0.08724953366628557,2.3537232880919494,0.28021680880070127,8.783571761965764,2.35105216622458,0.5795748609588187,9.53707046431408,Chi-squared approximation may be incorrect,0
East Devon,E07000040,Devon,South West,England,Devon & Cornwall,E23000035,1,609,610,0.16393442622950818,233,146411,146644,0.15888819181146177,1.0318245365918617,0.025970856060303672,5.827282609667708,1.0317596566523606,0.14496118768297578,7.343537991862184,Chi-squared approximation may be incorrect,0
Exeter,E07000041,Devon,South West,England,Devon & Cornwall,E23000035,11,976,987,1.1144883485309016,719,117034,117753,0.610600154560818,1.8345905575975001,0.9086360522754586,3.3168058545104473,1.825234304653119,1.0096041850729793,3.2997884875464725,NA,0
Mid Devon,E07000042,Devon,South West,England,Devon & Cornwall,E23000035,2,314,316,0.6329113924050633,84,80795,80879,0.10385885087599994,6.125879414580201,0.7267631292192138,23.0104444524571,6.093957203134419,1.505838996278914,24.6615438206884,Chi-squared approximation may be incorrect,0
North Devon,E07000043,Devon,South West,England,Devon & Cornwall,E23000035,0,433,433,0,200,95327,95527,0.2093648916013274,0,0,4.1156734603541265,0,0,NA,Chi-squared approximation may be incorrect,0
Teignbridge,E07000045,Devon,South West,England,Devon & Cornwall,E23000035,4,499,503,0.7952286282306162,203,131295,131498,0.15437497148245602,5.1851873847156345,1.3937141375918494,13.56249241043411,5.151279515028057,1.9223268104975573,13.80393827784124,Chi-squared approximation may be incorrect,0
West Devon,E07000047,Devon,South West,England,Devon & Cornwall,E23000035,0,179,179,0,60,55713,55773,0.10757893604432252,0,0,19.93530629872855,0,0,NA,Chi-squared approximation may be incorrect,0
Eastbourne,E07000061,East Sussex,South East,England,Sussex,E23000033,7,1160,1167,0.5998286203941731,588,91541,92129,0.638235517589467,0.9394607742194678,0.3751999627965027,1.9541201812961184,0.939823315787326,0.44708050268624855,1.9756349462578606,NA,0
Hastings,E07000062,East Sussex,South East,England,Sussex,E23000033,3,1159,1162,0.25817555938037867,302,82597,82899,0.36429872495446264,0.7079401585922332,0.14498395287558596,2.0940290256796126,0.7086919104991395,0.2276258916582159,2.2064459378858734,Chi-squared approximation may be incorrect,0
Lewes,E07000063,East Sussex,South East,England,Sussex,E23000033,4,932,936,0.4273504273504274,137,93797,93934,0.1458470841228948,2.9382893915612907,0.7877132208052258,7.720698727270243,2.930126645455113,1.0864843276078706,7.902223658678241,Chi-squared approximation may be incorrect,0
Rother,E07000064,East Sussex,South East,England,Sussex,E23000033,3,683,686,0.43731778425655976,93,88685,88778,0.10475568271418594,4.188444847919374,0.8462766493138416,12.675251553973036,4.174644973196652,1.3255054400219852,13.147935969200558,Chi-squared approximation may be incorrect,0
Wealden,E07000065,East Sussex,South East,England,Sussex,E23000033,3,910,913,0.32858707557502737,159,153149,153308,0.10371278733008062,3.175294833808197,0.6467561622883924,9.478768679352353,3.1682407158651764,1.0129020937783502,9.909890892043519,Chi-squared approximation may be incorrect,0
Basildon,E07000066,Essex,East of England,England,Essex,E23000028,24,2601,2625,0.9142857142857144,1158,162440,163598,0.7078326140906368,1.2943560800148028,0.8243616626789668,1.9399829005019158,1.29166938070565,0.8637934552603798,1.9314915838874889,NA,0
Braintree,E07000067,Essex,East of England,England,Essex,E23000028,7,1274,1281,0.546448087431694,982,145771,146753,0.669151567599981,0.8156216911210438,0.3264186612691938,1.6918368709064233,0.81662827061979,0.38908151569553945,1.7139897565766433,NA,0
Brentwood,E07000068,Essex,East of England,England,Essex,E23000028,4,950,954,0.41928721174004197,292,67730,68022,0.4292728823027844,0.9766405590982321,0.2637790959507514,2.5358865728822617,0.9767381752390799,0.36489826699289585,2.6144751818948513,Chi-squared approximation may be incorrect,0
Castle Point,E07000069,Essex,East of England,England,Essex,E23000028,2,665,667,0.29985007496251875,341,84577,84918,0.40156386160766855,0.7459462141529609,0.08978550896822336,2.726074007106488,0.7467058259726442,0.18638208320250402,2.991540715507991,Chi-squared approximation may be incorrect,0
Chelmsford,E07000070,Essex,East of England,England,Essex,E23000028,19,2057,2076,0.9152215799614644,911,159388,160299,0.5683129651463826,1.6160334718083171,0.9664137553843953,2.544989486491533,1.6104182661497561,1.0245466090035327,2.531311869228825,NA,0
Colchester,E07000071,Essex,East of England,England,Essex,E23000028,35,2375,2410,1.4522821576763485,1180,166102,167282,0.7053956791525687,2.0744103817436637,1.4343437963749766,2.9099644677155223,2.058819185596737,1.4745818340125962,2.874534556991567,NA,0
Epping Forest,E07000072,Essex,East of England,England,Essex,E23000028,6,2063,2069,0.28999516674722087,314,112853,113167,0.2774660457553881,1.0453084991887864,0.38028230420770986,2.304859725902813,1.0451555106777943,0.466534310201341,2.3414141631485546,NA,0
Harlow,E07000073,Essex,East of England,England,Essex,E23000028,9,1629,1638,0.5494505494505495,668,76171,76839,0.8693501997683468,0.6299932749736361,0.28628458184320393,1.2061748985436043,0.6320244127130356,0.3280098713313303,1.217813526903765,NA,0
Maldon,E07000074,Essex,East of England,England,Essex,E23000028,0,337,337,0,141,63768,63909,0.22062620288222315,0,0,5.043471336423722,0,0,NA,Chi-squared approximation may be incorrect,0
Rochford,E07000075,Essex,East of England,England,Essex,E23000028,3,626,629,0.47694753577106513,301,81680,81981,0.367158243983362,1.300450235016135,0.26596573553029457,3.854717959679011,1.2990244495032455,0.41774323347672115,4.039477806410106,Chi-squared approximation may be incorrect,0
Tendring,E07000076,Essex,East of England,England,Essex,E23000028,5,1240,1245,0.4016064257028112,751,141759,142510,0.5269805627675251,0.7611315216136347,0.24598217257674726,1.7890109509504142,0.7620896368429777,0.3168409762892981,1.8330350492707992,NA,0
Uttlesford,E07000077,Essex,East of England,England,Essex,E23000028,6,754,760,0.7894736842105263,283,85825,86108,0.32865703535095464,2.413355214857216,0.8753979346175955,5.342217496503427,2.402120141342756,1.0734968449939033,5.375126345599378,Chi-squared approximation may be incorrect,0
Cheltenham,E07000078,Gloucestershire,South West,England,Gloucestershire,E23000037,7,1024,1031,0.6789524733268671,326,107995,108321,0.3009573397586802,2.264526610983299,0.9010087962149024,4.736036875106708,2.255975793350907,1.069713568267285,4.757747242964371,Chi-squared approximation may be incorrect,0
Cotswold,E07000079,Gloucestershire,South West,England,Gloucestershire,E23000037,1,458,459,0.2178649237472767,60,87322,87382,0.06866402691629855,3.177529034053595,0.07897855710669158,18.48087154796211,3.172912127814089,0.44067397104500883,22.84539598959314,Chi-squared approximation may be incorrect,0
Forest of Dean,E07000080,Gloucestershire,South West,England,Gloucestershire,E23000037,2,390,392,0.5102040816326531,136,84567,84703,0.16056101909023293,3.1886737330273878,0.3809552824422604,11.819534802534793,3.1776335534213684,0.789472810786469,12.789997149832654,Chi-squared approximation may be incorrect,0
Gloucester,E07000081,Gloucestershire,South West,England,Gloucestershire,E23000037,25,3238,3263,0.7661661048115231,461,111480,111941,0.41182408590239505,1.8671081920646624,1.1938202730097267,2.7966930961585668,1.8604208229654382,1.2458640995154475,2.778124548150594,NA,0
Stroud,E07000082,Gloucestershire,South West,England,Gloucestershire,E23000037,3,835,838,0.35799522673031026,114,116402,116516,0.09784063991211507,3.668636496552448,0.7439875524547918,11.030192211381987,3.658962441904284,1.165111528959472,11.490750729436703,Chi-squared approximation may be incorrect,0
Tewkesbury,E07000083,Gloucestershire,South West,England,Gloucestershire,E23000037,4,779,783,0.5108556832694764,115,89650,89765,0.12811229321004847,4.00277441781445,1.0698052525247652,10.573278089675394,3.9875617746682215,1.4751884749588862,10.778723652405386,Chi-squared approximation may be incorrect,0
Basingstoke and Deane,E07000084,Hampshire,South East,England,Hampshire,E23000030,35,2137,2172,1.6114180478821363,588,162792,163380,0.35989717223650386,4.534494281117543,3.1193428154653544,6.3981206222092535,4.47744014732965,3.192095356569139,6.28034818310264,NA,0
East Hampshire,E07000085,Hampshire,South East,England,Hampshire,E23000030,2,619,621,0.322061191626409,267,119365,119632,0.22318443225892737,1.4444158879520013,0.17361751455425292,5.29161911829493,1.44302713395695,0.3598367039187221,5.786867450315334,Chi-squared approximation may be incorrect,0
Eastleigh,E07000086,Hampshire,South East,England,Hampshire,E23000030,15,1029,1044,1.4367816091954022,348,125440,125788,0.27665596082297195,5.255060897284407,2.8986992305374346,8.830258339184246,5.193387501651474,3.108486399511755,8.676658114555714,Chi-squared approximation may be incorrect,0
Fareham,E07000087,Hampshire,South East,England,Hampshire,E23000030,5,569,574,0.8710801393728222,275,109057,109332,0.2515274576519226,3.484593580528204,1.1182737229299087,8.277595560216973,3.4631612290148874,1.4355359042682025,8.354709668000858,Chi-squared approximation may be incorrect,0
Gosport,E07000088,Hampshire,South East,England,Hampshire,E23000030,3,506,509,0.5893909626719057,390,77675,78065,0.4995836802664446,1.1808252923806821,0.2416456067195085,3.4962184095394773,1.1797642436149312,0.3801206985201018,3.6615834810655707,Chi-squared approximation may be incorrect,0
Hart,E07000089,Hampshire,South East,England,Hampshire,E23000030,1,706,707,0.14144271570014144,179,91449,91628,0.19535513161915574,0.7236399154515019,0.01819494098933534,4.097259964168157,0.7240286678308693,0.10157457783635462,5.160912533503242,Chi-squared approximation may be incorrect,0
Havant,E07000090,Hampshire,South East,England,Hampshire,E23000030,4,720,724,0.5524861878453038,532,118477,119009,0.4470250149148384,1.237223474410384,0.3349609991793007,3.2002689221608076,1.2359178332571759,0.4634169063738674,3.2961527073222237,Chi-squared approximation may be incorrect,0
New Forest,E07000091,Hampshire,South East,England,Hampshire,E23000030,6,799,805,0.7453416149068323,501,169022,169523,0.2955351191283778,2.533408644864542,0.9225503539032389,5.576990735537527,2.522006917841336,1.1310086075208596,5.623758167129816,Chi-squared approximation may be incorrect,0
Rushmoor,E07000092,Hampshire,South East,England,Hampshire,E23000030,19,1100,1119,1.6979445933869526,461,76460,76921,0.5993161815369015,2.864691754325815,1.7023937436392136,4.547521994609884,2.8331365741413834,1.7974638243806995,4.465549035738226,NA,0
Test Valley,E07000093,Hampshire,South East,England,Hampshire,E23000030,5,827,832,0.6009615384615385,355,120843,121198,0.2929091239129359,2.0580409168467493,0.6624274993997311,4.8673478123790686,2.0516996208017337,0.8509790264428071,4.946621718274381,Chi-squared approximation may be incorrect,0
Winchester,E07000094,Hampshire,South East,England,Hampshire,E23000030,9,716,725,1.2413793103448276,498,118346,118844,0.4190367204065834,2.987009870357479,1.352334348269827,5.749037605353542,2.9624594931449937,1.5386068635953023,5.703969256979264,Chi-squared approximation may be incorrect,0
Broxbourne,E07000095,Hertfordshire,East of England,England,Hertfordshire,E23000027,0,1760,1760,0,199,79764,79963,0.2488651001088003,0,0,0.8488508129647933,0,0,NA,Chi-squared approximation may be incorrect,0
Dacorum,E07000096,Hertfordshire,East of England,England,Hertfordshire,E23000027,8,2225,2233,0.35826242722794444,397,133809,134206,0.2958138980373456,1.2118624502891857,0.518924891986985,2.4154358894861656,1.2111074888804412,0.6022315860450416,2.435576916938039,NA,0
Hertsmere,E07000098,Hertfordshire,East of England,England,Hertfordshire,E23000027,10,1446,1456,0.6868131868131868,212,82484,82696,0.25636064622230825,2.690560365631042,1.269054153800539,5.061155204423676,2.679089778146382,1.423833360105264,5.0409845986736785,Chi-squared approximation may be incorrect,0
North Hertfordshire,E07000099,Hertfordshire,East of England,England,Hertfordshire,E23000027,7,2322,2329,0.30055817947617003,247,116253,116500,0.21201716738197424,1.418838917972904,0.5639183466369528,2.972231664382907,1.4176124659503566,0.6695657939881972,3.0013855571201358,Chi-squared approximation may be incorrect,0
Three Rivers,E07000102,Hertfordshire,East of England,England,Hertfordshire,E23000027,6,1105,1111,0.54005400540054,153,71987,72140,0.21208760742999722,2.5545689253305466,0.9211494584782037,5.7077026879831925,2.5463722842872523,1.1287765423989153,5.744282917508394,Chi-squared approximation may be incorrect,0
Watford,E07000103,Hertfordshire,East of England,England,Hertfordshire,E23000027,8,1984,1992,0.4016064257028112,310,61495,61805,0.5015775422700428,0.7998843795851166,0.3418226111325894,1.598946893354625,0.8006866174374918,0.39744355681050125,1.6130568689761517,NA,0
Ashford,E07000105,Kent,South East,England,Kent,E23000032,9,1204,1213,0.741962077493817,312,115819,116131,0.268662114336396,2.7747784852654283,1.2539547610727264,5.353553221650109,2.7616922442767455,1.427015549755353,5.344681810514181,Chi-squared approximation may be incorrect,0
Canterbury,E07000106,Kent,South East,England,Kent,E23000032,13,1631,1644,0.7907542579075426,774,139118,139892,0.5532839619134761,1.4325867524983842,0.7576936329752344,2.4715150578339182,1.4292014812299993,0.8278977208443824,2.4672333580852666,NA,0
Dartford,E07000107,Kent,South East,England,Kent,E23000032,14,1713,1727,0.8106543138390272,636,85833,86469,0.7355237137008639,1.1029785778450203,0.5982350176635608,1.8695594218573857,1.1021457211218058,0.6504109209244079,1.867627297617721,NA,0
Dover,E07000108,Kent,South East,England,Kent,E23000032,0,708,708,0,461,109468,109929,0.41936158793403017,0,0,1.2454720967701751,0,0,NA,Chi-squared approximation may be incorrect,0
Gravesham,E07000109,Kent,South East,England,Kent,E23000032,15,1307,1322,1.13464447806354,393,80829,81222,0.4838590529659452,2.36034254266235,1.3047237329886772,3.9558068348299664,2.344989664052846,1.4042801794005215,3.9158685034365135,NA,0
Maidstone,E07000110,Kent,South East,England,Kent,E23000032,14,1575,1589,0.881057268722467,1207,155375,156582,0.7708421146747391,1.1442486926645419,0.6221974218383728,1.9332892362109333,1.1429801926354708,0.6764547099096162,1.9312508311629197,NA,0
Sevenoaks,E07000111,Kent,South East,England,Kent,E23000032,3,989,992,0.3024193548387097,451,110022,110473,0.4082445484417007,0.7399952564679614,0.15180229370615436,2.182748154888695,0.740779897718332,0.23843160227094393,2.301518974988893,Chi-squared approximation may be incorrect,0
Folkestone and Hythe,E07000112,Kent,South East,England,Kent,E23000032,2,855,857,0.2333722287047841,477,100854,101331,0.47073452349231726,0.49460618012051016,0.05963210989375204,1.8019769855372418,0.4957618722617291,0.12383101476471302,1.984800289777586,Chi-squared approximation may be incorrect,0
Swale,E07000113,Kent,South East,England,Kent,E23000032,6,1223,1229,0.4882017900732303,550,140689,141239,0.3894108567746869,1.2549331170780056,0.4576702028486874,2.7570508723683758,1.253693320511872,0.5618902040602298,2.7972492322140683,Chi-squared approximation may be incorrect,0
Thanet,E07000114,Kent,South East,England,Kent,E23000032,19,1614,1633,1.1635027556644213,1132,129022,130154,0.8697389246584815,1.3417315232211822,0.802638798936578,2.1121074163179907,1.3377609333988258,0.8523374249853751,2.0996430081182984,NA,0
Tonbridge and Malling,E07000115,Kent,South East,England,Kent,E23000032,4,1082,1086,0.3683241252302026,365,122385,122750,0.2973523421588595,1.2395565014934484,0.3353357995430761,3.210232180816877,1.2386790786851334,0.4632543246455401,3.3120594419625617,Chi-squared approximation may be incorrect,0
Tunbridge Wells,E07000116,Kent,South East,England,Kent,E23000032,3,843,846,0.3546099290780142,397,104713,105110,0.3776995528493959,0.9386507364580365,0.19236101372333872,2.7725537911907985,0.938867749254158,0.3021241800143732,2.9175839237615255,Chi-squared approximation may be incorrect,0
Burnley,E07000117,Lancashire,North West,England,Lancashire,E23000003,1,355,356,0.2808988764044944,462,77461,77923,0.5928929840996882,0.47231055641276415,0.011901532918694528,2.661535986832202,0.47377669147332063,0.06678085105195779,3.361208338132216,Chi-squared approximation may be incorrect,0
Chorley,E07000118,Lancashire,North West,England,Lancashire,E23000003,0,885,885,0,294,112179,112473,0.2613960683897469,0,0,1.6038187558538606,0,0,NA,Chi-squared approximation may be incorrect,0
Fylde,E07000119,Lancashire,North West,England,Lancashire,E23000003,0,472,472,0,107,78121,78228,0.13677966968348929,0,0,5.827584177960635,0,0,NA,Chi-squared approximation may be incorrect,0
Hyndburn,E07000120,Lancashire,North West,England,Lancashire,E23000003,4,303,307,1.3029315960912053,485,67369,67854,0.7147699472396616,1.8337778807005964,0.4944210152686016,4.774372262118829,1.8228684643540751,0.6857817810048488,4.8453451671867755,Chi-squared approximation may be incorrect,0
Lancaster,E07000121,Lancashire,North West,England,Lancashire,E23000003,1,764,765,0.130718954248366,712,131952,132664,0.5366942049086414,0.24258003921955756,0.006128122258339257,1.3599826452256965,0.24356319306748914,0.034306144429966996,1.7292246040161636,Chi-squared approximation may be incorrect,0
Pendle,E07000122,Lancashire,North West,England,Lancashire,E23000003,0,326,326,0,152,67202,67354,0.22567330819253498,0,0,5.092951208167552,0,0,NA,Chi-squared approximation may be incorrect,0
Preston,E07000123,Lancashire,North West,England,Lancashire,E23000003,20,2245,2265,0.8830022075055187,1853,105106,106959,1.732439532905132,0.5053188067993645,0.3073378126198025,0.7846465250308802,0.5096871727608353,0.32870043752963923,0.7903275579105639,NA,0
Ribble Valley,E07000124,Lancashire,North West,England,Lancashire,E23000003,0,248,248,0,80,59154,59234,0.13505756828848298,0,0,11.339929130810347,0,0,NA,Chi-squared approximation may be incorrect,0
Rossendale,E07000125,Lancashire,North West,England,Lancashire,E23000003,0,418,418,0,93,65375,65468,0.1420541333170404,0,0,6.3557806695076815,0,0,NA,Chi-squared approximation may be incorrect,0
South Ribble,E07000126,Lancashire,North West,England,Lancashire,E23000003,2,985,987,0.2026342451874367,216,105622,105838,0.2040854891437858,0.9928746666596963,0.11931039425633688,3.6395263060438947,0.9928890389883298,0.24708319569069156,3.98986519899665,Chi-squared approximation may be incorrect,0
West Lancashire,E07000127,Lancashire,North West,England,Lancashire,E23000003,0,654,654,0,356,113339,113695,0.3131184308896609,0,0,1.8101912448238169,0,0,NA,Chi-squared approximation may be incorrect,0
Wyre,E07000128,Lancashire,North West,England,Lancashire,E23000003,0,504,504,0,659,108378,109037,0.6043819987710594,0,0,1.2115430983494213,0,0,NA,Chi-squared approximation may be incorrect,0
Blaby,E07000129,Leicestershire,East Midlands,England,Leicestershire,E23000021,1,1317,1318,0.07587253414264036,138,88470,88608,0.1557421451787649,0.4867524123507181,0.012230114031046239,2.762257916908524,0.4871676453123969,0.06819067607827263,3.4804217862102376,Chi-squared approximation may be incorrect,0
Charnwood,E07000130,Leicestershire,East Midlands,England,Leicestershire,E23000021,5,1879,1884,0.2653927813163482,415,150809,151224,0.27442733957572873,0.9669911069838277,0.3119938818266147,2.278732187292614,0.9670785051032152,0.40088076561852243,2.33296509896073,NA,0
Harborough,E07000131,Leicestershire,East Midlands,England,Leicestershire,E23000021,1,783,784,0.12755102040816327,90,88546,88636,0.10153887810821788,1.2565000784487965,0.03142713343078282,7.201555945870662,1.2561791383219953,0.17525846964801833,9.003764729456734,Chi-squared approximation may be incorrect,0
Hinckley and Bosworth,E07000132,Leicestershire,East Midlands,England,Leicestershire,E23000021,5,848,853,0.5861664712778429,262,106790,107052,0.24474087359414118,2.403378059461431,0.7718863071988494,5.701712258890468,2.3950493543219706,0.9911650977992261,5.787392455984205,Chi-squared approximation may be incorrect,0
Melton,E07000133,Leicestershire,East Midlands,England,Leicestershire,E23000021,2,280,282,0.7092198581560284,164,49936,50100,0.3273453093812375,2.1749711977941613,0.2599123754171625,8.055824143312734,2.1665801764400623,0.539961281101388,8.693344921636431,Chi-squared approximation may be incorrect,0
North West Leicestershire,E07000134,Leicestershire,East Midlands,England,Leicestershire,E23000021,3,701,704,0.4261363636363636,271,99986,100257,0.2703053153395773,1.5789333209368508,0.32283291586232005,4.682885444278994,1.5765001257967124,0.5065119376986003,4.906799744798824,Chi-squared approximation may be incorrect,0
Oadby and Wigston,E07000135,Leicestershire,East Midlands,England,Leicestershire,E23000021,5,730,735,0.6802721088435374,74,36490,36564,0.2023848594245706,3.3772250874698835,1.0620968303568856,8.277168939235164,3.361279646993933,1.3629060641620099,8.289786921039504,Chi-squared approximation may be incorrect,0
Boston,E07000136,Lincolnshire,East Midlands,England,Lincolnshire,E23000020,1,458,459,0.2178649237472767,170,66228,66398,0.2560318081869936,0.8506055401864753,0.021364981340124666,4.827191918870861,0.8509291298218634,0.11943274211459048,6.06266230816898,Chi-squared approximation may be incorrect,0
East Lindsey,E07000137,Lincolnshire,East Midlands,England,Lincolnshire,E23000020,3,709,712,0.42134831460674155,421,138505,138926,0.303039027971726,1.392027602188133,0.2852295113883779,4.112708878078287,1.3904094051082228,0.4477044762405078,4.318112541664341,Chi-squared approximation may be incorrect,0
Lincoln,E07000138,Lincolnshire,East Midlands,England,Lincolnshire,E23000020,6,837,843,0.7117437722419928,765,94596,95361,0.8022147418756096,0.8864160807758814,0.3233519717781797,1.9464512555709887,0.8872235015002441,0.3984889864849768,1.9753759032535523,NA,0
North Kesteven,E07000139,Lincolnshire,East Midlands,England,Lincolnshire,E23000020,2,589,591,0.338409475465313,213,114431,114644,0.18579254038589024,1.824294447541433,0.21897978134567678,6.700965618031052,1.8214373664434436,0.4536536911588341,7.313142479678075,Chi-squared approximation may be incorrect,0
South Holland,E07000140,Lincolnshire,East Midlands,England,Lincolnshire,E23000020,0,546,546,0,125,91157,91282,0.13693827917880852,0,0,5.017521784786393,0,0,NA,Chi-squared approximation may be incorrect,0
South Kesteven,E07000141,Lincolnshire,East Midlands,England,Lincolnshire,E23000020,2,847,849,0.23557126030624262,354,136890,137244,0.25793477310483515,0.9130936420401903,0.10997074113188879,3.332825876445525,0.9132977980076261,0.22789558179886724,3.6600659883864615,Chi-squared approximation may be incorrect,0
West Lindsey,E07000142,Lincolnshire,East Midlands,England,Lincolnshire,E23000020,2,488,490,0.40816326530612246,166,91861,92027,0.1803818444586915,2.2679025789493665,0.2716269019551647,8.366056092895015,2.2627735431522007,0.562813467975595,9.0974086423454,Chi-squared approximation may be incorrect,0
Breckland,E07000143,Norfolk,East of England,England,Norfolk,E23000024,1,970,971,0.10298661174047373,374,135734,136108,0.27478179093073146,0.3741598780959811,0.009440911141070983,2.102417779051514,0.37479416445915503,0.05271024448672448,2.6649594795185383,Chi-squared approximation may be incorrect,0
Great Yarmouth,E07000145,Norfolk,East of England,England,Norfolk,E23000024,1,777,778,0.12853470437017994,259,93853,94112,0.27520401224073443,0.46638318307429333,0.011750287159609844,2.629132423328107,0.4670524362041071,0.06562557451631465,3.3239781864303826,Chi-squared approximation may be incorrect,0
King's Lynn and West Norfolk,E07000146,Norfolk,East of England,England,Norfolk,E23000024,2,877,879,0.22753128555176336,525,146482,147007,0.3571258511499453,0.6362919188198852,0.07673314668512753,2.3168400365020934,0.6371179370496776,0.1591739535878328,2.5501613584439187,Chi-squared approximation may be incorrect,0
Norwich,E07000148,Norfolk,East of England,England,Norfolk,E23000024,7,1898,1905,0.3674540682414698,528,124465,124993,0.4224236557247206,0.8693918469700026,0.34735288780940304,1.807434930577003,0.8698709536307961,0.4132396474002023,1.8310815061695849,NA,0
South Norfolk,E07000149,Norfolk,East of England,England,Norfolk,E23000024,2,758,760,0.2631578947368421,117,135135,135252,0.08650519031141869,3.0473716706178418,0.3641049250538831,11.294621220612534,3.0421052631578944,0.7532714285133914,12.285617218214243,Chi-squared approximation may be incorrect,0
Craven,E07000163,North Yorkshire,Yorkshire and The Humber,England,North Yorkshire,E23000009,0,213,213,0,2,55081,55083,0.0036308843018717212,0,0,1384.6771109864733,0,0,NA,Chi-squared approximation may be incorrect,0
Hambleton,E07000164,North Yorkshire,Yorkshire and The Humber,England,North Yorkshire,E23000009,0,253,253,0,3,88635,88638,0.0033845529005618355,0,0,829.6780556282923,0,0,NA,Chi-squared approximation may be incorrect,0
Harrogate,E07000165,North Yorkshire,Yorkshire and The Humber,England,North Yorkshire,E23000009,0,867,867,0,12,155044,155056,0.007739139407697864,0,0,64.39871164951614,0,0,NA,Chi-squared approximation may be incorrect,0
Richmondshire,E07000166,North Yorkshire,Yorkshire and The Humber,England,North Yorkshire,E23000009,0,184,184,0,3,46941,46944,0.006390593047034766,0,0,626.5867799021313,0,0,NA,Chi-squared approximation may be incorrect,0
Ryedale,E07000167,North Yorkshire,Yorkshire and The Humber,England,North Yorkshire,E23000009,0,162,162,0,3,53614,53617,0.005595240315571554,0,0,797.6585032899525,0,0,NA,Chi-squared approximation may be incorrect,0
Scarborough,E07000168,North Yorkshire,Yorkshire and The Humber,England,North Yorkshire,E23000009,0,387,387,0,4,105260,105264,0.003799969600243198,0,0,412.5309950060173,0,0,NA,Chi-squared approximation may be incorrect,0
Selby,E07000169,North Yorkshire,Yorkshire and The Humber,England,North Yorkshire,E23000009,0,352,352,0,12,89643,89655,0.013384641124309853,0,0,92.08586832111138,0,0,NA,Chi-squared approximation may be incorrect,0
Ashfield,E07000170,Nottinghamshire,East Midlands,England,Nottinghamshire,E23000019,0,1223,1223,0,229,119797,120026,0.1907919950677353,0,0,1.5930070989029907,0,0,NA,Chi-squared approximation may be incorrect,0
Bassetlaw,E07000171,Nottinghamshire,East Midlands,England,Nottinghamshire,E23000019,0,681,681,0,110,113308,113418,0.09698636900668324,0,0,5.6889823736744685,0,0,NA,Chi-squared approximation may be incorrect,0
Broxtowe,E07000172,Nottinghamshire,East Midlands,England,Nottinghamshire,E23000019,0,1463,1463,0,69,98478,98547,0.07001735212639654,0,0,3.7011675121223533,0,0,NA,Chi-squared approximation may be incorrect,0
Gedling,E07000173,Nottinghamshire,East Midlands,England,Nottinghamshire,E23000019,3,2491,2494,0.12028869286287089,77,104758,104835,0.07344875280202223,1.6384669511872438,0.33043599914795185,4.976558788855188,1.6377227423739051,0.5171468055399359,5.186410806672924,Chi-squared approximation may be incorrect,0
Mansfield,E07000174,Nottinghamshire,East Midlands,England,Nottinghamshire,E23000019,0,869,869,0,308,104133,104441,0.29490334255704176,0,0,1.446944653326807,0,0,NA,Chi-squared approximation may be incorrect,0
Newark and Sherwood,E07000175,Nottinghamshire,East Midlands,England,Nottinghamshire,E23000019,0,913,913,0,90,117831,117921,0.07632228356272419,0,0,5.4113143908431205,0,0,NA,Chi-squared approximation may be incorrect,0
Rushcliffe,E07000176,Nottinghamshire,East Midlands,England,Nottinghamshire,E23000019,0,1366,1366,0,71,106668,106739,0.06651739289294446,0,0,4.16988615216098,0,0,NA,Chi-squared approximation may be incorrect,0
Cherwell,E07000177,Oxfordshire,South East,England,Thames Valley,E23000029,18,1937,1955,0.9207161125319693,424,140875,141299,0.3000728950664902,3.0874223306690487,1.8082368751035431,4.953399203495807,3.0683081600154414,1.9185523129561781,4.907093177100342,NA,0
Oxford,E07000178,Oxfordshire,South East,England,Thames Valley,E23000029,44,2944,2988,1.4725568942436411,688,113310,113998,0.6035193599887717,2.4613172977685807,1.7680201589304687,3.348891885828835,2.4399497213660846,1.8028557963554557,3.3021801604040513,NA,0
South Oxfordshire,E07000179,Oxfordshire,South East,England,Thames Valley,E23000029,9,1178,1187,0.7582139848357203,282,138259,138541,0.20354985166845915,3.745811928448086,1.690967216359811,7.236910718548233,3.724954740181756,1.922936722389494,7.215675718731255,Chi-squared approximation may be incorrect,0
Vale of White Horse,E07000180,Oxfordshire,South East,England,Thames Valley,E23000029,7,1162,1169,0.5988023952095809,333,125521,125854,0.2645923053697141,2.270689025340507,0.9038826132019064,4.745791847244616,2.263113412814012,1.0729563138907923,4.773430430439669,Chi-squared approximation may be incorrect,0
West Oxfordshire,E07000181,Oxfordshire,South East,England,Thames Valley,E23000029,2,770,772,0.2590673575129534,244,108237,108481,0.22492418027119956,1.1521896479705345,0.13850713100089637,4.221063488940543,1.1517986069820776,0.28695047187831346,4.623236973133259,Chi-squared approximation may be incorrect,0
Mendip,E07000187,Somerset,South West,England,Avon and Somerset,E23000036,3,584,587,0.5110732538330494,140,111884,112024,0.12497322002428052,4.104829541994316,0.8341397065355416,12.304902029171544,4.089462156242394,1.3068865090607331,12.796597570938362,Chi-squared approximation may be incorrect,0
Sedgemoor,E07000188,Somerset,South West,England,Avon and Somerset,E23000036,2,553,555,0.36036036036036034,278,120494,120772,0.23018580465670851,1.5675296346770229,0.18841313600609172,5.742795695076343,1.565519476310843,0.3905651138225543,6.275141183813137,Chi-squared approximation may be incorrect,0
South Somerset,E07000189,Somerset,South West,England,Avon and Somerset,E23000036,1,836,837,0.11947431302270012,158,166333,166491,0.09490002462595576,1.2592542969443787,0.031646293317147856,7.137623252677886,1.2589492309786308,0.17645209902824338,8.98234237456135,Chi-squared approximation may be incorrect,0
Cannock Chase,E07000192,Staffordshire,West Midlands,England,Staffordshire,E23000015,1,844,845,0.1183431952662722,4,97064,97068,0.004120822516174228,28.72683655035296,0.5831252794530637,289.59523121671504,28.718343195266275,3.2132287976778118,256.67118272970026,Chi-squared approximation may be incorrect,0
East Staffordshire,E07000193,Staffordshire,West Midlands,England,Staffordshire,E23000015,0,1391,1391,0,1,106734,106735,9.368997985665433e-4,0,0,2858.934127295942,0,0,NA,Chi-squared approximation may be incorrect,0
Lichfield,E07000194,Staffordshire,West Midlands,England,Staffordshire,E23000015,0,964,964,0,1,100845,100846,9.916109711837853e-4,0,0,3835.428489930916,0,0,NA,Chi-squared approximation may be incorrect,0
South Staffordshire,E07000196,Staffordshire,West Midlands,England,Staffordshire,E23000015,0,1294,1294,0,26,103323,103349,0.025157476124587564,0,0,12.183568150238559,0,0,NA,Chi-squared approximation may be incorrect,0
Stafford,E07000197,Staffordshire,West Midlands,England,Staffordshire,E23000015,1,1353,1354,0.07385524372230429,21,127602,127623,0.01645471427563997,4.491064341362616,0.10851656934150805,27.965318760594663,4.488394175986495,0.6041834848269064,33.34364937962688,Chi-squared approximation may be incorrect,0
Tamworth,E07000199,Staffordshire,West Midlands,England,Staffordshire,E23000015,0,875,875,0,3,75179,75182,0.0039903168311563935,0,0,207.21079670571214,0,0,NA,Chi-squared approximation may be incorrect,0
Babergh,E07000200,Suffolk,East of England,England,Suffolk,E23000025,0,593,593,0,123,89080,89203,0.13788773920159636,0,0,4.587466468668521,0,0,NA,Chi-squared approximation may be incorrect,0
Ipswich,E07000202,Suffolk,East of England,England,Suffolk,E23000025,10,4157,4167,0.23998080153587714,557,116181,116738,0.47713683633435555,0.5017630274443738,0.2391035948021624,0.9306661136125948,0.5029601222566468,0.26933091751918364,0.9392493327930049,NA,0
Mid Suffolk,E07000203,Suffolk,East of England,England,Suffolk,E23000025,1,679,680,0.14705882352941177,114,99229,99343,0.11475393334205732,1.2819227760498084,0.03213021389707123,7.311264753214233,1.281514447884417,0.17923566319509238,9.162681415410798,Chi-squared approximation may be incorrect,0
Elmbridge,E07000207,Surrey,South East,England,Surrey,E23000031,9,1526,1535,0.5863192182410424,240,118934,119174,0.2013862084011613,2.9225901217606225,1.317764218189628,5.656651949490163,2.911416938110749,1.4994356627094474,5.653025867212998,Chi-squared approximation may be incorrect,0
Epsom and Ewell,E07000208,Surrey,South East,England,Surrey,E23000031,4,998,1002,0.39920159680638717,179,63913,64092,0.27928602633714034,1.4310457023014653,0.3849580050692711,3.740007336231061,1.4293647342187132,0.5317009035578291,3.8425429217009452,Chi-squared approximation may be incorrect,0
Guildford,E07000209,Surrey,South East,England,Surrey,E23000031,8,1317,1325,0.6037735849056604,418,123668,124086,0.33686314330383765,1.797081978268853,0.7691684162141028,3.5846420131825103,1.7923408865216215,0.8923189762024155,3.6001541367740515,Chi-squared approximation may be incorrect,0
Mole Valley,E07000210,Surrey,South East,England,Surrey,E23000031,2,642,644,0.3105590062111801,98,80796,80894,0.12114619131208743,2.5683232140004604,0.3060648230335351,9.566045338240295,2.563506147800735,0.6335290911021833,10.372947133933934,Chi-squared approximation may be incorrect,0
Reigate and Banstead,E07000211,Surrey,South East,England,Surrey,E23000031,16,1997,2013,0.7948335817188277,437,126474,126911,0.34433579437558604,2.318749252575344,1.3110760881106847,3.8182400008476605,2.3083094894626575,1.404360066515489,3.794107242285779,NA,0
Runnymede,E07000212,Surrey,South East,England,Surrey,E23000031,67,909,976,6.864754098360656,1072,71927,72999,1.4685132673050316,4.945154272336676,3.7717569362777397,6.393714023218413,4.674628586065574,3.682343586325101,5.934305668491246,NA,0
Spelthorne,E07000213,Surrey,South East,England,Surrey,E23000031,11,1189,1200,0.9166666666666666,381,80128,80509,0.47323901675589064,1.9456558778493127,0.9604448299697288,3.533609115417478,1.9370056867891514,1.0665595132891759,3.5178449808981607,NA,0
Surrey Heath,E07000214,Surrey,South East,England,Surrey,E23000031,5,734,739,0.6765899864682002,104,76501,76605,0.13576137327850663,5.009932338788537,1.5888479937643996,12.12418294295798,4.983670760903508,2.0375546940217197,12.189598799952405,Chi-squared approximation may be incorrect,0
Tandridge,E07000215,Surrey,South East,England,Surrey,E23000031,3,1274,1277,0.23492560689115116,84,78127,78211,0.10740177212924013,2.190186137316722,0.44216545092648474,6.638195077006062,2.1873531714956935,0.6923975635128761,6.910067494429152,Chi-squared approximation may be incorrect,0
Waverley,E07000216,Surrey,South East,England,Surrey,E23000031,0,752,752,0,87,119661,119748,0.07265257039783546,0,0,6.90866719628643,0,0,NA,Chi-squared approximation may be incorrect,0
Woking,E07000217,Surrey,South East,England,Surrey,E23000031,3,1081,1084,0.27675276752767525,217,80920,81137,0.26744888275386075,1.0348979388113075,0.21143583821578266,3.0729519511563375,1.0347875252946077,0.3316723194161168,3.228443134447795,Chi-squared approximation may be incorrect,0
North Warwickshire,E07000218,Warwickshire,West Midlands,England,Warwickshire,E23000017,0,643,643,0,1,62439,62440,0.0016015374759769379,0,0,3575.6525349346402,0,0,NA,Chi-squared approximation may be incorrect,0
Nuneaton and Bedworth,E07000219,Warwickshire,West Midlands,England,Warwickshire,E23000017,0,1336,1336,0,5,116712,116717,0.00428386610348107,0,0,95.50492649461404,0,0,NA,Chi-squared approximation may be incorrect,0
Rugby,E07000220,Warwickshire,West Midlands,England,Warwickshire,E23000017,0,1578,1578,0,5,97728,97733,0.005115979249588164,0,0,67.62779684295762,0,0,NA,Chi-squared approximation may be incorrect,0
Stratford-on-Avon,E07000221,Warwickshire,West Midlands,England,Warwickshire,E23000017,0,829,829,0,14,128418,128432,0.010900710103401021,0,0,46.80438733188018,0,0,NA,Chi-squared approximation may be incorrect,0
Warwick,E07000222,Warwickshire,West Midlands,England,Warwickshire,E23000017,0,1616,1616,0,15,125297,125312,0.011970122574055159,0,0,21.647472070681577,0,0,NA,Chi-squared approximation may be incorrect,0
Adur,E07000223,West Sussex,South East,England,Sussex,E23000033,4,618,622,0.6430868167202572,86,60050,60136,0.14300917919382733,4.519505699402794,1.2003144876868619,12.054237797423138,4.496821954684813,1.6552873363295113,12.216252277368929,Chi-squared approximation may be incorrect,0
Arun,E07000224,West Sussex,South East,England,Sussex,E23000033,7,993,1000,0.7000000000000001,432,157195,157627,0.2740647224143072,2.565066968911492,1.0225000643277296,5.3508666712180455,2.5541412037037037,1.2135311723810827,5.375747600827513,Chi-squared approximation may be incorrect,0
Chichester,E07000225,West Sussex,South East,England,Sussex,E23000033,5,738,743,0.6729475100942126,257,117760,118017,0.21776523721158814,3.1042881613686277,0.9965577733086535,7.3716605606369585,3.0902430466454747,1.2791375605689788,7.465656847018788,Chi-squared approximation may be incorrect,0
Crawley,E07000226,West Sussex,South East,England,Sussex,E23000033,16,2069,2085,0.7673860911270983,459,86040,86499,0.5306419727395693,1.4495616051145266,0.8199989334378268,2.3853127401442302,1.4461466121220672,0.8801532852115065,2.376108865229731,NA,0
Horsham,E07000227,West Sussex,South East,England,Sussex,E23000033,2,968,970,0.2061855670103093,190,136919,137109,0.13857587758644582,1.4888517077863925,0.17873460144644457,5.467661457068344,1.4878893109061315,0.3699496672524664,5.984096750107196,Chi-squared approximation may be incorrect,0
Mid Sussex,E07000228,West Sussex,South East,England,Sussex,E23000033,5,1184,1189,0.42052144659377627,187,140212,140399,0.1331918318506542,3.1662726349007793,1.0143715863670237,7.5425247171584795,3.157261528359337,1.3013181588818241,7.660156196562519,Chi-squared approximation may be incorrect,0
Worthing,E07000229,West Sussex,South East,England,Sussex,E23000033,12,1069,1081,1.1100832562442182,511,100922,101433,0.5037808208374001,2.216890639025487,1.1343793071333064,3.9230886718438174,2.2035044017733814,1.2470705018891883,3.8934700494311825,NA,0
Bromsgrove,E07000234,Worcestershire,West Midlands,England,West Mercia,E23000016,2,1161,1163,0.17196904557179707,179,92036,92215,0.19411158705199805,0.8857333546098606,0.10631911289027862,3.2538900200578484,0.8859288009722496,0.22012868653581752,3.5655045816321644,Chi-squared approximation may be incorrect,0
Malvern Hills,E07000235,Worcestershire,West Midlands,England,West Mercia,E23000016,1,411,412,0.24271844660194172,91,76479,76570,0.11884550084889642,2.0448109643145544,0.05109238870421474,11.74959829520015,2.0423023578363386,0.28529087215874677,14.62016253538937,Chi-squared approximation may be incorrect,0
Redditch,E07000236,Worcestershire,West Midlands,England,West Mercia,E23000016,2,1448,1450,0.13793103448275862,239,77824,78063,0.306162970933733,0.44974966291725277,0.05410810073834431,1.6455559199555136,0.45051507718943873,0.11213134183040156,1.8100544545519517,Chi-squared approximation may be incorrect,0
Worcester,E07000237,Worcestershire,West Midlands,England,West Mercia,E23000016,1,1052,1053,0.0949667616334283,313,92938,93251,0.3356532369626063,0.2822639674354178,0.007119809103214908,1.5875877092092185,0.2829311657852659,0.03976754424280658,2.0129491548145966,Chi-squared approximation may be incorrect,0
Wychavon,E07000238,Worcestershire,West Midlands,England,West Mercia,E23000016,1,638,639,0.1564945226917058,207,127333,127540,0.1623020228947781,0.964162127823753,0.024257022844469765,5.450108946590693,0.9642179431932443,0.13539048063606512,6.866924746909819,Chi-squared approximation may be incorrect,0
Wyre Forest,E07000239,Worcestershire,West Midlands,England,West Mercia,E23000016,2,717,719,0.27816411682892905,207,96716,96923,0.21357159807269688,1.3032766863360574,0.15650921015876348,4.784772686609448,1.3024396471212702,0.3241950661585703,5.23249491268834,Chi-squared approximation may be incorrect,0
St Albans,E07000240,Hertfordshire,East of England,England,Hertfordshire,E23000027,6,1950,1956,0.3067484662576687,214,123360,123574,0.17317558709760952,1.7736750862735444,0.6429149936651177,3.931598856493787,1.7713147181927642,0.7879355586665402,3.98199547713793,Chi-squared approximation may be incorrect,0
Welwyn Hatfield,E07000241,Hertfordshire,East of England,England,Hertfordshire,E23000027,8,2192,2200,0.36363636363636365,257,93510,93767,0.2740836328345793,1.3279208965342575,0.5664757139667611,2.6608193522820303,1.32673505482844,0.657268663637723,2.678091932709019,NA,0
East Hertfordshire,E07000242,Hertfordshire,East of England,England,Hertfordshire,E23000027,11,1600,1611,0.6828057107386716,294,137865,138159,0.2127982976136191,3.223793072813854,1.5886110921528591,5.870066984017498,3.208699122106943,1.761151362603269,5.846033608940384,Chi-squared approximation may be incorrect,0
Stevenage,E07000243,Hertfordshire,East of England,England,Hertfordshire,E23000027,12,1684,1696,0.7075471698113208,506,73425,73931,0.6844219610177057,1.0340407995006702,0.5296614954916476,1.827007525148152,1.0337879409351929,0.5843789527144942,1.8288090319795647,NA,0
East Suffolk,E07000244,Suffolk,East of England,England,Suffolk,E23000025,3,1630,1633,0.1837109614206981,516,235888,236404,0.2182704184362363,0.8413759252661428,0.17275456658042934,2.4769202291424612,0.8416667853429983,0.27084800285474747,2.6155000963013366,Chi-squared approximation may be incorrect,0
West Suffolk,E07000245,Suffolk,East of England,England,Suffolk,E23000025,11,1728,1739,0.6325474410580794,505,164188,164693,0.30663112579162444,2.069647341763099,1.0246148035791207,3.744388649983762,2.0628937764391733,1.1372674188344143,3.741891012083128,NA,0
Somerset West and Taunton,E07000246,Somerset,South West,England,Avon and Somerset,E23000036,0,798,798,0,258,149989,150247,0.1717172389465347,0,0,2.712933677733696,0,0,NA,Chi-squared approximation may be incorrect,0
Bolton,E08000001,Greater Manchester,North West,England,Greater Manchester,E23000005,2,2977,2979,0.06713662302786169,6,212043,212049,0.002829534683021377,23.72632344566062,2.3423744875548196,132.80716016709906,23.72708962739174,4.790918439564276,117.50873852018276,Chi-squared approximation may be incorrect,0
Bury,E08000002,Greater Manchester,North West,England,Greater Manchester,E23000005,1,2367,2368,0.04222972972972973,2,160448,160450,0.0012464942349641633,33.87981457991026,0.5742375037911117,650.064391817535,33.87880067567568,3.0730684121011635,373.49416976935794,Chi-squared approximation may be incorrect,0
Manchester,E08000003,Greater Manchester,North West,England,Greater Manchester,E23000005,16,15963,15979,0.10013142249202078,485,311667,312152,0.15537302339885697,0.6440957694778827,0.3651241351542098,1.0570898607699073,0.644458222551119,0.391762601007413,1.0601481599972546,NA,0
Oldham,E08000004,Greater Manchester,North West,England,Greater Manchester,E23000005,0,3396,3396,0,10,164161,164171,0.006091209775173447,0,0,21.582784741886854,0,0,NA,Chi-squared approximation may be incorrect,0
Rochdale,E08000005,Greater Manchester,North West,England,Greater Manchester,E23000005,0,2513,2513,0,8,165120,165128,0.004844726515188218,0,0,38.531214368073364,0,0,NA,Chi-squared approximation may be incorrect,0
Salford,E08000006,Greater Manchester,North West,England,Greater Manchester,E23000005,1,4693,4694,0.021303792074989347,11,221427,221438,0.004967530414833949,4.289202840316817,0.09963034637066143,29.528276450349836,4.288608281364992,0.5538013590517836,33.2107545248415,Chi-squared approximation may be incorrect,0
Stockport,E08000007,Greater Manchester,North West,England,Greater Manchester,E23000005,5,3446,3451,0.14488554042306578,44,257264,257308,0.017100129028246307,8.48340245934856,2.6235796617391456,21.354624625733862,8.47277468981323,3.361821066592412,21.35387622432413,Chi-squared approximation may be incorrect,0
Trafford,E08000009,Greater Manchester,North West,England,Greater Manchester,E23000005,0,4159,4159,0,7,182574,182581,0.0038339148104129125,0,0,30.455157871235958,0,0,NA,Chi-squared approximation may be incorrect,0
Wigan,E08000010,Greater Manchester,North West,England,Greater Manchester,E23000005,1,2032,2033,0.04918839153959665,61,312353,312414,0.019525373382754934,2.519887325666765,0.06275293139371095,14.596089983461919,2.519203631877303,0.3493993228476386,18.163707036236133,Chi-squared approximation may be incorrect,0
Knowsley,E08000011,Merseyside,North West,England,Merseyside,E23000004,32,1361,1393,2.297200287150036,6421,140677,147098,4.365117132795823,0.5151179421045755,0.35060541850038235,0.731487068027272,0.5262631487917707,0.37334161358246826,0.7418216767176762,NA,0
Liverpool,E08000012,Merseyside,North West,England,Merseyside,E23000004,259,8025,8284,3.1265089328826656,20329,386444,406773,4.9976276694864215,0.613499911513865,0.5395885341482841,0.6949839698554972,0.6255986119117912,0.5545157300608521,0.7057935456276614,NA,0
St. Helens,E08000013,Merseyside,North West,England,Merseyside,E23000004,16,867,883,1.8120045300113252,4726,171950,176676,2.674953021349815,0.6714431891565324,0.3817344472425409,1.0978314671331828,0.6773967675503193,0.4165105587176323,1.1016920725860964,NA,0
Sefton,E08000014,Merseyside,North West,England,Merseyside,E23000004,22,1692,1714,1.2835472578763127,4476,262797,267273,1.6746921686814606,0.7634012169597781,0.4766299715069827,1.1611354290649891,0.7664377262162102,0.5055076172831329,1.162053286802321,NA,0
Wirral,E08000015,Merseyside,North West,England,Merseyside,E23000004,21,2006,2027,1.0360138135175136,4687,299831,304518,1.5391536789286677,0.6696843479743532,0.4132175757013062,1.0277350361496995,0.6731061541811952,0.4394297449917709,1.0310451214564083,NA,0
Barnsley,E08000016,South Yorkshire,Yorkshire and The Humber,England,South Yorkshire,E23000011,0,1148,1148,0,12,236379,236391,0.005076335393479447,0,0,74.16558772780606,0,0,NA,Chi-squared approximation may be incorrect,0
Doncaster,E08000017,South Yorkshire,Yorkshire and The Humber,England,South Yorkshire,E23000011,0,2521,2521,0,60,285352,285412,0.021022241531540368,0,0,7.182582931090802,0,0,NA,Chi-squared approximation may be incorrect,0
Rotherham,E08000018,South Yorkshire,Yorkshire and The Humber,England,South Yorkshire,E23000011,0,1766,1766,0,5,241023,241028,0.0020744477820004315,0,0,149.25244178040123,0,0,NA,Chi-squared approximation may be incorrect,0
Sheffield,E08000019,South Yorkshire,Yorkshire and The Humber,England,South Yorkshire,E23000011,10,9945,9955,0.10045203415369162,98,437321,437419,0.02240414796796664,4.4869034439025475,2.085744888016606,8.609956746053227,4.483635543619759,2.3398535274965484,8.591558168822214,Chi-squared approximation may be incorrect,0
Newcastle upon Tyne,E08000021,Tyne and Wear,North East,England,Northumbria,E23000007,33,2260,2293,1.439162668992586,3226,235413,238639,1.3518326845151043,1.0655162097806503,0.7303603373386583,1.50394490498045,1.064601178443031,0.7574094719072608,1.4963843352635862,NA,0
North Tyneside,E08000022,Tyne and Wear,North East,England,Northumbria,E23000007,12,1152,1164,1.0309278350515463,1051,196989,198040,0.5307008685114118,1.9523884127619269,1.002620752107541,3.438172472210853,1.9425780062189175,1.1028819901293905,3.4215893849193635,NA,0
South Tyneside,E08000023,Tyne and Wear,North East,England,Northumbria,E23000007,0,667,667,0,623,138758,139381,0.44697627366714254,0,0,1.2389128949266248,0,0,NA,Chi-squared approximation may be incorrect,0
Sunderland,E08000024,Tyne and Wear,North East,England,Northumbria,E23000007,1,973,974,0.10266940451745381,1902,257135,259037,0.734258040357169,0.13894591499216294,0.0035158693098431815,0.776908029204214,0.13982741607774807,0.019706325685108907,0.9921538190020847,NA,0
Birmingham,E08000025,West Midlands,West Midlands,England,West Midlands,E23000014,518,29281,29799,1.738313366220343,3738,550351,554089,0.6746208641572022,2.6044964133839494,2.3695871048335024,2.8582281200270203,2.57672636376582,2.3522509950431325,2.8226234222951527,NA,0
Coventry,E08000026,West Midlands,West Midlands,England,West Midlands,E23000014,134,6126,6260,2.1405750798722045,2119,222717,224836,0.9424647298475333,2.2990344174301964,1.9125420648363096,2.743983681776061,2.271252188098853,1.9108736773246038,2.6995957729483804,NA,0
Dudley,E08000027,West Midlands,West Midlands,England,West Midlands,E23000014,97,5518,5615,1.7275155832591274,1292,272682,273974,0.4715775949542657,3.7103351681826657,2.981630078358779,4.571441182609482,3.663268996964676,2.985345035016648,4.495138614370499,NA,0
Sandwell,E08000028,West Midlands,West Midlands,England,West Midlands,E23000014,102,8856,8958,1.1386470194239784,764,194161,194925,0.3919456201102988,2.9270151755384735,2.3542147886236435,3.607145704998388,2.905114793995013,2.365399590491549,3.5679772670184877,NA,0
Solihull,E08000029,West Midlands,West Midlands,England,West Midlands,E23000014,72,4046,4118,1.7484215638659544,664,176873,177537,0.3740065451145395,4.740382713444747,3.6565801305964425,6.06532080617741,4.674842156386595,3.6728975965251447,5.950111216769303,NA,0
Walsall,E08000030,West Midlands,West Midlands,England,West Midlands,E23000014,61,5393,5454,1.1184451778511184,899,201249,202148,0.44472366780774486,2.532075409568693,1.9178941892120733,3.2885881330899753,2.514921644185182,1.9431655050136292,3.254911051103049,NA,0
Wolverhampton,E08000031,West Midlands,West Midlands,England,West Midlands,E23000014,170,9264,9434,1.801992792028832,1060,157941,159001,0.6666624738209194,2.7343194132296373,2.3085471872411385,3.2223945936890717,2.703006187975248,2.3019889703069722,3.173882475752344,NA,0
Bradford,E08000032,West Yorkshire,Yorkshire and The Humber,England,West Yorkshire,E23000010,58,5564,5622,1.031661330487371,1965,329607,331572,0.5926314646592595,1.7485296816722973,1.3209292344443657,2.273441172023997,1.740814303676125,1.3425362532177951,2.257245890097967,NA,0
Calderdale,E08000033,West Yorkshire,Yorkshire and The Humber,England,West Yorkshire,E23000010,14,1706,1720,0.813953488372093,745,176708,177453,0.41982947597391984,1.9464677012392677,1.056657466623914,3.295505351250391,1.9387716560012487,1.1450750219270078,3.282610712954167,NA,0
Kirklees,E08000034,West Yorkshire,Yorkshire and The Humber,England,West Yorkshire,E23000010,100,7368,7468,1.339046598821639,1201,317286,318487,0.37709545444555037,3.5853583270279357,2.890421230847884,4.406144606148362,3.550948660440527,2.899436135366792,4.3488581228878305,NA,0
Leeds,E08000035,West Yorkshire,Yorkshire and The Humber,England,West Yorkshire,E23000010,187,14135,14322,1.30568356374808,3581,635732,639313,0.5601325172489844,2.3486102535881006,2.0146670619684173,2.7240314055117745,2.331026183162458,2.014201382103683,2.6976860977594312,NA,0
Wakefield,E08000036,West Yorkshire,Yorkshire and The Humber,England,West Yorkshire,E23000010,18,2179,2197,0.8192990441511151,1353,326881,328234,0.41220592625992436,1.995851685566121,1.1769495664653904,3.173623614716799,1.9875964704944353,1.2508105671025944,3.1583837180661622,NA,0
Gateshead,E08000037,Tyne and Wear,North East,England,Northumbria,E23000007,3,928,931,0.322234156820623,1074,182044,183118,0.5865070610207626,0.5479568883586626,0.11260073136648484,1.6106691537070266,0.5494122376971959,0.17724188157596832,1.7030613997519624,NA,0
City of London,E09000001,Inner London,London,England,"London, City of",E23000034,23,79,102,22.54901960784314,521,5375,5896,8.836499321573948,3.0025076016905112,1.784584727981596,4.878248428704838,2.5518045989989084,1.7645755331288113,3.690239714434845,NA,0
Barking and Dagenham,E09000002,Outer London,London,England,Metropolitan Police,E23000001,21,5329,5350,0.39252336448598135,1281,95952,97233,1.3174539508191663,0.29517637528965396,0.18191109959909846,0.45362811424438243,0.2979408610387621,0.19375290273247067,0.4581544607829113,NA,0
Barnet,E09000003,Outer London,London,England,Metropolitan Police,E23000001,17,7235,7252,0.2344180915609487,601,222428,223029,0.26947168305467,0.8696117085548216,0.502922755181287,1.405160658221797,0.869917346801112,0.5374998967078148,1.4079187640790545,NA,0
Bexley,E09000004,Outer London,London,England,Metropolitan Police,E23000001,9,4206,4215,0.21352313167259787,958,175284,176242,0.5435707720066727,0.3915177872450417,0.17835786655912975,0.7471098047369689,0.392815696996263,0.20390797264655594,0.7567343728836107,NA,0
Brent,E09000005,Outer London,London,England,Metropolitan Police,E23000001,33,6926,6959,0.47420606408966803,600,114344,114944,0.5219933184855234,0.9080152989194502,0.6187720268112403,1.2905555258375336,0.9084523638453801,0.6404273947254645,1.2886483373029953,NA,0
Bromley,E09000006,Outer London,London,England,Metropolitan Police,E23000001,31,7889,7920,0.39141414141414144,1484,249682,251166,0.5908443021746574,0.661138171837317,0.4472292486994877,0.9433307274969989,0.6624657967818345,0.46451566931545735,0.9447709967513622,NA,0
Camden,E09000007,Inner London,London,England,Metropolitan Police,E23000001,86,4531,4617,1.8626813948451375,2177,121781,123958,1.756240016779877,1.0617881791620827,0.844034691959681,1.320282298344662,1.0606075348746604,0.8567332565717104,1.3129971719952118,NA,0
Croydon,E09000008,Outer London,London,England,Metropolitan Police,E23000001,55,14778,14833,0.37079484932245665,1055,186598,187653,0.5622079050161735,0.6582425512311851,0.492272711302424,0.8639940098776384,0.659533325686322,0.5031888780119158,0.8644551314597206,NA,0
Ealing,E09000009,Outer London,London,England,Metropolitan Police,E23000001,33,7010,7043,0.46855033366463156,690,156095,156785,0.4400931211531715,1.0649997507459965,0.7265686415093948,1.5114573991331899,1.0646617980233226,0.7514313950237067,1.508460721333707,NA,0
Enfield,E09000010,Outer London,London,England,Metropolitan Police,E23000001,25,8134,8159,0.30641009927687213,700,169689,170389,0.41082464243583805,0.7450572618115424,0.4785508461417524,1.1100139407656722,0.7458415772240995,0.5007969843481248,1.1107887541300352,NA,0
Greenwich,E09000011,Outer London,London,England,Metropolitan Police,E23000001,44,8400,8444,0.5210800568450971,1536,158203,159739,0.9615685587113979,0.5394961453550858,0.39004756911341754,0.7284770228883937,0.5419062968774673,0.40190488321028334,0.7306764532189091,NA,0
Hackney,E09000012,Inner London,London,England,Metropolitan Police,E23000001,40,7444,7484,0.5344735435595939,698,135898,136596,0.5109959296026239,1.0462090858725588,0.7402799155895686,1.440722865035412,1.0459448159894882,0.7611825014985433,1.4372381865604118,NA,0
Hammersmith and Fulham,E09000013,Inner London,London,England,Metropolitan Police,E23000001,50,4884,4934,1.0133765707336846,571,113530,114101,0.5004338261715497,2.035473021002865,1.4907074076401767,2.724916939371791,2.024996148814083,1.5187904988126784,2.6999177344851306,NA,0
Haringey,E09000014,Inner London,London,England,Metropolitan Police,E23000001,62,7837,7899,0.7849094822129383,1174,147168,148342,0.7914144342128325,0.9917156154517064,0.7546501531610651,1.2821756236804698,0.9917805997481405,0.7690091011317319,1.279085977772173,NA,0
Harrow,E09000015,Outer London,London,England,Metropolitan Police,E23000001,18,3273,3291,0.5469462169553327,440,93193,93633,0.469919793235291,1.1648120974822231,0.6830222312543074,1.865757354184258,1.163913980276788,0.7274204946506366,1.862328272912333,NA,0
Havering,E09000016,Outer London,London,England,Metropolitan Police,E23000001,23,4736,4759,0.48329480983399875,1713,194909,196622,0.8712148182807621,0.552573833028328,0.3489752699827109,0.8329368154554617,0.5547366730833654,0.3680004999217895,0.8362292348216986,NA,0
Hillingdon,E09000017,Outer London,London,England,Metropolitan Police,E23000001,15,5033,5048,0.2971473851030111,607,145610,146217,0.415136406847357,0.7149348037967259,0.39737987059264124,1.1898447013673294,0.7157825240132945,0.42917732660178576,1.1937830587174143,NA,0
Hounslow,E09000018,Outer London,London,England,Metropolitan Police,E23000001,15,4853,4868,0.30813475760065734,674,125133,125807,0.5357412544611985,0.5738404036209465,0.31911321168283724,0.954263168229946,0.5751559265499392,0.34508198029674475,0.9586253665318948,NA,0
Islington,E09000019,Inner London,London,England,Metropolitan Police,E23000001,84,6344,6428,1.3067828251400124,1292,132396,133688,0.9664292980671414,1.3568242128404577,1.0732981565003652,1.6954119482616785,1.3521763338027708,1.085941261453656,1.6836829970424056,NA,0
Kensington and Chelsea,E09000020,Inner London,London,England,Metropolitan Police,E23000001,36,2977,3013,1.1948224361101891,529,89732,90261,0.5860781511394733,2.051110041507909,1.418198442472569,2.8834748380008217,2.03867425152631,1.4574143859947377,2.851757704449726,NA,0
Kingston upon Thames,E09000021,Outer London,London,England,Metropolitan Police,E23000001,25,2629,2654,0.9419743782969104,713,113612,114325,0.6236606166630221,1.5152096794391818,0.97208462280174035,2.260501607028501,1.5103958036296534,1.0155466814641747,2.2463718559278694,NA,0
Lambeth,E09000022,Inner London,London,England,Metropolitan Police,E23000001,54,12300,12354,0.4371053909664886,815,172280,173095,0.4708397122967157,0.9280371470106208,0.6906969020008912,1.2238644582244582,0.9283528545931821,0.7052876411587116,1.2219681337608599,NA,0
Lewisham,E09000023,Inner London,London,England,Metropolitan Police,E23000001,53,12447,12500,0.424,983,152617,153600,0.6399739583333334,0.6610642630790649,0.4913627521257734,0.8724513029232943,0.662526958290946,0.5028434390944263,0.8729197526226972,NA,0
Merton,E09000024,Outer London,London,England,Metropolitan Police,E23000001,14,4717,4731,0.29592052420207143,412,128198,128610,0.3203483399424617,0.9235200268119353,0.5000696982661115,1.5689921900787438,0.9237460829521459,0.5427127141521786,1.572299309594141,NA,0
Newham,E09000025,Inner London,London,England,Metropolitan Police,E23000001,80,7490,7570,1.0568031704095113,1589,103663,105252,1.5097100292631018,0.6967799212846106,0.5488212204070547,0.8737355675705983,0.7000040735805027,0.5598794005116664,0.8751986634648249,NA,0
Redbridge,E09000026,Outer London,London,England,Metropolitan Police,E23000001,32,4839,4871,0.6569492917265448,770,105915,106685,0.7217509490556311,0.9096222692369685,0.6170275606012082,1.2968503948261865,0.9102160414006031,0.6398589758345357,1.2948060014980998,NA,0
Richmond upon Thames,E09000027,Outer London,London,England,Metropolitan Police,E23000001,14,2845,2859,0.48968170689052115,384,156242,156626,0.2451700228569969,2.002210247099732,1.0828874655659264,3.4063142079881654,1.9973147662352806,1.1732787777589382,3.4001009402397355,NA,0
Southwark,E09000028,Inner London,London,England,Metropolitan Police,E23000001,113,9857,9970,1.1334002006018054,1329,155156,156485,0.849282678851008,1.3383623521252184,1.093381076407467,1.6246370612350112,1.3345382271721107,1.102520387305459,1.6153826271969398,NA,0
Sutton,E09000029,Outer London,London,England,Metropolitan Police,E23000001,10,4035,4045,0.2472187886279357,491,142203,142694,0.3440929541536435,0.7177676681122035,0.3417575489091622,1.3326980543516354,0.7184651288080378,0.3844534902678215,1.342664728972953,NA,0
Tower Hamlets,E09000030,Inner London,London,England,Metropolitan Police,E23000001,53,5776,5829,0.909246869102762,1425,118506,119931,1.188183205343072,0.7630831783788545,0.568059827863544,1.0052805535362324,0.7652413070762341,0.5824665195897678,1.0053698167375837,NA,0
Waltham Forest,E09000031,Outer London,London,England,Metropolitan Police,E23000001,33,7879,7912,0.4170879676440849,1030,144399,145429,0.7082493862984687,0.5871684412009749,0.4017130877277018,0.8306663278068214,0.588899864529239,0.4167085257194592,0.8322437124217479,NA,0
Wandsworth,E09000032,Inner London,London,England,Metropolitan Police,E23000001,49,7785,7834,0.625478682665305,721,219519,220240,0.3273701416636397,1.91636519971663,1.4032518452230802,2.563551143310088,1.9106161590874728,1.4318276913406858,2.549506570827723,NA,0
Westminster,E09000033,Inner London,London,England,Metropolitan Police,E23000001,174,3976,4150,4.19277108433735,2792,108388,111180,2.5112430293218204,1.6988880461955358,1.4445004989021144,1.9875649801815547,1.6695998895294646,1.4370713527516266,1.9397532250429488,NA,0
North Somerset,E06000024,NA,South West,England,Avon and Somerset,E23000036,4,1500,1504,0.26595744680851063,312,206761,207073,0.15067150232043772,1.7671794178481306,0.47785031955480467,4.57992484411017,1.7651476404800872,0.6592157395734857,4.726443872090061,Chi-squared approximation may be incorrect,0
South Cambridgeshire,E07000012,Cambridgeshire,East of England,England,Cambridgeshire,E23000023,15,1373,1388,1.080691642651297,465,143167,143632,0.3237440124763284,3.3635757855069057,1.8622189737697283,5.6258026604993,3.33810541972669,2.0016463934429836,5.566891249978466,Chi-squared approximation may be incorrect,0
South Hams,E07000044,Devon,South West,England,Devon & Cornwall,E23000035,0,317,317,0,113,86182,86295,0.13094617301118255,0,0,9.073748293834514,0,0,NA,Chi-squared approximation may be incorrect,0
Torridge,E07000046,Devon,South West,England,Devon & Cornwall,E23000035,1,213,214,0.46728971962616817,55,66795,66850,0.08227374719521316,5.701154236388227,0.14115352586708135,33.440468077983404,5.679694137638062,0.7895863090400735,40.85547726421248,Chi-squared approximation may be incorrect,0
Broadland,E07000144,Norfolk,East of England,England,Norfolk,E23000024,1,698,699,0.14306151645207438,113,126655,126768,0.08913921494383441,1.6057610178196269,0.04024596503126086,9.159200375270107,1.6049223289908465,0.22444200938749156,11.476352796532009,Chi-squared approximation may be incorrect,0
Plymouth,E06000026,NA,South West,England,Devon & Cornwall,E23000035,8,1960,1968,0.40650406504065045,1320,247074,248394,0.5314138022657553,0.7639895343833223,0.32866845790398,1.5127785795741038,0.7649482631189949,0.3822888086386891,1.5306381772786952,NA,0
Portsmouth,E06000044,NA,South East,England,Hampshire,E23000030,35,2385,2420,1.4462809917355373,1257,175578,176835,0.7108321316481466,2.0498408270087274,1.4177873048816374,2.8744402489786216,2.034630860569242,1.4576760111838627,2.839947084962061,NA,0
Isle of Wight,E06000046,NA,South East,England,Hampshire,E23000030,5,699,704,0.7102272727272727,540,135537,136077,0.39683414537357525,1.7953047270780866,0.578813629573637,4.23573326003673,1.7897332702020203,0.7442452427633953,4.3038839812730085,Chi-squared approximation may be incorrect,0
North Norfolk,E07000147,Norfolk,East of England,England,Norfolk,E23000024,0,419,419,0,55,100834,100889,0.0545153584632616,0,0,16.76372742293718,0,0,NA,Chi-squared approximation may be incorrect,0
Northumberland,E06000057,NA,North East,England,Northumbria,E23000007,4,892,896,0.4464285714285714,999,311790,312789,0.31938463309131715,1.3995272425529157,0.3797555381101784,3.607161342419288,1.3977772415272414,0.5247323926800403,3.723385947173339,Chi-squared approximation may be incorrect,0
Cornwall,E06000052,NA,South West,England,Devon & Cornwall,E23000035,9,2579,2588,0.34775888717156106,898,550226,551124,0.16293973769968284,2.1382735416646215,0.9734368162765296,4.083706198084689,2.1342791640705947,1.1081351380496784,4.1106426407549455,Chi-squared approximation may be incorrect,0
Isles of Scilly,E06000053,NA,South West,England,Devon & Cornwall,E23000035,1,9,10,10,12,1991,2003,0.5991013479780329,18.30419287393021,0.3885853431886272,152.00547519273658,16.69166666666667,2.3913085283620066,116.5101586878687,Chi-squared approximation may be incorrect,0
Conwy,W06000003,NA,Wales,Wales,North Wales,W15000001,1,514,515,0.1941747572815534,285,110768,111053,0.2566342196969015,0.7561488232016992,0.01904128815433322,4.265975468817891,0.7566206779083631,0.10641768977506388,5.37950834535646,Chi-squared approximation may be incorrect,0
Denbighshire,W06000004,NA,Wales,Wales,North Wales,W15000001,5,470,475,1.0526315789473684,461,91933,92394,0.49895014827802675,2.1214934487509174,0.6823959340826685,5.0217319249087,2.1096928873159033,0.8780106728816843,5.069191316528652,Chi-squared approximation may be incorrect,0
Flintshire,W06000005,NA,Wales,Wales,North Wales,W15000001,2,569,571,0.3502626970227671,415,150620,151035,0.27477074850200284,1.2757059008941383,0.15362853448296138,4.658382980670369,1.2747452155381598,0.3185230609489461,5.101594087713122,Chi-squared approximation may be incorrect,0
Wrexham,W06000006,NA,Wales,Wales,North Wales,W15000001,2,772,774,0.2583979328165375,380,129114,129494,0.29344988957017315,0.8802435092693053,0.10602555776308285,3.212605566984569,0.8805521555827553,0.21981817426190664,3.527333903599822,Chi-squared approximation may be incorrect,0
Carmarthenshire,W06000010,NA,Wales,Wales,Dyfed-Powys,W15000004,6,686,692,0.8670520231213872,995,181151,182146,0.5462650840534516,1.5923456528480504,0.5809361055394276,3.4961591464339685,1.5872367618439014,0.7138466722511115,3.529218018491352,Chi-squared approximation may be incorrect,0
Swansea,W06000011,NA,Wales,Wales,South Wales,W15000003,2,1341,1343,0.14892032762472077,665,217177,217842,0.30526712020638813,0.4870837219980569,0.058809027738737155,1.7698366945544737,0.4878361204575101,0.12187919423277846,1.9526226926681667,Chi-squared approximation may be incorrect,0
Neath Port Talbot,W06000012,NA,Wales,Wales,South Wales,W15000003,0,746,746,0,124,137184,137308,0.09030792087860867,0,0,5.5656919568106265,0,0,NA,Chi-squared approximation may be incorrect,0
Bridgend,W06000013,NA,Wales,Wales,South Wales,W15000003,0,766,766,0,210,140477,140687,0.14926752294099668,0,0,3.257716825617327,0,0,NA,Chi-squared approximation may be incorrect,0
Vale of Glamorgan,W06000014,NA,Wales,Wales,South Wales,W15000003,6,1476,1482,0.4048582995951417,229,124497,124726,0.18360245658483396,2.2098225820105144,0.8013297000132688,4.896149488685927,2.2050810600569277,0.9819816146352247,4.951602360934229,Chi-squared approximation may be incorrect,0
Rhondda Cynon Taf,W06000016,NA,Wales,Wales,South Wales,W15000003,0,1159,1159,0,378,229448,229826,0.1644722529217756,0,0,1.9445562924344777,0,0,NA,Chi-squared approximation may be incorrect,0
Caerphilly,W06000018,NA,Wales,Wales,Gwent,W15000002,0,786,786,0,4,171867,171871,0.002327326890516725,0,0,331.36648674176786,0,0,NA,Chi-squared approximation may be incorrect,0
Torfaen,W06000020,NA,Wales,Wales,Gwent,W15000002,0,479,479,0,3,89297,89300,0.00335946248600224,0,0,449.80371075206244,0,0,NA,Chi-squared approximation may be incorrect,0
Newport,W06000022,NA,Wales,Wales,Gwent,W15000002,0,2168,2168,0,8,135891,135899,0.005886724699961001,0,0,36.7428661381782,0,0,NA,Chi-squared approximation may be incorrect,0
Powys,W06000023,NA,Wales,Wales,Dyfed-Powys,W15000004,2,440,442,0.4524886877828055,565,129441,130006,0.43459532636955217,1.041379886806091,0.12540406236203075,3.8017773931083982,1.0411724662635649,0.26057542010975077,4.160177901848038,Chi-squared approximation may be incorrect,0
Merthyr Tydfil,W06000024,NA,Wales,Wales,South Wales,W15000003,0,217,217,0,104,56954,57058,0.18227067194784255,0,0,9.556386277583504,0,0,NA,Chi-squared approximation may be incorrect,0
Ceredigion,W06000008,NA,Wales,Wales,Dyfed-Powys,W15000004,5,313,318,1.5723270440251573,476,68214,68690,0.6929684087931286,2.2891811728337292,0.7347724832006833,5.436543611709559,2.268973627186724,0.9466056768192189,5.438633474255067,Chi-squared approximation may be incorrect,0
Cardiff,W06000015,NA,Wales,Wales,South Wales,W15000003,29,6881,6910,0.4196816208393632,1081,284584,285665,0.37841527663521957,1.1095088432284517,0.7389004918326186,1.6042609929308307,1.109050418289331,0.7675674683942897,1.6024556549808184,NA,0
Monmouthshire,W06000021,NA,Wales,Wales,Gwent,W15000002,0,444,444,0,5,90046,90051,0.005552409190347692,0,0,221.72351199873876,0,0,NA,Chi-squared approximation may be incorrect,0
Gwynedd,W06000002,NA,Wales,Wales,North Wales,W15000001,1,549,550,0.18181818181818182,297,112534,112831,0.2632255319903218,0.6901701031041916,0.01738434960207309,3.8908270815500545,0.6907315580042853,0.09715219107746861,4.910955480588004,Chi-squared approximation may be incorrect,0
Isle of Anglesey,W06000001,NA,Wales,Wales,North Wales,W15000001,0,234,234,0,256,67244,67500,0.37925925925925924,0,0,4.203701429044781,0,0,NA,Chi-squared approximation may be incorrect,0
Pembrokeshire,W06000009,NA,Wales,Wales,Dyfed-Powys,W15000004,2,443,445,0.44943820224719105,1123,118644,119767,0.9376539447427088,0.4769939653081245,0.057518319724608684,1.7371319659437308,0.47932204068156126,0.12010447784911121,1.9129146789329003,Chi-squared approximation may be incorrect,0
