la,la_code,county,region,country,force,force_code,Black_stopped,Black_not_stopped,Black_population,Black_stop_rate,White_stopped,White_not_stopped,White_population,White_stop_rate,or,or_ci_low,or_ci_upp,rr,rr_ci_low,rr_ci_upp,warning,stats_altered_flag
Hartlepool,E06000001,NA,North East,England,Cleveland,E23000013,8,437,445,1.7977528089887642,943,88069,89012,1.0594077203073742,1.7096809563569988,0.7313212435398693,3.412497547895591,1.696941389540911,0.8514658378961937,3.381944349819123,Chi-squared approximation may be incorrect,0
Middlesbrough,E06000002,NA,North East,England,Cleveland,E23000013,44,3772,3816,1.1530398322851152,1802,116265,118067,1.5262520433313287,0.7526178585451954,0.5439452452623003,1.0166250520170241,0.755471442166519,0.5611696203947351,1.0170491758404436,NA,0
Redcar and Cleveland,E06000003,NA,North East,England,Cleveland,E23000013,13,252,265,4.905660377358491,1539,131748,133287,1.154651241306354,4.416143326985402,2.3137302288020476,7.711516493860023,4.248607892897863,2.4947143430534604,7.235565497851953,Chi-squared approximation may be incorrect,0
Stockton-on-Tees,E06000004,NA,North East,England,Cleveland,E23000013,38,2165,2203,1.7249205628688153,1957,178692,180649,1.0833162652436492,1.6026314956715422,1.1274878175917964,2.2147971904768897,1.5922594520270243,1.1582321079220728,2.188930996842972,NA,0
Darlington,E06000005,NA,North East,England,Durham,E23000008,3,698,701,0.42796005706134094,653,100534,101187,0.6453398163795744,0.6617089414805126,0.1357773798047425,1.9503702901548472,0.6631545833670124,0.21384708110278178,2.056488211916749,Chi-squared approximation may be incorrect,0
Halton,E06000006,NA,North West,England,Cheshire,E23000006,12,499,511,2.3483365949119372,827,122990,123817,0.6679212062963891,3.576683608443867,1.8279537811862163,6.3369158744413125,3.5158886598816363,2.001848817526431,6.1750282840832345,Chi-squared approximation may be incorrect,0
Warrington,E06000007,NA,North West,England,Cheshire,E23000006,14,1562,1576,0.8883248730964468,545,196478,197023,0.27661745075448047,3.231130576042101,1.7506330340916219,5.485294257105645,3.2113840637079125,1.8936667525152018,5.446041438357226,Chi-squared approximation may be incorrect,0
Blackburn with Darwen,E06000008,NA,North West,England,Lancashire,E23000003,8,1398,1406,0.5689900426742532,601,92547,93148,0.6452097736934771,0.8811933173322194,0.37796138699232235,1.7523497495357836,0.8818682944263118,0.43987248782828,1.7679934759138014,NA,0
Blackpool,E06000009,NA,North West,England,Lancashire,E23000003,29,682,711,4.0787623066104075,1687,131420,133107,1.2674014139000953,3.3124501396976442,2.194730285039429,4.819575776818834,3.218208739454603,2.246174842991782,4.610891054637228,NA,0
"Kingston upon Hull, City of",E06000010,NA,Yorkshire and The Humber,England,Humberside,E23000012,15,5050,5065,0.29615004935834155,608,243644,244252,0.24892324320783454,1.1902850861507055,0.661569545624513,1.98079656690271,1.1897243726295006,0.71334709331006,1.9842291306757014,NA,0
East Riding of Yorkshire,E06000011,NA,Yorkshire and The Humber,England,Humberside,E23000012,4,890,894,0.44742729306487694,547,332173,332720,0.16440250060110603,2.729169493486556,0.7393508451759128,7.052431010571824,2.7215358125876756,1.0200284018386805,7.261324455128901,Chi-squared approximation may be incorrect,0
North East Lincolnshire,E06000012,NA,Yorkshire and The Humber,England,Humberside,E23000012,4,842,846,0.4728132387706856,612,150226,150838,0.4057333032790145,1.1661124021797433,0.3159940992181795,3.0122237241554597,1.1653301194394228,0.43698779553135564,3.107625204089384,Chi-squared approximation may be incorrect,0
North Lincolnshire,E06000013,NA,Yorkshire and The Humber,England,Humberside,E23000012,13,805,818,1.5892420537897312,459,159199,159658,0.2874895088251137,5.60088713022006,2.9468820341023223,9.72660439124302,5.5280001704566635,3.199145961210131,9.552169940070357,Chi-squared approximation may be incorrect,0
York,E06000014,NA,Yorkshire and The Humber,England,North Yorkshire,E23000009,5,1320,1325,0.37735849056603776,74,187503,187577,0.039450465675429286,9.594653176208205,3.022368191889845,23.46065454942825,9.565374808771036,3.8733213029095914,23.622206390040656,Chi-squared approximation may be incorrect,0
Derby,E06000015,NA,East Midlands,England,Derbyshire,E23000018,62,10420,10482,0.5914901736309864,438,190862,191300,0.22895974908520647,2.5926882574499333,1.9527741991602998,3.3915534179726894,2.583380598529857,1.9815442837390393,3.368007150598406,NA,0
Leicester,E06000016,NA,East Midlands,England,Leicestershire,E23000021,426,28340,28766,1.4809149690606966,1276,148085,149361,0.8543060102704187,1.7444869741765674,1.5584439575436322,1.9496187914767145,1.7334713220523095,1.5545435102914422,1.932993708110766,NA,0
Rutland,E06000017,NA,East Midlands,England,Leicestershire,E23000021,2,550,552,0.36231884057971014,50,38755,38805,0.12884937508053088,2.8183764346327207,0.3313563569163828,10.774920691729022,2.8119565217391305,0.6859363452185478,11.527453728424211,Chi-squared approximation may be incorrect,0
Nottingham,E06000018,NA,East Midlands,England,Nottinghamshire,E23000019,236,31979,32215,0.7325779916188111,902,211129,212031,0.42540949200824407,1.7273732293341433,1.4896162927106948,1.9967412205621313,1.7220537044448796,1.4928590720393937,1.9864359714418371,NA,0
"Herefordshire, County of",E06000019,NA,West Midlands,England,West Mercia,E23000016,8,559,567,1.4109347442680775,270,180386,180656,0.149455318395182,9.56058412266725,4.065843630581947,19.238187142338983,9.440512117055327,4.696027043866025,18.978440328337054,Chi-squared approximation may be incorrect,0
Telford and Wrekin,E06000020,NA,West Midlands,England,West Mercia,E23000016,51,5300,5351,0.9530928798355447,465,162783,163248,0.2848426933254925,3.3685379799863027,2.4683124631918063,4.510969060805399,3.346032396718129,2.509168841606877,4.4620085401336995,NA,0
Stoke-on-Trent,E06000021,NA,West Midlands,England,Staffordshire,E23000015,4,6880,6884,0.058105752469494475,15,214961,214976,0.006977523072342959,8.332249921747668,2.01222088685325,26.160678880693883,8.327561495254697,2.7646068535684916,25.0843190841893,Chi-squared approximation may be incorrect,0
Bath and North East Somerset,E06000022,NA,South West,England,Avon and Somerset,E23000036,6,1840,1846,0.3250270855904659,283,177736,178019,0.158971795145462,2.047952624819823,0.7442713615292864,4.521676144998137,2.0445581890363655,0.9120078004018799,4.583533371659358,Chi-squared approximation may be incorrect,0
"Bristol, City of",E06000023,NA,South West,England,Avon and Somerset,E23000036,292,27598,27890,1.046970240229473,1179,380724,381903,0.30871713497930103,3.41662233502903,2.993559164211392,3.8894984560962222,3.391357723955525,2.985274332310208,3.8526801665602055,NA,0
South Gloucestershire,E06000025,NA,South West,England,Avon and Somerset,E23000036,27,4507,4534,0.5955006616674019,292,263748,264040,0.11058930465081049,5.410969364541266,3.5016568227005265,8.048351428342945,5.384794339269205,3.634330966823025,7.978362548959795,NA,0
Torbay,E06000027,NA,South West,England,Devon & Cornwall,E23000035,10,437,447,2.237136465324385,806,132997,133803,0.6023781230615157,3.7759273297861475,1.7910883314911723,7.047128500421213,3.7138408246873285,2.0044917310922155,6.880853364058967,Chi-squared approximation may be incorrect,0
Swindon,E06000030,NA,South West,England,Wiltshire,E23000038,30,6093,6123,0.4899559039686428,163,189265,189428,0.08604852503325802,5.716302311344775,3.734247217817466,8.485606512730152,5.693948894292765,3.8607356594778666,8.397636323850906,NA,0
Peterborough,E06000031,NA,East of England,England,Cambridgeshire,E23000023,100,8651,8751,1.142726545537653,514,160578,161092,0.31907233133861396,3.6111815236239524,2.882049570958273,4.487103645987113,3.5814028146644277,2.893949456426123,4.432159688347245,NA,0
Luton,E06000032,NA,East of England,England,Bedfordshire,E23000026,214,22521,22735,0.9412799648119639,655,100097,100752,0.6501111640463713,1.4521243892986921,1.2377299221460072,1.6982044276683756,1.4478754048051143,1.2416569818795768,1.6883432529539704,NA,0
Southend-on-Sea,E06000033,NA,East of England,England,Essex,E23000028,151,5002,5153,2.9303318455268776,1158,156574,157732,0.7341566708087135,4.081692374281325,3.4138076259411245,4.852193161284072,3.9914257569831215,3.37654674493937,4.718276030795586,NA,0
Thurrock,E06000034,NA,East of England,England,Essex,E23000028,169,20708,20877,0.8095032811227667,726,133508,134234,0.5408465813430279,1.500777498601645,1.261024579492171,1.7777921875033464,1.4967336561740148,1.2668384115493692,1.768348367953423,NA,0
Medway,E06000035,NA,South East,England,Kent,E23000032,149,15574,15723,0.9476562996883547,1057,233472,234529,0.4506905329404893,2.1132706088663933,1.766683081979005,2.512734965930755,2.1026762943198687,1.7726258945202968,2.494179743375125,NA,0
Bracknell Forest,E06000036,NA,South East,England,Thames Valley,E23000029,20,2973,2993,0.6682258603407952,244,106700,106944,0.22815679233991623,2.941693578487222,1.7628989154647121,4.65252513178154,2.928801082306803,1.8592505878567336,4.613620044412475,NA,0
West Berkshire,E06000037,NA,South East,England,Thames Valley,E23000029,22,2008,2030,1.083743842364532,1051,146985,148036,0.7099624415682672,1.5322116201414562,0.9539043268444881,2.3387993741382553,1.526480527576364,1.0030306477586297,2.323102296302458,NA,0
Reading,E06000038,NA,South East,England,Thames Valley,E23000029,144,12388,12532,1.149058410469199,761,115445,116206,0.6548715212639623,1.7633905385474133,1.4638692356565899,2.1121111608375696,1.7546318219051737,1.4697621642914955,2.094714985350289,NA,0
Slough,E06000039,NA,South East,England,Thames Valley,E23000029,120,11872,11992,1.0006671114076051,543,55997,56540,0.9603820304209408,1.0423760162273814,0.8472633570966943,1.2737475834417393,1.0419469333146592,0.8558774771341505,1.2684682572546035,NA,0
Windsor and Maidenhead,E06000040,NA,South East,England,Thames Valley,E23000029,30,2328,2358,1.2722646310432568,546,121521,122067,0.4472953378062867,2.868039253049109,1.9120318000157575,4.153781979661733,2.844350306182367,1.9740013341126064,4.098441335611688,NA,0
Wokingham,E06000041,NA,South East,England,Thames Valley,E23000029,14,4292,4306,0.3251277287505806,222,141119,141341,0.15706695155687309,2.0734275661386317,1.114309453516007,3.556993126479498,2.06999451843855,1.207208734654481,3.549408800121076,NA,0
Milton Keynes,E06000042,NA,South East,England,Thames Valley,E23000029,178,27673,27851,0.6391152920900507,872,204508,205380,0.424578829486805,1.5085321701960368,1.276052797077264,1.7753893587808636,1.5052924161634702,1.2818062588789922,1.7677439491837967,NA,0
Brighton and Hove,E06000043,NA,South East,England,Sussex,E23000033,169,5289,5458,3.0963722975448884,1392,234195,235587,0.5908645213870035,5.3753108834094085,4.543685407886685,6.326596707065399,5.240409917109969,4.47727513862497,6.133618160392624,NA,0
Southampton,E06000045,NA,South East,England,Hampshire,E23000030,196,7343,7539,2.5998142989786444,1827,198084,199911,0.913906688476372,2.8939227019209874,2.4802642089496305,3.361424157282082,2.844726197718225,2.4594972231558523,3.290293261482405,NA,0
County Durham,E06000047,NA,North East,England,Durham,E23000008,4,1736,1740,0.22988505747126436,2141,502375,504516,0.42436711620642364,0.5406572123957589,0.1469978594776701,1.3888386474096397,0.5417127027331733,0.20335814407851227,1.4430336863675524,NA,0
Cheshire East,E06000049,NA,North West,England,Cheshire,E23000006,40,2382,2422,1.6515276630883566,789,374991,375780,0.20996327638511894,7.980967001777761,5.643129008262953,11.000959082431507,7.865792968762265,5.739603498905816,10.779612047979406,NA,0
Cheshire West and Chester,E06000050,NA,North West,England,Cheshire,E23000006,17,2090,2107,0.8068343616516375,742,339044,339786,0.21837274048960229,3.7167676470538877,2.14920983790755,6.00605145288837,3.6947576874415535,2.2888530935772375,5.964224793288505,Chi-squared approximation may be incorrect,0
Shropshire,E06000051,NA,West Midlands,England,West Mercia,E23000016,19,1098,1117,1.7009847806624887,480,311889,312369,0.15366441612323886,11.243235611385119,6.684193916690014,17.830769738972425,11.06947739480752,7.0252567343175505,17.441829448821956,Chi-squared approximation may be incorrect,0
Wiltshire,E06000054,NA,South West,England,Wiltshire,E23000038,10,5776,5786,0.17283097131005876,75,480367,480442,0.015610625215946984,11.086994385652577,5.1075521326813105,21.554794917332163,11.0713676690863,5.726184636969728,21.406082729626352,Chi-squared approximation may be incorrect,0
Bedford,E06000055,NA,East of England,England,Bedfordshire,E23000026,164,9684,9848,1.6653127538586516,581,138902,139483,0.41653821612669645,4.0489892043037266,3.379252530132688,4.829188171530557,3.99798311267584,3.365888668981333,4.748781240610261,NA,0
Central Bedfordshire,E06000056,NA,East of England,England,Bedfordshire,E23000026,45,6973,7018,0.6412083214591051,434,264378,264812,0.16388985393411176,3.931277863781236,2.8227501312503045,5.357563434114873,3.912434516641211,2.8809742331419197,5.313183183284479,NA,0
"Bournemouth, Christchurch and Poole",E06000058,NA,South West,England,Dorset,E23000039,88,4145,4233,2.0789038506969053,531,363626,364157,0.14581622761611063,14.542166479712167,11.443585665007676,18.28612171368741,14.257012986030752,11.401111382902329,17.82829870328887,NA,0
Dorset,E06000059,NA,South West,England,Dorset,E23000039,17,1065,1082,1.5711645101663587,346,367328,367674,0.0941051039779805,16.94342728616376,9.721883804506206,27.677712499004556,16.695847980083983,10.29781231818649,27.068986223586982,Chi-squared approximation may be incorrect,0
Buckinghamshire,E06000060,NA,South East,England,Thames Valley,E23000029,99,14170,14269,0.693811759758918,985,440006,440991,0.22336056744922234,3.12090578237456,2.5105836901034464,3.8435419619961397,3.106241032973045,2.528031376733622,3.81669841748255,NA,0
North Northamptonshire,E06000061,NA,East Midlands,England,Northamptonshire,E23000022,176,10841,11017,1.5975310883180538,1593,321970,323563,0.4923307053031403,3.281224372443795,2.788827355210671,3.84100696938285,3.2448333429344287,2.7802502251677987,3.787048851972868,NA,0
West Northamptonshire,E06000062,NA,East Midlands,England,Northamptonshire,E23000022,246,20415,20661,1.190649048932772,1404,362605,364009,0.3857047490584024,3.1120599642372864,2.7046275656415015,3.568754558613556,3.0869442282975026,2.6978094341945558,3.5322082233967205,NA,0
Cambridge,E07000008,Cambridgeshire,East of England,England,Cambridgeshire,E23000023,68,3493,3561,1.9095759618084809,368,107207,107575,0.342086916105043,5.670701209282618,4.302403080517894,7.380654245192492,5.58213679596596,4.319003589925553,7.2146851837681,NA,0
East Cambridgeshire,E07000009,Cambridgeshire,East of England,England,Cambridgeshire,E23000023,1,704,705,0.14184397163120568,87,82442,82529,0.10541748960971294,1.3460279738104532,0.033649055558851025,7.723779228580704,1.3455449580174454,0.1876827141158773,9.646552920842526,Chi-squared approximation may be incorrect,0
Fenland,E07000010,Cambridgeshire,East of England,England,Cambridgeshire,E23000023,6,808,814,0.7371007371007371,260,97260,97520,0.2666119770303527,2.777704322736274,1.0071061789856273,6.1542717476379485,2.764694764694765,1.2343489135037455,6.192363486782822,Chi-squared approximation may be incorrect,0
Huntingdonshire,E07000011,Cambridgeshire,East of England,England,Cambridgeshire,E23000023,19,2627,2646,0.7180650037792895,439,166277,166716,0.2633220566712253,2.739292960544751,1.6308147700401252,4.338427190243075,2.7269459036461967,1.7254998915651378,4.309611375673653,NA,0
Allerdale,E07000026,Cumbria,North West,England,Cumbria,E23000002,5,79,84,5.952380952380952,980,93601,94581,1.036148909400408,6.044615371981591,1.9059881176590343,14.755863261626484,5.744715743440233,2.4497018306580403,13.4717452385073,Chi-squared approximation may be incorrect,0
Barrow-in-Furness,E07000027,Cumbria,North West,England,Cumbria,E23000002,4,246,250,1.6,941,64433,65374,1.4394101630617677,1.113377694854453,0.3003199764480247,2.8967331061573587,1.1115664187035068,0.41961921454838746,2.9445265143997874,Chi-squared approximation may be incorrect,0
Carlisle,E07000028,Cumbria,North West,England,Cumbria,E23000002,17,320,337,5.044510385756676,2097,104139,106236,1.9739071501186038,2.6381244626003273,1.514826122896006,4.3015688275137425,2.5555965919944983,1.6050185089212359,4.069158021986647,NA,0
Copeland,E07000029,Cumbria,North West,England,Cumbria,E23000002,9,176,185,4.864864864864865,611,65069,65680,0.9302679658952496,5.44614705078503,2.4377324611629967,10.645928806340685,5.229530676339188,2.751706425570181,9.938556977096795,Chi-squared approximation may be incorrect,0
Eden,E07000030,Cumbria,North West,England,Cumbria,E23000002,10,77,87,11.494252873563218,820,52800,53620,1.5292801193584484,8.361393123106446,3.842569733654365,16.298988018160603,7.5161199887860946,4.178782867011503,13.518783215991961,Chi-squared approximation may be incorrect,0
South Lakeland,E07000031,Cumbria,North West,England,Cumbria,E23000002,9,242,251,3.5856573705179287,836,101082,101918,0.8202672736906139,4.496905854074426,2.024550593377313,8.719282032761667,4.3713280847900275,2.293371667877626,8.332059514172771,Chi-squared approximation may be incorrect,0
Amber Valley,E07000032,Derbyshire,East Midlands,England,Derbyshire,E23000018,4,377,381,1.0498687664041995,173,122493,122666,0.14103337518138684,7.51228074241542,2.013546235905208,19.74124246560931,7.444115728308528,2.7767804850684725,19.956514126497087,Chi-squared approximation may be incorrect,0
Bolsover,E07000033,Derbyshire,East Midlands,England,Derbyshire,E23000018,2,417,419,0.47732696897374705,82,77931,78013,0.10511068668042506,4.557826474082901,0.5411079209467179,17.098223640089252,4.541184003725479,1.120498798018215,18.4046178292794,Chi-squared approximation may be incorrect,0
Chesterfield,E07000034,Derbyshire,East Midlands,England,Derbyshire,E23000018,5,834,839,0.5959475566150179,182,98607,98789,0.1842310378685886,3.2480733945139537,1.0394596436523826,7.750035492612734,3.2347836906835714,1.3338684098844749,7.844720999441531,Chi-squared approximation may be incorrect,0
Derbyshire Dales,E07000035,Derbyshire,East Midlands,England,Derbyshire,E23000018,3,166,169,1.7751479289940828,215,69678,69893,0.3076130656861202,5.8564129343887945,1.1863513853925305,17.638312038651407,5.770716939589928,1.8652327495466807,17.85362926152972,Chi-squared approximation may be incorrect,0
Erewash,E07000036,Derbyshire,East Midlands,England,Derbyshire,E23000018,8,863,871,0.9184845005740528,106,107565,107671,0.09844805007847982,9.407029315131673,3.9458997057343526,19.297538292899628,9.329636288802721,4.561587656608252,19.081539111771527,Chi-squared approximation may be incorrect,0
High Peak,E07000037,Derbyshire,East Midlands,England,Derbyshire,E23000018,1,222,223,0.4484304932735426,116,88466,88582,0.13095211216725744,3.4352018739590933,0.08585848778218233,19.717716242531587,3.4243853409618064,0.4804268254067778,24.40832681119614,Chi-squared approximation may be incorrect,0
North East Derbyshire,E07000038,Derbyshire,East Midlands,England,Derbyshire,E23000018,2,322,324,0.6172839506172839,73,99234,99307,0.07350942028255812,8.442685019651103,0.9993038110776699,31.85174292395197,8.397344833417893,2.069682615264237,34.070634662178605,Chi-squared approximation may be incorrect,0
South Derbyshire,E07000039,Derbyshire,East Midlands,England,Derbyshire,E23000018,0,855,855,0,87,99627,99714,0.08724953366628557,0,0,5.058033375196636,0,0,NA,Chi-squared approximation may be incorrect,0
East Devon,E07000040,Devon,South West,England,Devon & Cornwall,E23000035,3,345,348,0.8620689655172413,233,146411,146644,0.15888819181146177,5.464674341775228,1.1132292581876095,16.294810399509487,5.4256326772236205,1.7456998313487668,16.862858905939568,Chi-squared approximation may be incorrect,0
Exeter,E07000041,Devon,South West,England,Devon & Cornwall,E23000035,26,1111,1137,2.2867194371152153,719,117034,117753,0.610600154560818,3.8092462265533236,2.460182093005189,5.657806171193816,3.7450357980337685,2.5435130195139126,5.514142456103795,NA,0
Mid Devon,E07000042,Devon,South West,England,Devon & Cornwall,E23000035,3,98,101,2.9702970297029703,84,80795,80879,0.10385885087599994,29.43647960049144,5.85175126790495,91.60380790884612,28.59936350777935,9.192827764846761,88.97410176418504,Chi-squared approximation may be incorrect,0
North Devon,E07000043,Devon,South West,England,Devon & Cornwall,E23000035,9,316,325,2.769230769230769,200,95327,95527,0.2093648916013274,13.577858537410858,6.061792651094446,26.595410854248662,13.226815384615383,6.843682300231842,25.563525240318583,Chi-squared approximation may be incorrect,0
Teignbridge,E07000045,Devon,South West,England,Devon & Cornwall,E23000035,5,211,216,2.314814814814815,203,131295,131498,0.15437497148245602,15.324940641748563,4.87302014004567,36.942207623307574,14.994754606823571,6.237285821944359,36.04815814721895,Chi-squared approximation may be incorrect,0
West Devon,E07000047,Devon,South West,England,Devon & Cornwall,E23000035,0,122,122,0,60,55713,55773,0.10757893604432252,0,0,29.395921483290326,0,0,NA,Chi-squared approximation may be incorrect,0
Eastbourne,E07000061,East Sussex,South East,England,Sussex,E23000033,26,1282,1308,1.9877675840978593,588,91541,92129,0.638235517589467,3.15723970577588,2.0373487230923404,4.695478233624437,3.114473465227069,2.11083446122222,4.595312964516896,NA,0
Hastings,E07000062,East Sussex,South East,England,Sussex,E23000033,9,1253,1262,0.7131537242472267,302,82597,82899,0.36429872495446264,1.96446456339086,0.8875522104808932,3.7913370006922875,1.9576069730586372,1.0111342386438775,3.790026006940027,Chi-squared approximation may be incorrect,0
Lewes,E07000063,East Sussex,South East,England,Sussex,E23000033,9,713,722,1.2465373961218837,137,93797,93934,0.1458470841228948,8.64271537968125,3.8531706767075873,16.986111664427934,8.546879107103141,4.371530917744775,16.710196918639532,Chi-squared approximation may be incorrect,0
Rother,E07000064,East Sussex,South East,England,Sussex,E23000033,3,558,561,0.53475935828877,93,88685,88778,0.10475568271418594,5.127232176104003,1.0353106642764431,15.526447161828468,5.104824334425852,1.621731651160256,16.068769125090736,Chi-squared approximation may be incorrect,0
Wealden,E07000065,East Sussex,South East,England,Sussex,E23000033,6,640,646,0.9287925696594427,159,153149,153308,0.10371278733008062,9.03023671478777,3.2522858067257956,20.198936774470855,8.955429639581752,3.9781702907426495,20.159951477222346,Chi-squared approximation may be incorrect,0
Basildon,E07000066,Essex,East of England,England,Essex,E23000028,125,8788,8913,1.4024458655895882,1158,162440,163598,0.7078326140906368,1.9952774832031337,1.6435253703596189,2.4046439001345536,1.9813241685554874,1.649508432397382,2.3798880828978803,NA,0
Braintree,E07000067,Essex,East of England,England,Essex,E23000028,45,1844,1889,2.3822128110111174,982,145771,146753,0.669151567599981,3.6227987133490704,2.615591719690131,4.904732478963734,3.560049660430901,2.649703651841184,4.783158892477465,NA,0
Brentwood,E07000068,Essex,East of England,England,Essex,E23000028,45,1702,1747,2.575844304522038,292,67730,68022,0.4292728823027844,6.13226997540608,4.360996158639289,8.450528255660464,6.000482235691715,4.399857260696352,8.183398898525473,NA,0
Castle Point,E07000069,Essex,East of England,England,Essex,E23000028,10,1169,1179,0.8481764206955046,341,84577,84918,0.40156386160766855,2.12167805200151,1.0056154325526312,3.9639839205576237,2.112183146411169,1.1292312081940157,3.9507565958245077,Chi-squared approximation may be incorrect,0
Chelmsford,E07000070,Essex,East of England,England,Essex,E23000028,110,4646,4756,2.3128679562657695,911,159388,160299,0.5683129651463826,4.142325822742639,3.3600953547706744,5.064984367690065,4.069708238435198,3.346277288390688,4.949537566252518,NA,0
Colchester,E07000071,Essex,East of England,England,Essex,E23000028,108,6553,6661,1.621378171445729,1180,166102,167282,0.7053956791525687,2.319801066426422,1.8841603645119955,2.831760793021763,2.2985371464049527,1.8903482999952308,2.794867492629137,NA,0
Epping Forest,E07000072,Essex,East of England,England,Essex,E23000028,68,3864,3932,1.7293997965412005,314,112853,113167,0.2774660457553881,6.32466361950175,4.782998206957961,8.261589318333838,6.232833973731784,4.804773627147017,8.085338115538335,NA,0
Harlow,E07000073,Essex,East of England,England,Essex,E23000028,77,5750,5827,1.3214347005320062,668,76171,76839,0.8693501997683468,1.5269647497568353,1.1882545633406698,1.9387309931617933,1.520025762787108,1.2024422301452597,1.9214880030098531,NA,0
Maldon,E07000074,Essex,East of England,England,Essex,E23000028,7,229,236,2.9661016949152543,141,63768,63909,0.22062620288222315,13.82550625295831,5.397918409712447,29.662014787424283,13.44401370357014,6.362438933425992,28.4075818020398,Chi-squared approximation may be incorrect,0
Rochford,E07000075,Essex,East of England,England,Essex,E23000028,17,616,633,2.6856240126382307,301,81680,81981,0.367158243983362,7.488750049606634,4.2777139446300145,12.2935149651646,7.314622663790525,4.51576091483932,11.848214669164294,Chi-squared approximation may be incorrect,0
Tendring,E07000076,Essex,East of England,England,Essex,E23000028,34,876,910,3.7362637362637363,751,141759,142510,0.5269805627675251,7.326573748921768,5.002893346618392,10.406899457830859,7.089946006057857,5.059460115792497,9.935315867381245,Chi-squared approximation may be incorrect,0
Uttlesford,E07000077,Essex,East of England,England,Essex,E23000028,27,682,709,3.80818053596615,283,85825,86108,0.32865703535095464,12.004787096842598,7.7167645600847266,17.99444857518743,11.58709574526407,7.862414040376853,17.076280531708225,Chi-squared approximation may be incorrect,0
Cheltenham,E07000078,Gloucestershire,South West,England,Gloucestershire,E23000037,12,1169,1181,1.0160880609652836,326,107995,108321,0.3009573397586802,3.400489305997271,1.73402914954021,6.0433762715855215,3.3761863451478673,1.9031216567168516,5.9894406628881205,Chi-squared approximation may be incorrect,0
Cotswold,E07000079,Gloucestershire,South West,England,Gloucestershire,E23000037,1,401,402,0.24875621890547264,60,87322,87382,0.06866402691629855,3.629474021047119,0.09017735763510953,21.12203778151264,3.6228026533996682,0.5033088578015301,26.076829092197585,Chi-squared approximation may be incorrect,0
Forest of Dean,E07000080,Gloucestershire,South West,England,Gloucestershire,E23000037,2,240,242,0.8264462809917356,136,84567,84703,0.16056101909023293,5.182354359394555,0.6176946862825439,19.28219214165691,5.147241127856102,1.2816097743152401,20.672510275172534,Chi-squared approximation may be incorrect,0
Gloucester,E07000081,Gloucestershire,South West,England,Gloucestershire,E23000037,46,4780,4826,0.9531703273932863,461,111480,111941,0.41182408590239505,2.3269954586368478,1.6776290705739991,3.1601261499713122,2.3145084515993894,1.7117469779724581,3.129521735081571,NA,0
Stroud,E07000082,Gloucestershire,South West,England,Gloucestershire,E23000037,0,528,528,0,114,116402,116516,0.09784063991211507,0,0,7.273740914771927,0,0,NA,Chi-squared approximation may be incorrect,0
Tewkesbury,E07000083,Gloucestershire,South West,England,Gloucestershire,E23000037,4,591,595,0.6722689075630253,115,89650,89765,0.12811229321004847,5.276759248261954,1.4089734843150974,13.954790670984483,5.247497259773475,1.9428127704214537,14.173381969975775,Chi-squared approximation may be incorrect,0
Basingstoke and Deane,E07000084,Hampshire,South East,England,Hampshire,E23000030,43,3568,3611,1.1908058709498754,588,162792,163380,0.35989717223650386,3.336492156948886,2.3846020547985383,4.559670104591956,3.3087391699964392,2.4319668396545833,4.501605333000205,NA,0
East Hampshire,E07000085,Hampshire,South East,England,Hampshire,E23000030,8,650,658,1.21580547112462,267,119365,119632,0.22318443225892737,5.502767687666983,2.341160301397266,11.065982612279162,5.4475370832052645,2.707682322266967,10.959801313785958,Chi-squared approximation may be incorrect,0
Eastleigh,E07000086,Hampshire,South East,England,Hampshire,E23000030,12,1288,1300,0.9230769230769231,348,125440,125788,0.27665596082297195,3.3582390569869904,1.7140528101554207,5.961721268934589,3.3365517241379314,1.881505929767176,5.916844178761309,Chi-squared approximation may be incorrect,0
Fareham,E07000087,Hampshire,South East,England,Hampshire,E23000030,4,666,670,0.5970149253731344,275,109057,109332,0.2515274576519226,2.3816054019658983,0.6425133166619635,6.196301941603842,2.3735576662143827,0.887127077758167,6.3505850921403715,Chi-squared approximation may be incorrect,0
Gosport,E07000088,Hampshire,South East,England,Hampshire,E23000030,5,979,984,0.5081300813008129,390,77675,78065,0.4995836802664446,1.0171979802774156,0.32769948608150645,2.4022590447377348,1.0171070460704608,0.4219293190773209,2.4518484409389885,Chi-squared approximation may be incorrect,0
Hart,E07000089,Hampshire,South East,England,Hampshire,E23000030,6,837,843,0.7117437722419928,179,91449,91628,0.19535513161915574,3.662414398177683,1.3224722878208472,8.16279576741988,3.643332869440744,1.6197612505830241,8.194957369655233,Chi-squared approximation may be incorrect,0
Havant,E07000090,Hampshire,South East,England,Hampshire,E23000030,13,737,750,1.7333333333333332,532,118477,119009,0.4470250149148384,3.928153571274391,2.0679421327369476,6.816025318161075,3.8774862155388465,2.247218757003418,6.690447605440176,Chi-squared approximation may be incorrect,0
New Forest,E07000091,Hampshire,South East,England,Hampshire,E23000030,16,687,703,2.275960170697013,501,169022,169523,0.2955351191283778,7.856934400702004,4.430963413367368,12.973191797430133,7.701149621099196,4.707507468490076,12.598536674351605,Chi-squared approximation may be incorrect,0
Rushmoor,E07000092,Hampshire,South East,England,Hampshire,E23000030,45,2486,2531,1.7779533781114183,461,76460,76921,0.5993161815369015,3.002135587717735,2.153763178262687,4.094601867446229,2.966636698431853,2.189992486181668,4.018704792831228,NA,0
Test Valley,E07000093,Hampshire,South East,England,Hampshire,E23000030,12,1446,1458,0.823045267489712,355,120843,121198,0.2929091239129359,2.8248338337409975,1.4424901588725558,5.012052183500949,2.8098997275836086,1.5843827951884517,4.983351563177834,Chi-squared approximation may be incorrect,0
Winchester,E07000094,Hampshire,South East,England,Hampshire,E23000030,27,765,792,3.4090909090909087,498,118346,118844,0.4190367204065834,8.386896621399979,5.4359162806801455,12.446994996174274,8.135542168674698,5.55841371984939,11.907542279900252,Chi-squared approximation may be incorrect,0
Broxbourne,E07000095,Hertfordshire,East of England,England,Hertfordshire,E23000027,67,6521,6588,1.0170006071645417,199,79764,79963,0.2488651001088003,4.118466067652619,3.070710282690896,5.4646454028374825,4.086553746266243,3.1018749282044684,5.383815243250146,NA,0
Dacorum,E07000096,Hertfordshire,East of England,England,Hertfordshire,E23000027,37,4374,4411,0.8388120607571979,397,133809,134206,0.2958138980373456,2.85107676157604,1.9754502160730365,4.0046955896273255,2.8356073407047986,2.0272841111898168,3.966227006011435,NA,0
Hertsmere,E07000098,Hertfordshire,East of England,England,Hertfordshire,E23000027,57,5124,5181,1.1001737116386796,212,82484,82696,0.25636064622230825,4.328051437469506,3.1673873543182225,5.831803969867447,4.29150779517322,3.2077202654552184,5.741472956470189,NA,0
North Hertfordshire,E07000099,Hertfordshire,East of England,England,Hertfordshire,E23000027,36,3199,3235,1.1128284389489953,247,116253,116500,0.21201716738197424,5.296284407643433,3.6185349444575583,7.550604160487727,5.2487657140711725,3.706492623103188,7.432779266708415,NA,0
Three Rivers,E07000102,Hertfordshire,East of England,England,Hertfordshire,E23000027,15,2218,2233,0.6717420510523959,153,71987,72140,0.21208760742999722,3.1818099218345544,1.7352985254885276,5.426517687233609,3.1672857230666565,1.8668684411123568,5.373543539878246,NA,0
Watford,E07000103,Hertfordshire,East of England,England,Hertfordshire,E23000027,93,6395,6488,1.4334155363748458,310,61495,61805,0.5015775422700428,2.884704085174249,2.259628289980164,3.6542117897459567,2.8578144266337855,2.269921497950575,3.5979672884943183,NA,0
Ashford,E07000105,Kent,South East,England,Kent,E23000032,29,3395,3424,0.8469626168224298,312,115819,116131,0.268662114336396,3.170805936006466,2.085481443839319,4.653808223557793,3.1525197325065895,2.1580991702884154,4.605154758720019,NA,0
Canterbury,E07000106,Kent,South East,England,Kent,E23000032,117,3789,3906,2.995391705069124,774,139118,139892,0.5532839619134761,5.549400113628093,4.5177563760898085,6.768374831284161,5.413841555627002,4.468998443658416,6.558444975747246,NA,0
Dartford,E07000107,Kent,South East,England,Kent,E23000032,147,12135,12282,1.1968734733756716,636,85833,86469,0.7355237137008639,1.6348203725829193,1.3555618803009029,1.961109850410111,1.627239817127688,1.3614047110499685,1.9449832962628582,NA,0
Dover,E07000108,Kent,South East,England,Kent,E23000032,15,822,837,1.7921146953405016,461,109468,109929,0.41936158793403017,4.333086129934441,2.3944485250555467,7.265121115826834,4.273435495533319,2.5669200178086244,7.114460445898334,Chi-squared approximation may be incorrect,0
Gravesham,E07000109,Kent,South East,England,Kent,E23000032,84,6868,6952,1.2082853855005753,393,80829,81222,0.4838590529659452,2.515306732073299,1.9606510792016016,3.1955694221209923,2.4971846203849295,1.975541625000323,3.156567773299135,NA,0
Maidstone,E07000110,Kent,South East,England,Kent,E23000032,94,3512,3606,2.6067665002773155,1207,155375,156582,0.7708421146747391,3.4453961535663393,2.75562933217169,4.264999230562537,3.381712610989417,2.7486661743075653,4.160556232771982,NA,0
Sevenoaks,E07000111,Kent,South East,England,Kent,E23000032,15,1917,1932,0.7763975155279503,451,110022,110473,0.4082445484417007,1.9088521530530418,1.0573566169305206,3.1901512354585964,1.9017951825480988,1.1392397552933573,3.1747706306402677,NA,0
Folkestone and Hythe,E07000112,Kent,South East,England,Kent,E23000032,31,651,682,4.545454545454546,477,100854,101331,0.47073452349231726,10.06703245496873,6.708601624456014,14.61821414283184,9.656089193825043,6.767964721585687,13.776676202481637,Chi-squared approximation may be incorrect,0
Swale,E07000113,Kent,South East,England,Kent,E23000032,27,3460,3487,0.7743045597935188,550,140689,141239,0.3894108567746869,1.9961001574225326,1.301517922305994,2.9415910921739976,1.9884000312850327,1.3531717396367917,2.9218277093752714,NA,0
Thanet,E07000114,Kent,South East,England,Kent,E23000032,43,1438,1481,2.9034436191762323,1132,129022,130154,0.8697389246584815,3.4081409094474346,2.4417598927552366,4.644458660764979,3.3382932933768843,2.4726300094348503,4.507023723760526,NA,0
Tonbridge and Malling,E07000115,Kent,South East,England,Kent,E23000032,11,1303,1314,0.837138508371385,365,122385,122750,0.2973523421588595,2.8305447501829866,1.3971085779874588,5.141880977455229,2.8153082713037674,1.5492175516140034,5.116105645855868,Chi-squared approximation may be incorrect,0
Tunbridge Wells,E07000116,Kent,South East,England,Kent,E23000032,13,1118,1131,1.1494252873563218,397,104713,105110,0.3776995528493959,3.0668610435169397,1.6135552537458675,5.327263658695092,3.043226497582443,1.7570032419301578,5.271036099747872,Chi-squared approximation may be incorrect,0
Burnley,E07000117,Lancashire,North West,England,Lancashire,E23000003,8,318,326,2.4539877300613497,462,77461,77923,0.5928929840996882,4.2178122943919565,1.7946313784368222,8.481565129254076,4.139006188085943,2.075177987695512,8.255374877042781,Chi-squared approximation may be incorrect,0
Chorley,E07000118,Lancashire,North West,England,Lancashire,E23000003,5,648,653,0.7656967840735069,294,112179,112473,0.2613960683897469,2.9440260622743657,0.9457049582770265,6.984035525383886,2.9292589930305963,1.2142883716935475,7.066326622467333,Chi-squared approximation may be incorrect,0
Fylde,E07000119,Lancashire,North West,England,Lancashire,E23000003,2,329,331,0.6042296072507553,107,78121,78228,0.13677966968348929,4.4385373450339385,0.5284555824925158,16.552975508753875,4.417539599627298,1.0952239509511452,17.81795960299064,Chi-squared approximation may be incorrect,0
Hyndburn,E07000120,Lancashire,North West,England,Lancashire,E23000003,5,219,224,2.232142857142857,485,67369,67854,0.7147699472396616,3.1712035096907774,1.0149755098359978,7.564778171397309,3.1228829160530194,1.3067549180625624,7.46306562353332,Chi-squared approximation may be incorrect,0
Lancaster,E07000121,Lancashire,North West,England,Lancashire,E23000003,12,1203,1215,0.9876543209876543,712,131952,132664,0.5366942049086414,1.8486779916473997,0.9479993557932861,3.2614090243252227,1.840255236509918,1.0430680975445636,3.246709724393128,NA,0
Pendle,E07000122,Lancashire,North West,England,Lancashire,E23000003,1,243,244,0.4098360655737705,152,67202,67354,0.22567330819253498,1.819480861555588,0.04558115640744036,10.384333104932091,1.8160591026747197,0.2551994067291055,12.923504433960595,Chi-squared approximation may be incorrect,0
Preston,E07000123,Lancashire,North West,England,Lancashire,E23000003,66,3423,3489,1.8916595012897677,1853,105106,106959,1.732439532905132,1.0936645244306629,0.8402624352325789,1.4018353650436681,1.0919050652911617,0.8561896136454494,1.392514756786355,NA,0
Ribble Valley,E07000124,Lancashire,North West,England,Lancashire,E23000003,0,125,125,0,80,59154,59234,0.13505756828848298,0,0,22.656162724199124,0,0,NA,Chi-squared approximation may be incorrect,0
Rossendale,E07000125,Lancashire,North West,England,Lancashire,E23000003,2,170,172,1.1627906976744187,93,65375,65468,0.1420541333170404,8.267540562858063,0.9789803871420867,31.177329295517282,8.18554638659665,2.033298623669727,32.952941032437835,Chi-squared approximation may be incorrect,0
South Ribble,E07000126,Lancashire,North West,England,Lancashire,E23000003,3,536,539,0.5565862708719851,216,105622,105838,0.2040854891437858,2.7367450453016295,0.5582868455669954,8.148715348089484,2.7272211915069056,0.8754774349942213,8.495633502482494,Chi-squared approximation may be incorrect,0
West Lancashire,E07000127,Lancashire,North West,England,Lancashire,E23000003,4,384,388,1.0309278350515463,356,113339,113695,0.3131184308896609,3.3162433849498916,0.8941135549764179,8.638553458676558,3.2924533765782464,1.235176993802899,8.776271976671309,Chi-squared approximation may be incorrect,0
Wyre,E07000128,Lancashire,North West,England,Lancashire,E23000003,4,269,273,1.465201465201465,659,108378,109037,0.6043819987710594,2.445442347648532,0.6595448089309839,6.363421261408067,2.424296997893356,0.9137410281520657,6.432036816690523,Chi-squared approximation may be incorrect,0
Blaby,E07000129,Leicestershire,East Midlands,England,Leicestershire,E23000021,11,1583,1594,0.6900878293601004,138,88470,88608,0.1557421451787649,4.454664153296012,2.168495704797865,8.24294897817021,4.430963940865201,2.4026343469663805,8.171631055735672,Chi-squared approximation may be incorrect,0
Charnwood,E07000130,Leicestershire,East Midlands,England,Leicestershire,E23000021,39,2801,2840,1.3732394366197185,415,150809,151224,0.27442733957572873,5.059510306302032,3.538557610952214,7.052283940839871,5.00401832682844,3.6113645958692446,6.933722350791282,NA,0
Harborough,E07000131,Leicestershire,East Midlands,England,Leicestershire,E23000021,1,698,699,0.14306151645207438,90,88546,88636,0.10153887810821788,1.409480823867064,0.035248817637783134,8.081005300796388,1.4089333969162294,0.19660003711469984,10.097115677489764,Chi-squared approximation may be incorrect,0
Hinckley and Bosworth,E07000132,Leicestershire,East Midlands,England,Leicestershire,E23000021,19,673,692,2.745664739884393,262,106790,107052,0.24474087359414118,11.506029699278386,6.775276029947045,18.46231548722261,11.218660371530689,7.084798988813661,17.764560537352363,Chi-squared approximation may be incorrect,0
Melton,E07000133,Leicestershire,East Midlands,England,Leicestershire,E23000021,8,184,192,4.166666666666666,164,49936,50100,0.3273453093812375,13.23043504320417,5.538141460368836,27.2478259014121,12.728658536585364,6.350279633114284,25.513639949982917,Chi-squared approximation may be incorrect,0
North West Leicestershire,E07000134,Leicestershire,East Midlands,England,Leicestershire,E23000021,10,632,642,1.557632398753894,271,99986,100257,0.2703053153395773,5.837482535866534,2.754538305341325,10.969337520837529,5.762492671655688,3.0803162813108895,10.780166307063087,Chi-squared approximation may be incorrect,0
Oadby and Wigston,E07000135,Leicestershire,East Midlands,England,Leicestershire,E23000021,4,1250,1254,0.3189792663476874,74,36490,36564,0.2023848594245706,1.5779001900714493,0.4182435928317903,4.223404317007311,1.5761024182076815,0.5771871904311328,4.30380104385995,Chi-squared approximation may be incorrect,0
Boston,E07000136,Lincolnshire,East Midlands,England,Lincolnshire,E23000020,0,467,467,0,170,66228,66398,0.2560318081869936,0,0,3.1234236539764297,0,0,NA,Chi-squared approximation may be incorrect,0
East Lindsey,E07000137,Lincolnshire,East Midlands,England,Lincolnshire,E23000020,2,290,292,0.684931506849315,421,138505,138926,0.303039027971726,2.2688597773620427,0.2725788980793936,8.320893353802086,2.26020889597501,0.5661017082450169,9.02407496575425,Chi-squared approximation may be incorrect,0
Lincoln,E07000138,Lincolnshire,East Midlands,England,Lincolnshire,E23000020,35,1431,1466,2.3874488403819916,765,94596,95361,0.8022147418756096,3.0242938246300666,2.082426333183015,4.2633646012631345,2.9760720113420533,2.129241473101291,4.1596994650837305,NA,0
North Kesteven,E07000139,Lincolnshire,East Midlands,England,Lincolnshire,E23000020,5,411,416,1.201923076923077,213,114431,114644,0.18579254038589024,6.535330244779027,2.0894986109271976,15.619373909078325,6.469167569519683,2.6792527749516344,15.620074908117122,Chi-squared approximation may be incorrect,0
South Holland,E07000140,Lincolnshire,East Midlands,England,Lincolnshire,E23000020,3,514,517,0.5802707930367506,125,91157,91282,0.13693827917880852,4.2562274173324735,0.8632130930478643,12.796301404770421,4.237462282398453,1.3527611307290404,13.273656513971892,Chi-squared approximation may be incorrect,0
South Kesteven,E07000141,Lincolnshire,East Midlands,England,Lincolnshire,E23000020,8,867,875,0.9142857142857144,354,136890,137244,0.25793477310483515,3.568442288488112,1.5236375091985628,7.139101264341577,3.5446392251815984,1.764483351037044,7.1207627033213194,Chi-squared approximation may be incorrect,0
West Lindsey,E07000142,Lincolnshire,East Midlands,England,Lincolnshire,E23000020,0,333,333,0,166,91861,92027,0.1803818444586915,0,0,6.232890766581609,0,0,NA,Chi-squared approximation may be incorrect,0
Breckland,E07000143,Norfolk,East of England,England,Norfolk,E23000024,22,798,820,2.682926829268293,374,135734,136108,0.27478179093073146,10.004336280548607,6.16004676190112,15.481286000814764,9.763845050215208,6.386726029679644,14.92668852892597,Chi-squared approximation may be incorrect,0
Great Yarmouth,E07000145,Norfolk,East of England,England,Norfolk,E23000024,25,1079,1104,2.2644927536231885,259,93853,94112,0.27520401224073443,8.395307758608938,5.309317217744364,12.74009078321503,8.228414750153881,5.48177297162981,12.351261106754617,Chi-squared approximation may be incorrect,0
King's Lynn and West Norfolk,E07000146,Norfolk,East of England,England,Norfolk,E23000024,11,832,843,1.3048635824436536,525,146482,147007,0.3571258511499453,3.688958976312351,1.8230276248850232,6.688816232321523,3.6537920126532226,2.0188043179555586,6.612922289193546,Chi-squared approximation may be incorrect,0
Norwich,E07000148,Norfolk,East of England,England,Norfolk,E23000024,70,3508,3578,1.956400223588597,528,124465,124993,0.4224236557247206,4.704213206602473,3.603361643102635,6.059701572469457,4.631369945966089,3.6174578730625195,5.929464372238517,NA,0
South Norfolk,E07000149,Norfolk,East of England,England,Norfolk,E23000024,10,1154,1164,0.859106529209622,117,135135,135252,0.08650519031141869,10.007892527048423,4.664248813619055,19.130720432904162,9.93127147766323,5.220180859125844,18.894010729651907,Chi-squared approximation may be incorrect,0
Craven,E07000163,North Yorkshire,Yorkshire and The Humber,England,North Yorkshire,E23000009,0,87,87,0,2,55081,55083,0.0036308843018717212,0,0,3559.1796696910997,0,0,NA,Chi-squared approximation may be incorrect,0
Hambleton,E07000164,North Yorkshire,Yorkshire and The Humber,England,North Yorkshire,E23000009,0,244,244,0,3,88635,88638,0.0033845529005618355,0,0,898.5493496176059,0,0,NA,Chi-squared approximation may be incorrect,0
Harrogate,E07000165,North Yorkshire,Yorkshire and The Humber,England,North Yorkshire,E23000009,2,1034,1036,0.19305019305019305,12,155044,155056,0.007739139407697864,24.970935984533003,2.71293941523553,112.46300617379279,24.944658944658944,5.589891152153788,111.31451273887603,Chi-squared approximation may be incorrect,0
Richmondshire,E07000166,North Yorkshire,Yorkshire and The Humber,England,North Yorkshire,E23000009,0,440,440,0,3,46941,46944,0.006390593047034766,0,0,257.0627827696476,0,0,NA,Chi-squared approximation may be incorrect,0
Ryedale,E07000167,North Yorkshire,Yorkshire and The Humber,England,North Yorkshire,E23000009,0,93,93,0,3,53614,53617,0.005595240315571554,0,0,1527.679855318465,0,0,NA,Chi-squared approximation may be incorrect,0
Scarborough,E07000168,North Yorkshire,Yorkshire and The Humber,England,North Yorkshire,E23000009,2,329,331,0.6042296072507553,4,105260,105264,0.003799969600243198,160.07701290339756,14.406871237101642,1096.6800806127908,159.00906344410876,29.224737104882408,865.1534543025386,Chi-squared approximation may be incorrect,0
Selby,E07000169,North Yorkshire,Yorkshire and The Humber,England,North Yorkshire,E23000009,2,226,228,0.8771929824561403,12,89643,89655,0.013384641124309853,66.07045272145766,7.142102006873214,299.27229123055093,65.53728070175438,14.75120149833844,291.1718860503903,Chi-squared approximation may be incorrect,0
Ashfield,E07000170,Nottinghamshire,East Midlands,England,Nottinghamshire,E23000019,13,1562,1575,0.8253968253968255,229,119797,120026,0.1907919950677353,4.353740776240951,2.2780128865628977,7.616391269577917,4.326160670964165,2.4795646621999072,7.547964542450079,Chi-squared approximation may be incorrect,0
Bassetlaw,E07000171,Nottinghamshire,East Midlands,England,Nottinghamshire,E23000019,1,735,736,0.1358695652173913,110,113308,113418,0.09698636900668324,1.401423105862299,0.03511904362066958,7.996573977635445,1.4009140316205533,0.19585252769318104,10.020601455120678,Chi-squared approximation may be incorrect,0
Broxtowe,E07000172,Nottinghamshire,East Midlands,England,Nottinghamshire,E23000019,5,1862,1867,0.2678093197643278,69,98478,98547,0.07001735212639654,3.832498850651904,1.2049610006129143,9.398446607989772,3.824899280408002,1.5449050904154868,9.46974321984472,Chi-squared approximation may be incorrect,0
Gedling,E07000173,Nottinghamshire,East Midlands,England,Nottinghamshire,E23000019,14,2661,2675,0.5233644859813085,77,104758,104835,0.07344875280202223,7.156647811464933,3.7339925687706423,12.764953974696851,7.125573491928632,4.037112747151194,12.57675986996022,Chi-squared approximation may be incorrect,0
Mansfield,E07000174,Nottinghamshire,East Midlands,England,Nottinghamshire,E23000019,15,1159,1174,1.2776831345826234,308,104133,104441,0.29490334255704176,4.375578559920391,2.4114737600120875,7.36082635379643,4.332548839576097,2.5886109608659473,7.251371384533147,Chi-squared approximation may be incorrect,0
Newark and Sherwood,E07000175,Nottinghamshire,East Midlands,England,Nottinghamshire,E23000019,3,801,804,0.3731343283582089,90,117831,117921,0.07632228356272419,4.90285888305713,0.9905167427944391,14.844046922340402,4.8889303482587065,1.5508071548683935,15.412386946430725,Chi-squared approximation may be incorrect,0
Rushcliffe,E07000176,Nottinghamshire,East Midlands,England,Nottinghamshire,E23000019,4,1091,1095,0.365296803652968,71,106668,106739,0.06651739289294446,5.50868906449669,1.4581416124215985,14.769749654874817,5.491748665509036,2.0093248480295247,15.009670255507194,Chi-squared approximation may be incorrect,0
Cherwell,E07000177,Oxfordshire,South East,England,Thames Valley,E23000029,37,2808,2845,1.3005272407732864,424,140875,141299,0.3000728950664902,4.377819060390682,3.0338897558868396,6.1476843380715485,4.33403770268926,3.103637251859562,6.052215927321251,NA,0
Oxford,E07000178,Oxfordshire,South East,England,Thames Valley,E23000029,106,7429,7535,1.4067684140676842,688,113310,113998,0.6035193599887717,2.34990836590838,1.8943472103506205,2.8910600210096646,2.330941652134998,1.9023635431435164,2.856072912688246,NA,0
South Oxfordshire,E07000179,Oxfordshire,South East,England,Thames Valley,E23000029,11,1456,1467,0.7498295841854125,282,138259,138541,0.20354985166845915,3.704154904270424,1.823965491731808,6.749686665203748,3.6837638447741567,2.0213565751289133,6.713370728863035,Chi-squared approximation may be incorrect,0
Vale of White Horse,E07000180,Oxfordshire,South East,England,Thames Valley,E23000029,20,2295,2315,0.8639308855291578,333,125521,125854,0.2645923053697141,3.284790708613047,1.97679970794137,5.167723454793215,3.26513986989149,2.0832906205938095,5.117451336154063,NA,0
West Oxfordshire,E07000181,Oxfordshire,South East,England,Thames Valley,E23000029,9,713,722,1.2465373961218837,244,108237,108481,0.22492418027119956,5.599066563336421,2.519617298538975,10.863079650559085,5.542033740520412,2.860905219635075,10.735811088835872,Chi-squared approximation may be incorrect,0
Mendip,E07000187,Somerset,South West,England,Avon and Somerset,E23000036,9,360,369,2.4390243902439024,140,111884,112024,0.12497322002428052,19.97258410538336,8.878766072056859,39.43493254222812,19.51637630662021,10.024714590674034,37.99499134827706,Chi-squared approximation may be incorrect,0
Sedgemoor,E07000188,Somerset,South West,England,Avon and Somerset,E23000036,9,414,423,2.127659574468085,278,120494,120772,0.23018580465670851,9.421357950043395,4.233686385075264,18.31730108299628,9.243226695239553,4.792148258379504,17.828588585546026,Chi-squared approximation may be incorrect,0
South Somerset,E07000189,Somerset,South West,England,Avon and Somerset,E23000036,4,812,816,0.49019607843137253,158,166333,166491,0.09490002462595576,5.186574312683814,1.3924110894684825,13.593053898616807,5.1653946388682055,1.9194885791907292,13.90021387181029,Chi-squared approximation may be incorrect,0
Cannock Chase,E07000192,Staffordshire,West Midlands,England,Staffordshire,E23000015,0,472,472,0,4,97064,97068,0.004120822516174228,0,0,311.9008925394144,0,0,NA,Chi-squared approximation may be incorrect,0
East Staffordshire,E07000193,Staffordshire,West Midlands,England,Staffordshire,E23000015,0,1376,1376,0,1,106734,106735,9.368997985665433e-4,0,0,2888.6931435912734,0,0,NA,Chi-squared approximation may be incorrect,0
Lichfield,E07000194,Staffordshire,West Midlands,England,Staffordshire,E23000015,2,599,601,0.33277870216306155,1,100845,100846,9.916109711837853e-4,335.0895948547822,17.489794062935605,16383.999999940395,335.59400998336105,30.471321525847134,3696.04381750165,Chi-squared approximation may be incorrect,0
South Staffordshire,E07000196,Staffordshire,West Midlands,England,Staffordshire,E23000015,7,1024,1031,0.6789524733268671,26,103323,103349,0.025157476124587564,27.148438028749865,9.93028774835006,64.41685246465748,26.9880996791763,11.740810919430801,62.03638993008046,Chi-squared approximation may be incorrect,0
Stafford,E07000197,Staffordshire,West Midlands,England,Staffordshire,E23000015,1,1439,1440,0.06944444444444445,21,127602,127623,0.01645471427563997,4.222449910003986,0.10203566373779066,26.302386435326362,4.220337301587302,0.5680763051189371,31.353617073396645,Chi-squared approximation may be incorrect,0
Tamworth,E07000199,Staffordshire,West Midlands,England,Staffordshire,E23000015,0,492,492,0,3,75179,75182,0.0039903168311563935,0,0,368.0824235892485,0,0,NA,Chi-squared approximation may be incorrect,0
Babergh,E07000200,Suffolk,East of England,England,Suffolk,E23000025,3,500,503,0.5964214711729622,123,89080,89203,0.13788773920159636,4.34529655503882,0.8810050559932787,13.07722216649644,4.325413373418028,1.3806620160340657,13.55089126351536,Chi-squared approximation may be incorrect,0
Ipswich,E07000202,Suffolk,East of England,England,Suffolk,E23000025,90,4792,4882,1.843506759524785,557,116181,116738,0.47713683633435555,3.917601760123303,3.093909194772865,4.912110493429018,3.8636856749264696,3.0981505866967995,4.81838005509864,NA,0
Mid Suffolk,E07000203,Suffolk,East of England,England,Suffolk,E23000025,4,549,553,0.7233273056057866,114,99229,99343,0.11475393334205732,6.341495862495457,1.6928710914054663,16.78454908113052,6.303289870245233,2.333932189636076,17.023400836050588,Chi-squared approximation may be incorrect,0
Elmbridge,E07000207,Surrey,South East,England,Surrey,E23000031,17,1713,1730,0.9826589595375723,240,118934,119174,0.2013862084011613,4.917723832825338,2.8111385879755884,8.062363473473946,4.879474951830444,2.9904503203876844,7.961769384102011,Chi-squared approximation may be incorrect,0
Epsom and Ewell,E07000208,Surrey,South East,England,Surrey,E23000031,24,1545,1569,1.5296367112810707,179,63913,64092,0.27928602633714034,5.546922686442474,3.451853589090999,8.550293474993959,5.476953972034994,3.587478651713215,8.361589774886799,Chi-squared approximation may be incorrect,0
Guildford,E07000209,Surrey,South East,England,Surrey,E23000031,28,2122,2150,1.302325581395349,418,123668,124086,0.33686314330383765,3.903816363247769,2.5564502017289468,5.74137813286464,3.8660376098809395,2.64325193384157,5.654491957295876,NA,0
Mole Valley,E07000210,Surrey,South East,England,Surrey,E23000031,7,699,706,0.9915014164305949,98,80796,80894,0.12114619131208743,8.255602147430816,3.222574320203678,17.7501387202531,8.184338324564953,3.8152729575217923,17.55664524051555,Chi-squared approximation may be incorrect,0
Reigate and Banstead,E07000211,Surrey,South East,England,Surrey,E23000031,68,4347,4415,1.5402038505096263,437,126474,126911,0.34433579437558604,4.526657120046712,3.4473216600443033,5.868187714631061,4.472970500504054,3.470560974062787,5.7649081079125635,NA,0
Runnymede,E07000212,Surrey,South East,England,Surrey,E23000031,128,1463,1591,8.045254556882464,1072,71927,72999,1.4685132673050316,5.869984814206964,4.813876597369322,7.112861172971835,5.478503147368125,4.5923936880949245,6.535588796215167,NA,0
Spelthorne,E07000213,Surrey,South East,England,Surrey,E23000031,38,2510,2548,1.4913657770800628,381,80128,80509,0.47323901675589064,3.1838512797243905,2.213029501212796,4.462502112868008,3.151400717767422,2.2631566208688185,4.388263009447584,NA,0
Surrey Heath,E07000214,Surrey,South East,England,Surrey,E23000031,11,1417,1428,0.7703081232492998,104,76501,76605,0.13576137327850663,5.709921951814044,2.758918754641811,10.673355911707649,5.673985940530058,3.0547030017683183,10.539196915279854,Chi-squared approximation may be incorrect,0
Tandridge,E07000215,Surrey,South East,England,Surrey,E23000031,13,1916,1929,0.673924313115604,84,78127,78211,0.10740177212924013,6.310176043987664,3.2212287799864097,11.412256099216114,6.274796958700536,3.504832347327121,11.233940163484414,Chi-squared approximation may be incorrect,0
Waverley,E07000216,Surrey,South East,England,Surrey,E23000031,8,879,887,0.9019165727170236,87,119661,119748,0.07265257039783546,12.516741047795387,5.222627367839681,25.871395866884267,12.414104109163006,6.035996364293453,25.531821348467187,Chi-squared approximation may be incorrect,0
Woking,E07000217,Surrey,South East,England,Surrey,E23000031,18,1861,1879,0.9579563597658328,217,80920,81137,0.26744888275386075,3.6064545792344083,2.093226311228066,5.852529597786807,3.581829730982506,2.2195578338385045,5.780207222428109,NA,0
North Warwickshire,E07000218,Warwickshire,West Midlands,England,Warwickshire,E23000017,1,363,364,0.27472527472527475,1,62439,62440,0.0016015374759769379,171.44227605917038,2.1853867604363573,11758.317784545576,171.53846153846155,10.750102958599147,2737.2243689484326,Chi-squared approximation may be incorrect,0
Nuneaton and Bedworth,E07000219,Warwickshire,West Midlands,England,Warwickshire,E23000017,1,2445,2446,0.04088307440719542,5,116712,116717,0.00428386610348107,9.545086972835655,0.20176805916738783,85.23052384577291,9.543499591169256,1.1153862027501775,81.65636639764615,Chi-squared approximation may be incorrect,0
Rugby,E07000220,Warwickshire,West Midlands,England,Warwickshire,E23000017,0,3110,3110,0,5,97728,97733,0.005115979249588164,0,0,34.30464452099198,0,0,NA,Chi-squared approximation may be incorrect,0
Stratford-on-Avon,E07000221,Warwickshire,West Midlands,England,Warwickshire,E23000017,0,482,482,0,14,128418,128432,0.010900710103401021,0,0,80.42909331925402,0,0,NA,Chi-squared approximation may be incorrect,0
Warwick,E07000222,Warwickshire,West Midlands,England,Warwickshire,E23000017,1,1615,1616,0.06188118811881188,15,125297,125312,0.011970122574055159,5.172597713670764,0.12278697534444567,33.682482328557136,5.1696369636963695,0.6832839234061571,39.11279838575958,Chi-squared approximation may be incorrect,0
Adur,E07000223,West Sussex,South East,England,Sussex,E23000033,2,528,530,0.37735849056603776,86,60050,60136,0.14300917919382733,2.644799910333322,0.31443237970776383,9.898211142119038,2.6387011847301447,0.6511408468175943,10.693145693940409,Chi-squared approximation may be incorrect,0
Arun,E07000224,West Sussex,South East,England,Sussex,E23000033,20,837,857,2.3337222870478413,432,157195,157627,0.2740647224143072,8.69442682395072,5.231422759486677,13.6814561981633,8.515223216215048,5.46639452300729,13.264506635367685,Chi-squared approximation may be incorrect,0
Chichester,E07000225,West Sussex,South East,England,Sussex,E23000033,9,774,783,1.1494252873563218,257,117760,118017,0.21776523721158814,5.328572938729606,2.399718110437799,10.327133172582307,5.278277203810546,2.7255301701879806,10.221941604243753,Chi-squared approximation may be incorrect,0
Crawley,E07000226,West Sussex,South East,England,Sussex,E23000033,137,5194,5331,2.5698743200150065,459,86040,86499,0.5306419727395693,4.94389660168485,4.046644769690712,6.00891574391423,4.842953350914555,4.0097481961370365,5.8492942728249435,NA,0
Horsham,E07000227,West Sussex,South East,England,Sussex,E23000033,7,1305,1312,0.5335365853658537,190,136919,137109,0.13857587758644582,3.865380697627445,1.5301575492280133,8.143635104194754,3.8501404043645704,1.8143947432743517,8.16998681696419,Chi-squared approximation may be incorrect,0
Mid Sussex,E07000228,West Sussex,South East,England,Sussex,E23000033,12,1325,1337,0.8975317875841435,187,140212,140399,0.1331918318506542,6.790100426415871,3.437879562096454,12.18498642615828,6.738639863370384,3.768525447265511,12.04961140468189,Chi-squared approximation may be incorrect,0
Worthing,E07000229,West Sussex,South East,England,Sussex,E23000033,29,1252,1281,2.2638563622170182,511,100922,101433,0.5037808208374001,4.574843380066796,3.019921288110395,6.684466458443014,4.4937327277643595,3.1037868997141884,6.5061276695381505,NA,0
Bromsgrove,E07000234,Worcestershire,West Midlands,England,West Mercia,E23000016,20,746,766,2.610966057441253,179,92036,92215,0.19411158705199805,13.788246348594265,8.174630278471438,22.094758601826825,13.450851116589115,8.520283210176304,21.23466923547286,Chi-squared approximation may be incorrect,0
Malvern Hills,E07000235,Worcestershire,West Midlands,England,West Mercia,E23000016,4,258,262,1.5267175572519083,91,76479,76570,0.11884550084889642,13.024591350534111,3.4496540616173736,34.923033139866085,12.846237731733915,4.7547130371463044,34.70784095085362,Chi-squared approximation may be incorrect,0
Redditch,E07000236,Worcestershire,West Midlands,England,West Mercia,E23000016,11,1043,1054,1.0436432637571158,239,77824,78063,0.306162970933733,3.434071365788452,1.686177337698758,6.281568991223807,3.4087834350908675,1.8682858375989542,6.219500396300815,Chi-squared approximation may be incorrect,0
Worcester,E07000237,Worcestershire,West Midlands,England,West Mercia,E23000016,14,1198,1212,1.155115511551155,313,92938,93251,0.3356532369626063,3.4698271796389752,1.8694303991658616,5.932858895298594,3.441395417497021,2.0207620896210536,5.860760393515898,Chi-squared approximation may be incorrect,0
Wychavon,E07000238,Worcestershire,West Midlands,England,West Mercia,E23000016,13,448,461,2.8199566160520604,207,127333,127540,0.1623020228947781,17.847845715129196,9.272391082008664,31.529669811578678,17.374747188950717,9.995390107294314,30.202106835194677,Chi-squared approximation may be incorrect,0
Wyre Forest,E07000239,Worcestershire,West Midlands,England,West Mercia,E23000016,10,385,395,2.5316455696202533,207,96716,96923,0.21357159807269688,12.134279724610412,5.688789941818302,23.00430229585836,11.853849446584725,6.333191841289523,22.186876731920773,Chi-squared approximation may be incorrect,0
St Albans,E07000240,Hertfordshire,East of England,England,Hertfordshire,E23000027,34,3125,3159,1.076289965178854,214,123360,123574,0.17317558709760952,6.271495343869565,4.225441366646676,9.054252152783297,6.215021315748211,4.335545186856583,8.909257841967078,NA,0
Welwyn Hatfield,E07000241,Hertfordshire,East of England,England,Hertfordshire,E23000027,51,7256,7307,0.6979608594498427,257,93510,93767,0.2740836328345793,2.5573514262318846,1.8534290951505026,3.468601483636752,2.5465251326083034,1.8874459689750565,3.4357488148533255,NA,0
East Hertfordshire,E07000242,Hertfordshire,East of England,England,Hertfordshire,E23000027,48,1903,1951,2.4602767811378783,294,137865,138159,0.2127982976136191,11.831323390639492,8.50043220152564,16.153195983936868,11.561543530790072,8.54936435454059,15.634997325077352,Chi-squared approximation may be incorrect,0
Stevenage,E07000243,Hertfordshire,East of England,England,Hertfordshire,E23000027,72,4268,4340,1.6589861751152075,506,73425,73931,0.6844219610177057,2.4478965557572234,1.881419186247611,3.145326317299915,2.4239230615107195,1.897280162102288,3.096750351099038,NA,0
East Suffolk,E07000244,Suffolk,East of England,England,Suffolk,E23000025,8,1349,1357,0.5895357406042742,516,235888,236404,0.2182704184362363,2.7109304155658513,1.1617879852439532,5.397451676911635,2.700942000422729,1.3462718723319613,5.418732902003855,Chi-squared approximation may be incorrect,0
West Suffolk,E07000245,Suffolk,East of England,England,Suffolk,E23000025,16,2857,2873,0.5569091541942222,505,164188,164693,0.30663112579162444,1.8206831683915359,1.0313209507705736,2.991013763158052,1.8162186006279013,1.1056490623246364,2.983451185072534,NA,0
Somerset West and Taunton,E07000246,Somerset,South West,England,Avon and Somerset,E23000036,8,819,827,0.9673518742442563,258,149989,150247,0.1717172389465347,5.678396667877873,2.4174157928813225,11.411944097338582,5.633399885642511,2.796662384497507,11.347524265879205,Chi-squared approximation may be incorrect,0
Bolton,E08000001,Greater Manchester,North West,England,Greater Manchester,E23000005,2,11236,11238,0.01779676098949991,6,212043,212049,0.002829534683021377,6.2902920265827555,0.6208427027696929,35.18997936840768,6.289642285104111,1.2696138149445453,31.158766239714854,Chi-squared approximation may be incorrect,0
Bury,E08000002,Greater Manchester,North West,England,Greater Manchester,E23000005,0,3690,3690,0,2,160448,160450,0.0012464942349641633,0,0,231.71322749447305,0,0,NA,Chi-squared approximation may be incorrect,0
Manchester,E08000003,Greater Manchester,North West,England,Greater Manchester,E23000005,81,65812,65893,0.12292656276083953,485,311667,312152,0.15537302339885697,0.7909148977506839,0.6171354548614396,1.0026770773947693,0.7911705653385893,0.6254094038847119,1.0008657681993713,NA,0
Oldham,E08000004,Greater Manchester,North West,England,Greater Manchester,E23000005,0,8209,8209,0,10,164161,164171,0.006091209775173447,0,0,8.924967014106008,0,0,NA,Chi-squared approximation may be incorrect,0
Rochdale,E08000005,Greater Manchester,North West,England,Greater Manchester,E23000005,1,7926,7927,0.012615112905260501,8,165120,165128,0.004844726515188218,2.6038729550060946,0.05867944150748193,19.426080612239733,2.60388545477482,0.32571619413723774,20.81634129229412,Chi-squared approximation may be incorrect,0
Salford,E08000006,Greater Manchester,North West,England,Greater Manchester,E23000005,1,16472,16473,0.00607053967097675,11,221427,221438,0.004967530414833949,1.2220547638613877,0.028389705659128982,8.40937736208405,1.222043785147045,0.15778376950390222,9.46479487409878,Chi-squared approximation may be incorrect,0
Stockport,E08000007,Greater Manchester,North West,England,Greater Manchester,E23000005,3,3413,3416,0.08782201405152225,44,257264,257308,0.017100129028246307,5.138504048779331,1.0203119512578147,16.041526882738534,5.1357515435384284,1.595499699541597,16.53146279158525,Chi-squared approximation may be incorrect,0
Trafford,E08000009,Greater Manchester,North West,England,Greater Manchester,E23000005,0,8086,8086,0,7,182574,182581,0.0038339148104129125,0,0,15.667576983176076,0,0,NA,Chi-squared approximation may be incorrect,0
Wigan,E08000010,Greater Manchester,North West,England,Greater Manchester,E23000005,1,3906,3907,0.02559508574353724,61,312353,312414,0.019525373382754934,1.3109386547364164,0.032653259515881,7.587929854139544,1.310862806144499,0.1817675726730807,9.453618548472344,Chi-squared approximation may be incorrect,0
Knowsley,E08000011,Merseyside,North West,England,Merseyside,E23000004,72,1192,1264,5.69620253164557,6421,140677,147098,4.365117132795823,1.323351356166,1.026982690329437,1.6819306672869223,1.3049369257125059,1.0414084621322774,1.6351512802204526,NA,0
Liverpool,E08000012,Merseyside,North West,England,Merseyside,E23000004,925,16039,16964,5.452723414289083,20329,386444,406773,4.9976276694864215,1.0962907757048697,1.0233892287885686,1.173353452525915,1.0910623549611949,1.0233420288999688,1.1632641177584537,NA,0
St. Helens,E08000013,Merseyside,North West,England,Merseyside,E23000004,46,730,776,5.927835051546391,4726,171950,176676,2.674953021349815,2.292632604986056,1.6611184752578825,3.0951076397762978,2.21605202193612,1.6720235888409314,2.937091675441885,NA,0
Sefton,E08000014,Merseyside,North West,England,Merseyside,E23000004,71,1438,1509,4.705102717031147,4476,262797,267273,1.6746921686814606,2.8988155218082747,2.247076226024052,3.6874482318852517,2.809532883130173,2.234686043112288,3.5322523473571947,NA,0
Wirral,E08000015,Merseyside,North West,England,Merseyside,E23000004,51,1338,1389,3.6717062634989204,4687,299831,304518,1.5391536789286677,2.4384956366958397,1.8034033943257815,3.2305374751109084,2.3855358394456245,1.819507266883592,3.1276496361713204,NA,0
Barnsley,E08000016,South Yorkshire,Yorkshire and The Humber,England,South Yorkshire,E23000011,4,1711,1715,0.23323615160349853,12,236379,236391,0.005076335393479447,46.03687949419687,10.813015897945773,152.3631327042025,45.945772594752185,14.833282231214337,142.31604215595527,Chi-squared approximation may be incorrect,0
Doncaster,E08000017,South Yorkshire,Yorkshire and The Humber,England,South Yorkshire,E23000011,6,3736,3742,0.16034206306787815,60,285352,285412,0.021022241531540368,7.638315522199247,2.6947204374955906,17.635079107557424,7.6272581507215405,3.297425041623743,17.642574482633623,Chi-squared approximation may be incorrect,0
Rotherham,E08000018,South Yorkshire,Yorkshire and The Humber,England,South Yorkshire,E23000011,0,3016,3016,0,5,241023,241028,0.0020744477820004315,0,0,87.25578181988872,0,0,NA,Chi-squared approximation may be incorrect,0
Sheffield,E08000019,South Yorkshire,Yorkshire and The Humber,England,South Yorkshire,E23000011,14,25498,25512,0.05487613671997492,98,437321,437419,0.02240414796796664,2.4501558684205222,1.2918496706532985,4.3108181016977705,2.4493739640729295,1.3993181197109406,4.287397362593754,NA,0
Newcastle upon Tyne,E08000021,Tyne and Wear,North East,England,Northumbria,E23000007,189,9732,9921,1.9050498941638947,3226,235413,238639,1.3518326845151043,1.4171626408201556,1.215594645860316,1.6439557190728744,1.4092349711512018,1.2186516350998593,1.629623385975103,NA,0
North Tyneside,E08000022,Tyne and Wear,North East,England,Northumbria,E23000007,17,1264,1281,1.3270882123341141,1051,196989,198040,0.5307008685114118,2.520717317327333,1.458165667841868,4.071978062043246,2.500633202384852,1.553504731496001,4.025199464212649,NA,0
South Tyneside,E08000023,Tyne and Wear,North East,England,Northumbria,E23000007,7,779,786,0.8905852417302799,623,138758,139381,0.44697627366714254,2.001325655282642,0.7986690420586978,4.167946335830161,1.9924664779712382,0.9490750213928985,4.182938731242448,Chi-squared approximation may be incorrect,0
Sunderland,E08000024,Tyne and Wear,North East,England,Northumbria,E23000007,21,2644,2665,0.7879924953095686,1902,257135,259037,0.734258040357169,1.0737443144312695,0.6619819697120316,1.649608456798318,1.0731819769059134,0.69926233019312,1.647049334457365,NA,0
Birmingham,E08000025,West Midlands,West Midlands,England,West Midlands,E23000014,2237,123523,125760,1.7787849872773536,3738,550351,554089,0.6746208641572022,2.6664208519085366,2.5281979934565357,2.8116696843534923,2.6367180171629787,2.503029866806318,2.7775465224082483,NA,0
Coventry,E08000026,West Midlands,West Midlands,England,West Midlands,E23000014,529,30194,30723,1.721837060182925,2119,222717,224836,0.9424647298475333,1.8414071446810745,1.6696367713757534,2.0280621247402593,1.826951190482719,1.662191251723434,2.008042485451355,NA,0
Dudley,E08000027,West Midlands,West Midlands,England,West Midlands,E23000014,175,7995,8170,2.141982864137087,1292,272682,273974,0.4715775949542657,4.61938690764908,3.9164620353023936,5.422909302063727,4.5421641890022775,3.8847934857078843,5.310772785157538,NA,0
Sandwell,E08000028,West Midlands,West Midlands,England,West Midlands,E23000014,306,29473,29779,1.0275697639276,764,194161,194925,0.3919456201102988,2.638664528501588,2.3020707744155096,3.0184011319851813,2.6217151339474793,2.297436673221656,2.991764832382001,NA,0
Solihull,E08000029,West Midlands,West Midlands,England,West Midlands,E23000014,88,3867,3955,2.225031605562579,664,176873,177537,0.3740065451145395,6.061619207535923,4.78565370538474,7.6003614532835755,5.949178255372946,4.7738355344579455,7.413896364618059,NA,0
Walsall,E08000030,West Midlands,West Midlands,England,West Midlands,E23000014,162,12862,13024,1.243857493857494,899,201249,202148,0.44472366780774486,2.8195314983128834,2.3680232985248137,3.3401888201102556,2.7969221876340895,2.368297158712246,3.3031216943795476,NA,0
Wolverhampton,E08000031,West Midlands,West Midlands,England,West Midlands,E23000014,307,24329,24636,1.246143854521838,1060,157941,159001,0.6666624738209194,1.8801195633400984,1.64924583745045,2.138564378038365,1.8692275378568561,1.6474109593308544,2.1209107348063307,NA,0
Bradford,E08000032,West Yorkshire,Yorkshire and The Humber,England,West Yorkshire,E23000010,190,10788,10978,1.7307341956640556,1965,329607,331572,0.5926314646592595,2.95420253459194,2.5288051854652016,3.4348022979834,2.920422385367543,2.5194500101641513,3.385209817439546,NA,0
Calderdale,E08000033,West Yorkshire,Yorkshire and The Humber,England,West Yorkshire,E23000010,29,1410,1439,2.0152883947185547,745,176708,177453,0.41982947597391984,4.878047860696319,3.2321782900396454,7.095165850088473,4.800254651113982,3.3245749021510784,6.930944675252289,NA,0
Kirklees,E08000034,West Yorkshire,Yorkshire and The Humber,England,West Yorkshire,E23000010,179,9769,9948,1.7993566546039403,1201,317286,318487,0.37709545444555037,4.840807687679663,4.108038784554504,5.675984156740905,4.771621172813032,4.0833865888661824,5.575854286958319,NA,0
Leeds,E08000035,West Yorkshire,Yorkshire and The Humber,England,West Yorkshire,E23000010,690,44686,45376,1.5206276445698168,3581,635732,639313,0.5601325172489844,2.7410668667787554,2.5216307178219837,2.9766893863844994,2.7147640919655496,2.503717700895906,2.943600259880874,NA,0
Wakefield,E08000036,West Yorkshire,Yorkshire and The Humber,England,West Yorkshire,E23000010,69,4447,4516,1.5279007971656333,1353,326881,328234,0.41220592625992436,3.7487625639223867,2.8941487580781837,4.785953628104899,3.706644421706315,2.915444944214451,4.712561249435115,NA,0
Gateshead,E08000037,Tyne and Wear,North East,England,Northumbria,E23000007,7,2207,2214,0.31616982836495033,1074,182044,183118,0.5865070610207626,0.5376116425108466,0.2153724769925095,1.113391226939174,0.5390725012153909,0.2566787852812079,1.1321510706397013,NA,0
City of London,E09000001,Inner London,London,England,"London, City of",E23000034,237,-5,232,102.15517241379311,521,5375,5896,8.836499321573948,Inf,660.0732506088823,Inf,11.316698656429942,10.42590304365084,12.283604398031867,NA,1
Barking and Dagenham,E09000002,Outer London,London,England,Metropolitan Police,E23000001,661,46146,46807,1.4121819385989274,1281,95952,97233,1.3174539508191663,1.0729301311836528,0.9746784539428716,1.1802299990537797,1.0719023140967174,0.9765016590435438,1.1766232656391864,NA,0
Barnet,E09000003,Outer London,London,England,Metropolitan Police,E23000001,406,30245,30651,1.3245897360608136,601,222428,223029,0.26947168305467,4.9681193350929,4.36652024110892,5.6477191049120865,4.915506227020087,4.3364300029154155,5.571910869454555,NA,0
Bexley,E09000004,Outer London,London,England,Metropolitan Police,E23000001,242,29833,30075,0.8046550290939319,958,175284,176242,0.5435707720066727,1.4842018907165044,1.2829500948965566,1.7117058648975623,1.48031327387863,1.2863071856927888,1.7035801503674617,NA,0
Brent,E09000005,Outer London,London,England,Metropolitan Police,E23000001,786,58709,59495,1.3211194218001514,600,114344,114944,0.5219933184855234,2.5514058014289915,2.2901462705388487,2.8435030940871275,2.53091251365661,2.27684026285243,2.8133366474109933,NA,0
Bromley,E09000006,Outer London,London,England,Metropolitan Police,E23000001,459,24690,25149,1.825122271263271,1484,249682,251166,0.5908443021746574,3.127821158861214,2.808568591865912,3.4781634004435507,3.08900714544549,2.7842431797665936,3.4271306522202587,NA,0
Camden,E09000007,Inner London,London,England,Metropolitan Police,E23000001,1361,17531,18892,7.2041075587550285,2177,121781,123958,1.756240016779877,4.343031402229855,4.0482064805521745,4.658020321998902,4.102006269031492,3.8401088253282594,4.38176525628419,NA,0
Croydon,E09000008,Outer London,London,England,Metropolitan Police,E23000001,1146,87295,88441,1.2957791069752718,1055,186598,187653,0.5622079050161735,2.3219512403164,2.1329568409325326,2.52781511963933,2.3048041399168784,2.1207143992585573,2.5048738883629036,NA,0
Ealing,E09000009,Outer London,London,England,Metropolitan Police,E23000001,700,38791,39491,1.7725557722012608,690,156095,156785,0.4400931211531715,4.082280600518109,3.6673002321171504,4.544200872916069,4.027683431080793,3.6278083256987865,4.47163476253339,NA,0
Enfield,E09000010,Outer London,London,England,Metropolitan Police,E23000001,410,60102,60512,0.6775515600211528,700,169689,170389,0.41082464243583805,1.653671948893879,1.4597918566861325,1.8713211869023036,1.6492476108634886,1.4605052504828084,1.8623813101936824,NA,0
Greenwich,E09000011,Outer London,London,England,Metropolitan Police,E23000001,986,59616,60602,1.6270090096036434,1536,158203,159739,0.9615685587113979,1.7034770634294432,1.570135902865673,1.8475139464602166,1.6920364074549243,1.562833182660224,1.8319211774603137,NA,0
Hackney,E09000012,Inner London,London,England,Metropolitan Police,E23000001,949,53696,54645,1.7366639216762743,698,135898,136596,0.5109959296026239,3.4408335550664435,3.115521386124002,3.8018051801994033,3.398586605233415,3.083708973074338,3.745616403533922,NA,0
Hammersmith and Fulham,E09000013,Inner London,London,England,Metropolitan Police,E23000001,571,21882,22453,2.54309001024362,571,113530,114101,0.5004338261715497,5.188310611899436,4.60759588304255,5.842033008360584,5.08177081013673,4.529217669744057,5.701734041017515,NA,0
Haringey,E09000014,Inner London,London,England,Metropolitan Police,E23000001,1121,45345,46466,2.4125166788619636,1174,147168,148342,0.7914144342128325,3.0989728086611947,2.85076116657322,3.3682264176487706,3.048360725517388,2.8106702091028017,3.3061520639389315,NA,0
Harrow,E09000015,Outer London,London,England,Metropolitan Police,E23000001,226,18925,19151,1.1800950342018695,440,93193,93633,0.469919793235291,2.5292594675101254,2.143242718182326,2.9785805837435584,2.5112690531232644,2.14072179254671,2.9459560224647974,NA,0
Havering,E09000016,Outer London,London,England,Metropolitan Police,E23000001,508,21059,21567,2.3554504567162797,1713,194909,196622,0.8712148182807621,2.7447244996961264,2.4785281173408436,3.0354163152233795,2.7036391109192546,2.45121635880868,2.982055996739855,NA,0
Hillingdon,E09000017,Outer London,London,England,Metropolitan Police,E23000001,313,23642,23955,1.3066165727405552,607,145610,146217,0.415136406847357,3.175844801228647,2.759873492158286,3.6483500838118377,3.1474391337134393,2.7480382317914374,3.6048891117402224,NA,0
Hounslow,E09000018,Outer London,London,England,Metropolitan Police,E23000001,265,20545,20810,1.2734262373858722,674,125133,125807,0.5357412544611985,2.3946819860912725,2.067943115584527,2.766685362761739,2.37694265054606,2.0636224305440054,2.7378343442872595,NA,0
Islington,E09000019,Inner London,London,England,Metropolitan Police,E23000001,1042,27701,28743,3.625230490902133,1292,132396,133688,0.9664292980671414,3.8546090776595014,3.545384705744378,4.1899606099354285,3.751159550059786,3.4606551288974674,4.066050341886477,NA,0
Kensington and Chelsea,E09000020,Inner London,London,England,Metropolitan Police,E23000001,630,10649,11279,5.585601560422023,529,89732,90261,0.5860781511394733,10.035542817503362,8.909374952778101,11.30745710344808,9.530472257944277,8.504380495853995,10.680366606800613,NA,0
Kingston upon Thames,E09000021,Outer London,London,England,Metropolitan Police,E23000001,162,4579,4741,3.4170006327778952,713,113612,114325,0.6236606166630221,5.637146438515562,4.7112917015146945,6.712889067982563,5.4789424592192555,4.631196004056221,6.481870006180615,NA,0
Lambeth,E09000022,Inner London,London,England,Metropolitan Police,E23000001,1917,74228,76145,2.5175651717118654,815,172280,173095,0.4708397122967157,5.458698778180257,5.0252226538131435,5.935405107071801,5.3469686306437465,4.928401958048459,5.801083957934574,NA,0
Lewisham,E09000023,Inner London,London,England,Metropolitan Police,E23000001,1160,79313,80473,1.4414772656667454,983,152617,153600,0.6399739583333334,2.270737126354331,2.0830250124227363,2.4756494758032788,2.25239987798995,2.0698120536089584,2.451094630318363,NA,0
Merton,E09000024,Outer London,London,England,Metropolitan Police,E23000001,213,22674,22887,0.9306593262550794,412,128198,128610,0.3203483399424617,2.92301645663115,2.4642803975224994,3.459381683565869,2.9051479599433434,2.4637329694355854,3.4256491161444558,NA,0
Newham,E09000025,Inner London,London,England,Metropolitan Police,E23000001,1476,59826,61302,2.407751786238622,1589,103663,105252,1.5097100292631018,1.6094387424756982,1.4973476442653613,1.7300336318460225,1.5948438703913619,1.4867999350072616,1.7107392266011072,NA,0
Redbridge,E09000026,Outer London,London,England,Metropolitan Police,E23000001,503,25593,26096,1.927498467198038,770,105915,106685,0.7217509490556311,2.7032051370457895,2.409231131260978,3.031570710523397,2.6705866749743206,2.3887039082396235,2.9857334615433406,NA,0
Richmond upon Thames,E09000027,Outer London,London,England,Metropolitan Police,E23000001,73,3614,3687,1.9799294819636561,384,156242,156626,0.2451700228569969,8.21869747907404,6.294795958951567,10.607540371487815,8.075740495886448,6.3012717693295,10.349908231912348,NA,0
Southwark,E09000028,Inner London,London,England,Metropolitan Police,E23000001,2030,75269,77299,2.626165927114193,1329,155156,156485,0.849282678851008,3.14862700659712,2.9350139104414517,3.37848432599603,3.0922165169636155,2.887147532714504,3.3118511885648467,NA,0
Sutton,E09000029,Outer London,London,England,Metropolitan Police,E23000001,134,12331,12465,1.0750100280786201,491,142203,142694,0.3440929541536435,3.1472251445818697,2.5779285491571238,3.820772768850634,3.124184947996958,2.583191035295297,3.778478422976945,NA,0
Tower Hamlets,E09000030,Inner London,London,England,Metropolitan Police,E23000001,754,21939,22693,3.3226104966289167,1425,118506,119931,1.188183205343072,2.858153496057379,2.610129010626307,3.1275262351620405,2.796378943657562,2.563078810632098,3.0509148466655645,NA,0
Waltham Forest,E09000031,Outer London,London,England,Metropolitan Police,E23000001,809,40838,41647,1.942516867961678,1030,144399,145429,0.7082493862984687,2.7771351802702062,2.5281866943108326,3.050127888973853,2.742701801852416,2.5030604504494067,3.0052862576826276,NA,0
Wandsworth,E09000032,Inner London,London,England,Metropolitan Police,E23000001,693,32369,33062,2.096061944226,721,219519,220240,0.3273701416636397,6.518315118107364,5.859887130077466,7.249417851417016,6.402727913957477,5.772480852213188,7.101786179932098,NA,0
Westminster,E09000033,Inner London,London,England,Metropolitan Police,E23000001,2299,14157,16456,13.970588235294118,2792,108388,111180,2.5112430293218204,6.30399293414424,5.947166411050227,6.683791082452247,5.563216332378223,5.277549788330395,5.864345615322173,NA,0
North Somerset,E06000024,NA,South West,England,Avon and Somerset,E23000036,14,1125,1139,1.2291483757682178,312,206761,207073,0.15067150232043772,8.246137341364001,4.441964402985919,14.106523713991509,8.157802615879877,4.790836869883843,13.891047707760942,Chi-squared approximation may be incorrect,0
South Cambridgeshire,E07000012,Cambridgeshire,East of England,England,Cambridgeshire,E23000023,77,1942,2019,3.8137691926696387,465,143167,143632,0.3237440124763284,12.209382065875902,9.425075084975239,15.634713780990518,11.780199928634959,9.293458150076539,14.932343603168663,NA,0
South Hams,E07000044,Devon,South West,England,Devon & Cornwall,E23000035,2,147,149,1.342281879194631,113,86182,86295,0.13094617301118255,10.376964251725703,1.2299391189512812,39.01912722151646,10.25063847478767,2.556124103123717,41.10738950913592,Chi-squared approximation may be incorrect,0
Torridge,E07000046,Devon,South West,England,Devon & Cornwall,E23000035,0,75,75,0,55,66795,66850,0.08227374719521316,0,0,63.3318444571974,0,0,NA,Chi-squared approximation may be incorrect,0
Broadland,E07000144,Norfolk,East of England,England,Norfolk,E23000024,11,673,684,1.608187134502924,113,126655,126768,0.08913921494383441,18.31618279828219,8.84754868395869,34.21468505083262,18.041297935103245,9.759043215407756,33.35249409176439,Chi-squared approximation may be incorrect,0
Plymouth,E06000026,NA,South West,England,Devon & Cornwall,E23000035,53,2733,2786,1.9023689877961234,1320,247074,248394,0.5314138022657553,3.6301254735857293,2.697564662523554,4.7917361382593,3.5798260784441687,2.727244379632064,4.6989389171049885,NA,0
Portsmouth,E06000044,NA,South East,England,Hampshire,E23000030,113,6957,7070,1.5983026874115982,1257,175578,176835,0.7108321316481466,2.268831630733471,1.851837787447943,2.7564375834046997,2.2484952723025455,1.857529962004481,2.7217493623151054,NA,0
Isle of Wight,E06000046,NA,South East,England,Hampshire,E23000030,12,466,478,2.510460251046025,540,135537,136077,0.39683414537357525,6.4630541515952,3.2950376489814914,11.491732086777882,6.326220362622037,3.59574455825093,11.13011879128618,Chi-squared approximation may be incorrect,0
North Norfolk,E07000147,Norfolk,East of England,England,Norfolk,E23000024,2,181,183,1.092896174863388,55,100834,100889,0.0545153584632616,20.2494808005812,2.375303855393136,77.90063756829892,20.047491306507702,4.926847974175375,81.5738398649838,Chi-squared approximation may be incorrect,0
Northumberland,E06000057,NA,North East,England,Northumbria,E23000007,3,595,598,0.5016722408026756,999,311790,312789,0.31938463309131715,1.5735943491873912,0.32306242751191533,4.634580642050938,1.5707463316158967,0.5071799015636427,4.864632905756418,Chi-squared approximation may be incorrect,0
Cornwall,E06000052,NA,South West,England,Devon & Cornwall,E23000035,16,1042,1058,1.5122873345935728,898,550226,551124,0.16293973769968284,9.408047630122631,5.334216919557596,15.441592922498277,9.281267761587396,5.6822913650828415,15.15971739703736,Chi-squared approximation may be incorrect,0
Isles of Scilly,E06000053,NA,South West,England,Devon & Cornwall,E23000035,1,3,4,25,12,1991,2003,0.5991013479780329,54.335447297004684,0.9731670218491374,750.3548488230612,41.72916666666667,6.976464122039331,249.59969982407483,Chi-squared approximation may be incorrect,0
Conwy,W06000003,NA,Wales,Wales,North Wales,W15000001,2,269,271,0.7380073800738007,285,110768,111053,0.2566342196969015,2.8895425001658004,0.3464876467866966,10.63593558222331,2.8757169676959924,0.7193997605599521,11.49534449644213,Chi-squared approximation may be incorrect,0
Denbighshire,W06000004,NA,Wales,Wales,North Wales,W15000001,8,260,268,2.9850746268656714,461,91933,92394,0.49895014827802675,6.135565968402076,2.6055538584072773,12.374709220095273,5.982711172985398,3.0050544794146674,11.91087656631641,Chi-squared approximation may be incorrect,0
Flintshire,W06000005,NA,Wales,Wales,North Wales,W15000001,9,283,292,3.0821917808219177,415,150620,151035,0.27477074850200284,11.54130485000682,5.187001572483463,22.433914629973053,11.217321340155141,5.854135333714818,21.493916842618315,Chi-squared approximation may be incorrect,0
Wrexham,W06000006,NA,Wales,Wales,North Wales,W15000001,4,874,878,0.45558086560364464,380,129114,129494,0.29344988957017315,1.5549917640977275,0.4205787098661519,4.02831100810526,1.5524997002757464,0.5809900192409413,4.148531368069388,Chi-squared approximation may be incorrect,0
Carmarthenshire,W06000010,NA,Wales,Wales,Dyfed-Powys,W15000004,5,450,455,1.098901098901099,995,181151,182146,0.5462650840534516,2.022825315101982,0.6522381531607975,4.77153984237596,2.0116627091501464,0.8395147549696005,4.820388005606697,Chi-squared approximation may be incorrect,0
Swansea,W06000011,NA,Wales,Wales,South Wales,W15000003,17,2780,2797,0.6077940650697176,665,217177,217842,0.30526712020638813,1.997075069645423,1.154706699688342,3.227641678660469,1.9910236800438708,1.2320717573007838,3.2174873508829815,NA,0
Neath Port Talbot,W06000012,NA,Wales,Wales,South Wales,W15000003,1,521,522,0.19157088122605362,124,137184,137308,0.09030792087860867,2.123469127432683,0.05323575844020487,12.105583055170257,2.121307625757014,0.29702449994483177,15.15008372686652,Chi-squared approximation may be incorrect,0
Bridgend,W06000013,NA,Wales,Wales,South Wales,W15000003,3,426,429,0.6993006993006993,210,140477,140687,0.14926752294099668,4.710531402623036,0.9599356676245744,14.049297773214713,4.684881784881784,1.5047824007079547,14.585575514433986,Chi-squared approximation may be incorrect,0
Vale of Glamorgan,W06000014,NA,Wales,Wales,South Wales,W15000003,5,619,624,0.8012820512820512,229,124497,124726,0.18360245658483396,4.391478790306968,1.4074348353552315,10.454919124988228,4.364222931362669,1.8056100838378064,10.548479965369232,Chi-squared approximation may be incorrect,0
Rhondda Cynon Taf,W06000016,NA,Wales,Wales,South Wales,W15000003,7,990,997,0.7021063189568706,378,229448,229826,0.1644722529217756,4.291948103100808,1.7093782341042079,8.962832363519105,4.268843567740258,2.026501603446168,8.992356766384098,Chi-squared approximation may be incorrect,0
Caerphilly,W06000018,NA,Wales,Wales,Gwent,W15000002,0,283,283,0,4,171867,171871,0.002327326890516725,0,0,933.1854357873408,0,0,NA,Chi-squared approximation may be incorrect,0
Torfaen,W06000020,NA,Wales,Wales,Gwent,W15000002,0,228,228,0,3,89297,89300,0.00335946248600224,0,0,954.2082644060896,0,0,NA,Chi-squared approximation may be incorrect,0
Newport,W06000022,NA,Wales,Wales,Gwent,W15000002,2,3735,3737,0.05351886540005352,8,135891,135899,0.005886724699961001,9.095391069575216,0.9406168862462122,45.5930252132148,9.091450361252342,1.931289156294872,42.79756317261461,Chi-squared approximation may be incorrect,0
Powys,W06000023,NA,Wales,Wales,Dyfed-Powys,W15000004,10,211,221,4.524886877828054,565,129441,130006,0.43459532636955217,10.858382388986238,5.1045398019385395,20.508240973383394,10.411724662635647,5.650584040715465,19.184567412753584,Chi-squared approximation may be incorrect,0
Merthyr Tydfil,W06000024,NA,Wales,Wales,South Wales,W15000003,0,91,91,0,104,56954,57058,0.18227067194784255,0,0,23.051230664679924,0,0,NA,Chi-squared approximation may be incorrect,0
Ceredigion,W06000008,NA,Wales,Wales,Dyfed-Powys,W15000004,5,361,366,1.366120218579235,476,68214,68690,0.6929684087931286,1.984829750424662,0.6376702549510114,4.707038412617145,1.9714033154245303,0.8217161405677588,4.72965156724502,Chi-squared approximation may be incorrect,0
Cardiff,W06000015,NA,Wales,Wales,South Wales,W15000003,186,13710,13896,1.3385146804835923,1081,284584,285665,0.37841527663521957,3.5715388466772904,3.037251433635074,4.180782433183565,3.5371581517145736,3.0303353108796522,4.12874698892942,NA,0
Monmouthshire,W06000021,NA,Wales,Wales,Gwent,W15000002,0,230,230,0,5,90046,90051,0.005552409190347692,0,0,428.6094404886689,0,0,NA,Chi-squared approximation may be incorrect,0
Gwynedd,W06000002,NA,Wales,Wales,North Wales,W15000001,4,509,513,0.7797270955165692,297,112534,112831,0.2632255319903218,2.9774961221124574,0.8028899634931674,7.750085774011149,2.962201613273738,1.1087058398303125,7.914307007731188,Chi-squared approximation may be incorrect,0
Isle of Anglesey,W06000001,NA,Wales,Wales,North Wales,W15000001,1,103,104,0.9615384615384616,256,67244,67500,0.37925925925925924,2.550149104934522,0.06370701531122219,14.656649496045258,2.5353064903846154,0.35914393634805314,17.897501112080796,Chi-squared approximation may be incorrect,0
Pembrokeshire,W06000009,NA,Wales,Wales,Dyfed-Powys,W15000004,6,238,244,2.459016393442623,1123,118644,119767,0.9376539447427088,2.663335197454176,0.965629329849902,5.901573569933023,2.622520181597886,1.187371283922735,5.79230119172711,Chi-squared approximation may be incorrect,0
