la,la_code,county,region,country,force,force_code,Other_stopped,Other_not_stopped,Other_population,Other_stop_rate,White_stopped,White_not_stopped,White_population,White_stop_rate,or,or_ci_low,or_ci_upp,rr,rr_ci_low,rr_ci_upp,warning,stats_altered_flag
Hartlepool,E06000001,NA,North East,England,Cleveland,E23000013,8,602,610,1.3114754098360655,943,88069,89012,1.0594077203073742,1.2410887929755243,0.5317796722932038,2.4712708584239227,1.2379326530257464,0.6201018947988413,2.471331350994328,NA,0
Middlesbrough,E06000002,NA,North East,England,Cleveland,E23000013,61,3887,3948,1.5450861195542045,1802,116265,118067,1.5262520433313287,1.012535337861977,0.7697297053207438,1.3098223849852886,1.012340082560523,0.7859067682309946,1.3040127457681174,NA,0
Redcar and Cleveland,E06000003,NA,North East,England,Cleveland,E23000013,7,626,633,1.1058451816745656,1539,131748,133287,1.154651241306354,0.9572585504097009,0.38262079791890474,1.9887297140977376,0.9577309079263016,0.4576958396892337,2.0040568702134833,NA,0
Stockton-on-Tees,E06000004,NA,North East,England,Cleveland,E23000013,17,1935,1952,0.8709016393442622,1957,178692,180649,1.0833162652436492,0.802199906929118,0.4653469265977136,1.2911732157737588,0.8039218714660278,0.49978032706195147,1.2931488904750907,NA,0
Darlington,E06000005,NA,North East,England,Durham,E23000008,38,1432,1470,2.585034013605442,653,100534,101187,0.6453398163795744,4.085339246833672,2.8530596718499153,5.696000071296397,4.00569428383911,2.9000466360084154,5.532871953282187,NA,0
Halton,E06000006,NA,North West,England,Cheshire,E23000006,163,760,923,17.659804983748646,827,122990,123817,0.6679212062963891,31.892909329632417,26.395958511179003,38.34769257283804,26.439952523250373,22.643990636330138,30.872256602603454,NA,0
Warrington,E06000007,NA,North West,England,Cheshire,E23000006,91,1994,2085,4.364508393285372,545,196478,197023,0.27661745075448047,16.452063244274736,12.971930101569592,20.660712626508268,15.778138296702089,12.691200358176314,19.615926081371107,NA,0
Blackburn with Darwen,E06000008,NA,North West,England,Lancashire,E23000003,266,2147,2413,11.023622047244094,601,92547,93148,0.6452097736934771,19.07642156187543,16.338286513635534,22.230009850376675,17.08533022390504,14.874609327393317,19.624616851099397,NA,0
Blackpool,E06000009,NA,North West,England,Lancashire,E23000003,236,1099,1335,17.677902621722847,1687,131420,133107,1.2674014139000953,16.727736155931453,14.352303507271554,19.432684312093446,13.948148098812466,12.30806032878788,15.806782725248913,NA,0
"Kingston upon Hull, City of",E06000010,NA,Yorkshire and The Humber,England,Humberside,E23000012,197,5471,5668,3.4756527875793934,608,243644,244252,0.24892324320783454,14.423480002386835,12.195473657291165,17.01689456869875,13.9627490899974,11.916045858801795,16.360994616869252,NA,0
East Riding of Yorkshire,E06000011,NA,Yorkshire and The Humber,England,Humberside,E23000012,173,1545,1718,10.069848661233994,547,332173,332720,0.16440250060110603,67.99434990267092,56.64398814402032,81.56487556567882,61.25118915111105,51.97312669715995,72.18553915922472,Chi-squared approximation may be incorrect,0
North East Lincolnshire,E06000012,NA,Yorkshire and The Humber,England,Humberside,E23000012,181,1048,1229,14.727420667209113,612,150226,150838,0.4057333032790145,42.37083954637928,35.345933990404994,50.626937742245374,36.29827906209948,31.054004911850736,42.42818491882328,NA,0
North Lincolnshire,E06000013,NA,Yorkshire and The Humber,England,Humberside,E23000012,206,1560,1766,11.664779161947905,459,159199,159658,0.2874895088251137,45.85445310160073,38.38475113677905,54.567374671981256,40.574625521531125,34.66069569633406,47.497610856859076,NA,0
York,E06000014,NA,Yorkshire and The Humber,England,North Yorkshire,E23000009,10,2534,2544,0.39308176100628933,74,187503,187577,0.039450465675429286,9.99999909563088,4.599471943278257,19.465754343124306,9.963932092469829,5.154062101438553,19.262465369914747,Chi-squared approximation may be incorrect,0
Derby,E06000015,NA,East Midlands,England,Derbyshire,E23000018,100,9019,9119,1.096611470555982,438,190862,191300,0.22895974908520647,4.831434894707766,3.844746618402561,6.02288593302419,4.78953822642373,3.8583170202046992,5.945513627378687,NA,0
Leicester,E06000016,NA,East Midlands,England,Leicestershire,E23000021,864,15704,16568,5.2148720424915505,1276,148085,149361,0.8543060102704187,6.384846953910167,5.840503226084401,6.976066598805035,6.104220244032762,5.607656288315806,6.6447554685721375,NA,0
Rutland,E06000017,NA,East Midlands,England,Leicestershire,E23000021,24,291,315,7.6190476190476195,50,38755,38805,0.12884937508053088,63.77527797897003,37.04582668416299,107.6951766359306,59.13142857142857,36.81285531904557,94.98110957693055,Chi-squared approximation may be incorrect,0
Nottingham,E06000018,NA,East Midlands,England,Nottinghamshire,E23000019,758,11351,12109,6.25980675530597,902,211129,212031,0.42540949200824407,15.628984928170732,14.148586506511691,17.263969101941036,14.714779225435478,13.383594008554567,16.178369391279244,NA,0
"Herefordshire, County of",E06000019,NA,West Midlands,England,West Mercia,E23000016,30,1581,1611,1.86219739292365,270,180386,180656,0.149455318395182,12.67650215822106,8.361382049159655,18.594595008868488,12.45989378577833,8.572182617959902,18.110784624164392,Chi-squared approximation may be incorrect,0
Telford and Wrekin,E06000020,NA,West Midlands,England,West Mercia,E23000016,91,1942,2033,4.476143630103295,465,162783,163248,0.2848426933254925,16.403627143383897,12.89451615604215,20.663134959563106,15.714440759722642,12.606497031769168,19.58860163680036,NA,0
Stoke-on-Trent,E06000021,NA,West Midlands,England,Staffordshire,E23000015,2,5050,5052,0.0395882818685669,15,214961,214976,0.006977523072342959,5.675413890436773,0.6295994934260969,24.404034057927287,5.673686988651359,1.297832605339047,24.80344838985009,Chi-squared approximation may be incorrect,0
Bath and North East Somerset,E06000022,NA,South West,England,Avon and Somerset,E23000036,72,1827,1899,3.7914691943127963,283,177736,178019,0.158971795145462,24.74665780512439,18.759011428803415,32.32586076301941,23.84994892234522,18.486861415813472,30.768882332395965,Chi-squared approximation may be incorrect,0
"Bristol, City of",E06000023,NA,South West,England,Avon and Somerset,E23000036,686,9603,10289,6.667314607833609,1179,380724,381903,0.30871713497930103,23.068409999280377,20.931243014180872,25.410736757692412,21.59684012447395,19.697453132185288,23.67938130031442,NA,0
South Gloucestershire,E06000025,NA,South West,England,Avon and Somerset,E23000036,64,3403,3467,1.8459763484280356,292,263748,264040,0.11058930465081049,16.987132206191166,12.72139249576609,22.390815993815316,16.692177912292415,12.762457891546722,21.831907758157932,Chi-squared approximation may be incorrect,0
Torbay,E06000027,NA,South West,England,Devon & Cornwall,E23000035,33,703,736,4.483695652173913,806,132997,133803,0.6023781230615157,7.745511609008062,5.253261625931323,11.068577663950158,7.443324185456899,5.295401021936441,10.462488997584478,Chi-squared approximation may be incorrect,0
Swindon,E06000030,NA,South West,England,Wiltshire,E23000038,16,4176,4192,0.38167938931297707,163,189265,189428,0.08604852503325802,4.44859455905225,2.4815185392187424,7.453623057347885,4.435629653912799,2.6567556037945486,7.40557784034397,Chi-squared approximation may be incorrect,0
Peterborough,E06000031,NA,East of England,England,Cambridgeshire,E23000023,221,7188,7409,2.982858685382643,514,160578,161092,0.31907233133861396,9.605051003400076,8.150622767881279,11.289162507883265,9.348534461977835,7.99880177936996,10.926023546700646,NA,0
Luton,E06000032,NA,East of England,England,Bedfordshire,E23000026,320,8509,8829,3.624419526560199,655,100097,100752,0.6501111640463713,5.74688075667313,5.002372594784661,6.591406680310976,5.575076582289972,4.886183645860923,6.361095110440045,NA,0
Southend-on-Sea,E06000033,NA,East of England,England,Essex,E23000028,821,1562,2383,34.45237096097356,1158,156574,157732,0.7341566708087135,70.92139718348182,63.95475832702171,78.89726600283055,46.92781844919069,43.33070062265689,50.823552648689436,NA,0
Thurrock,E06000034,NA,East of England,England,Essex,E23000028,582,2843,3425,16.99270072992701,726,133508,134234,0.5408465813430279,37.64081044907453,33.493914294716916,42.21963246784214,31.41870784822344,28.325495618901048,34.849706290516636,NA,0
Medway,E06000035,NA,South East,England,Kent,E23000032,164,5014,5178,3.1672460409424485,1057,233472,234529,0.4506905329404893,7.223152911494034,6.075592062867071,8.546516816427294,7.027540650295095,5.975485671435391,8.264822360403514,NA,0
Bracknell Forest,E06000036,NA,South East,England,Thames Valley,E23000029,89,1857,1946,4.5734840698869474,244,106700,106944,0.22815679233991623,20.95002337943181,16.171727259121944,26.94677838256082,20.04535575286843,15.791443819682872,25.445189929892365,NA,0
West Berkshire,E06000037,NA,South East,England,Thames Valley,E23000029,185,1349,1534,12.059973924380705,1051,146985,148036,0.7099624415682672,19.16827815767585,16.170356203727028,22.66491519340605,16.98677735365958,14.650641456101573,19.695424649316564,NA,0
Reading,E06000038,NA,South East,England,Thames Valley,E23000029,649,5033,5682,11.422034494896163,761,115445,116206,0.6548715212639623,19.56033898787858,17.52746645114312,21.83460700863314,17.44164179387521,15.761648188274979,19.300701603792646,NA,0
Slough,E06000039,NA,South East,England,Thames Valley,E23000029,849,8715,9564,8.877038895859474,543,55997,56540,0.9603820304209408,10.044893372089218,8.987517515303832,11.237238470194796,9.24323718548609,8.317778979941535,10.271664331690786,NA,0
Windsor and Maidenhead,E06000040,NA,South East,England,Thames Valley,E23000029,318,3444,3762,8.452950558213717,546,121521,122067,0.4472953378062867,20.549107709979904,17.764628818332408,23.72585714666418,18.897917871602083,16.52133694058574,21.616368043708437,NA,0
Wokingham,E06000041,NA,South East,England,Thames Valley,E23000029,109,3304,3413,3.193671256958688,222,141119,141341,0.15706695155687309,20.969213626322162,16.4657551170179,26.557498855234,20.33318419503594,16.208763070704574,25.507090066391346,NA,0
Milton Keynes,E06000042,NA,South East,England,Thames Valley,E23000029,418,6041,6459,6.471590029416319,872,204508,205380,0.424578829486805,16.223554443062042,14.361776219127723,18.29998787660349,15.24237569084316,13.600967142605404,17.081874712646442,NA,0
Brighton and Hove,E06000043,NA,South East,England,Sussex,E23000033,89,9524,9613,0.9258296057422242,1392,234195,235587,0.5908645213870035,1.5721796538646444,1.25315083321674,1.9509564470936818,1.5669067480459293,1.26589781323854,1.9394904797179104,NA,0
Southampton,E06000045,NA,South East,England,Hampshire,E23000030,703,6044,6747,10.419445679561285,1827,198084,199911,0.913906688476372,12.61029263713702,11.50079875579523,13.81709751085334,11.400995102609611,10.48728699325398,12.394310312413552,NA,0
County Durham,E06000047,NA,North East,England,Durham,E23000008,104,2924,3028,3.4346103038309117,2141,502375,504516,0.42436711620642364,8.345670014471848,6.765796054749397,10.204224565016494,8.093488332777001,6.669378511844592,9.821687774425092,NA,0
Cheshire East,E06000049,NA,North West,England,Cheshire,E23000006,184,3796,3980,4.623115577889447,789,374991,375780,0.20996327638511894,23.045123649744728,19.45206385655704,27.164465739565834,22.018686588837724,18.812168219735522,25.771753337227928,NA,0
Cheshire West and Chester,E06000050,NA,North West,England,Cheshire,E23000006,139,2595,2734,5.084125822970007,742,339044,339786,0.21837274048960229,24.46620406497767,20.182849545035804,29.497308481391055,23.281870308405484,19.501325595096386,27.795314857658212,NA,0
Shropshire,E06000051,NA,West Midlands,England,West Mercia,E23000016,51,1885,1936,2.634297520661157,480,311889,312369,0.15366441612323886,17.56868479804853,12.857126755088462,23.600329946295997,17.143185046487602,12.889562880649818,22.800524444417775,Chi-squared approximation may be incorrect,0
Wiltshire,E06000054,NA,South West,England,Wiltshire,E23000038,9,4511,4520,0.19911504424778761,75,480367,480442,0.015610625215946984,12.778142188424134,5.621942225572965,25.611030716760734,12.755097345132743,6.392601711055256,25.45012432144093,Chi-squared approximation may be incorrect,0
Bedford,E06000055,NA,East of England,England,Bedfordshire,E23000026,230,3814,4044,5.687438180019782,581,138902,139483,0.41653821612669645,14.414588481433015,12.281356740294136,16.883662972122554,13.654060923643705,11.758583651344383,15.855088098578833,NA,0
Central Bedfordshire,E06000056,NA,East of England,England,Bedfordshire,E23000026,92,3123,3215,2.8615863141524107,434,264378,264812,0.16388985393411176,17.94447897980234,14.127903130189464,22.57302817581912,17.460423848463783,13.980767868205335,21.80612709129671,NA,0
"Bournemouth, Christchurch and Poole",E06000058,NA,South West,England,Dorset,E23000039,432,6729,7161,6.032677000418936,531,363626,364157,0.14581622761611063,43.96254767738326,38.57602462933572,50.05815841259946,41.37178076161127,36.51709519037012,46.8718619173794,NA,0
Dorset,E06000059,NA,South West,England,Dorset,E23000039,231,1852,2083,11.089774363898224,346,367328,367674,0.0941051039779805,132.21447104591246,111.1491161830905,158.36693596042687,117.84455778820565,100.33368726704042,138.4115363301287,Chi-squared approximation may be incorrect,0
Buckinghamshire,E06000060,NA,South East,England,Thames Valley,E23000029,782,9148,9930,7.875125881168177,985,440006,440991,0.22336056744922234,38.18447157713752,34.63351281282514,42.110552055429444,35.25745824834757,32.16678085622743,38.645096868414555,NA,0
North Northamptonshire,E06000061,NA,East Midlands,England,Northamptonshire,E23000022,177,3865,4042,4.37902028698664,1593,321970,323563,0.4923307053031403,9.254963962131365,7.8534590264714845,10.853319203334676,8.894469184672054,7.639030096126842,10.356233851885474,NA,0
West Northamptonshire,E06000062,NA,East Midlands,England,Northamptonshire,E23000022,305,6169,6474,4.711152301513747,1404,362605,364009,0.3857047490584024,12.772886964935061,11.216018738843255,14.505087617740985,12.21440055642249,10.818529202072869,13.79037558304584,NA,0
Cambridge,E07000008,Cambridgeshire,East of England,England,Cambridgeshire,E23000023,100,5402,5502,1.817520901490367,368,107207,107575,0.342086916105043,5.392709786927488,4.271728203818813,6.756419231502664,5.313038341788756,4.26653680221806,6.61622710171918,NA,0
East Cambridgeshire,E07000009,Cambridgeshire,East of England,England,Cambridgeshire,E23000023,14,944,958,1.4613778705636742,87,82442,82529,0.10541748960971294,14.057024981101925,7.3493427234510005,24.975686312032693,13.86276485974132,7.912264219589805,24.288401426316586,Chi-squared approximation may be incorrect,0
Fenland,E07000010,Cambridgeshire,East of England,England,Cambridgeshire,E23000023,48,1435,1483,3.236682400539447,260,97260,97520,0.2666119770303527,12.514280972186784,8.95756931407817,17.15654679381283,12.14004875771565,8.961213006809613,16.44652166260514,Chi-squared approximation may be incorrect,0
Huntingdonshire,E07000011,Cambridgeshire,East of England,England,Cambridgeshire,E23000023,79,1589,1668,4.73621103117506,439,166277,166716,0.2633220566712253,18.828667495781716,14.552238541298012,24.095080939816842,17.986381737434655,14.224794776660447,22.742678055048422,NA,0
Allerdale,E07000026,Cumbria,North West,England,Cumbria,E23000002,136,185,321,42.36760124610592,980,93601,94581,1.036148909400408,70.07020325328128,55.338789471902906,88.68796885640555,40.88949074957086,35.47732845394774,47.12729302403814,Chi-squared approximation may be incorrect,0
Barrow-in-Furness,E07000027,Cumbria,North West,England,Cumbria,E23000002,175,108,283,61.83745583038869,941,64433,65374,1.4394101630617677,111.15158098459969,85.99636692555829,142.9902105753043,42.9602745744509,38.43303841944425,48.0207984435205,Chi-squared approximation may be incorrect,0
Carlisle,E07000028,Cumbria,North West,England,Cumbria,E23000002,459,392,851,53.93654524089306,2097,104139,106236,1.9739071501186038,58.13678978678497,50.30933092306436,67.14307553021891,27.324763091137413,25.34600560738362,29.458001767713586,NA,0
Copeland,E07000029,Cumbria,North West,England,Cumbria,E23000002,92,122,214,42.99065420560748,611,65069,65680,0.9302679658952496,80.26054924174376,59.828984299461354,107.73704317896679,46.21319424262356,38.85999239995794,54.95779052465196,Chi-squared approximation may be incorrect,0
Eden,E07000030,Cumbria,North West,England,Cumbria,E23000002,294,-67,227,129.51541850220266,820,52800,53620,1.5292801193584484,Inf,4201.0256410221755,Inf,65.39024390243902,61.09643599677963,69.98581714072228,NA,1
South Lakeland,E07000031,Cumbria,North West,England,Cumbria,E23000002,277,158,435,63.678160919540225,836,101082,101918,0.8202672736906139,210.64856173804802,171.88641189876364,261.1359687509089,77.63099048561844,70.38746577497045,85.619941241317,Chi-squared approximation may be incorrect,0
Amber Valley,E07000032,Derbyshire,East Midlands,England,Derbyshire,E23000018,25,376,401,6.234413965087282,173,122493,122666,0.14103337518138684,47.04702422237629,29.264672744026857,72.86270769965488,44.20523834921367,29.403179419414492,66.45890465234943,Chi-squared approximation may be incorrect,0
Bolsover,E07000033,Derbyshire,East Midlands,England,Derbyshire,E23000018,9,363,372,2.4193548387096775,82,77931,78013,0.10511068668042506,23.573602204846296,10.322020231109011,47.45225792351651,23.017210857592445,11.653199033751715,45.46322380046969,Chi-squared approximation may be incorrect,0
Chesterfield,E07000034,Derbyshire,East Midlands,England,Derbyshire,E23000018,12,480,492,2.4390243902439024,182,98607,98789,0.1842310378685886,13.54855157312419,6.82364826511448,24.473391540718968,13.238943982846422,7.431818534848238,23.583681027610645,Chi-squared approximation may be incorrect,0
Derbyshire Dales,E07000035,Derbyshire,East Midlands,England,Derbyshire,E23000018,12,220,232,5.172413793103448,215,69678,69893,0.3076130656861202,17.67355372438662,8.855890705316243,32.105369989260474,16.81467522052927,9.538648638288635,29.640813231863344,Chi-squared approximation may be incorrect,0
Erewash,E07000036,Derbyshire,East Midlands,England,Derbyshire,E23000018,24,506,530,4.528301886792453,106,107565,107671,0.09844805007847982,48.17527108317946,29.27023764928987,76.08978640746695,45.99686721253114,29.779259179804846,71.04648844998863,Chi-squared approximation may be incorrect,0
High Peak,E07000037,Derbyshire,East Midlands,England,Derbyshire,E23000018,13,238,251,5.179282868525896,116,88466,88582,0.13095211216725744,41.666271574634,21.23308963414357,75.48463609371883,39.55096853963457,22.598634470049056,69.22007232323571,Chi-squared approximation may be incorrect,0
North East Derbyshire,E07000038,Derbyshire,East Midlands,England,Derbyshire,E23000018,3,247,250,1.2,73,99234,99307,0.07350942028255812,16.507498595460188,3.3056955264083787,50.81017636718745,16.324438356164386,5.179715713778071,51.44824588255946,Chi-squared approximation may be incorrect,0
South Derbyshire,E07000039,Derbyshire,East Midlands,England,Derbyshire,E23000018,5,857,862,0.580046403712297,87,99627,99714,0.08724953366628557,6.680665848698688,2.1109025655584617,16.25873115797324,6.648131850548044,2.7060085034899255,16.333155289523244,Chi-squared approximation may be incorrect,0
East Devon,E07000040,Devon,South West,England,Devon & Cornwall,E23000035,10,642,652,1.5337423312883436,233,146411,146644,0.15888819181146177,9.786752468650631,4.610008929235253,18.43730408860236,9.65296611285184,5.150026684225153,18.093062519711054,Chi-squared approximation may be incorrect,0
Exeter,E07000041,Devon,South West,England,Devon & Cornwall,E23000035,48,2086,2134,2.2492970946579196,719,117034,117753,0.610600154560818,3.7456156726629106,2.7272171130453193,5.037918621677506,3.6837479942594435,2.759079474717547,4.91830677932888,NA,0
Mid Devon,E07000042,Devon,South West,England,Devon & Cornwall,E23000035,10,402,412,2.4271844660194173,84,80795,80879,0.10385885087599994,23.937838403618382,10.987299685136165,46.58946329693788,23.370030050855295,12.218974256076187,44.697557514395186,Chi-squared approximation may be incorrect,0
North Devon,E07000043,Devon,South West,England,Devon & Cornwall,E23000035,13,438,451,2.882483370288248,200,95327,95527,0.2093648916013274,14.147987746734724,7.343358186735018,24.997316599340973,13.767749445676273,7.917092281633052,23.941987544929912,Chi-squared approximation may be incorrect,0
Teignbridge,E07000045,Devon,South West,England,Devon & Cornwall,E23000035,17,503,520,3.2692307692307696,203,131295,131498,0.15437497148245602,21.847061525198175,12.389928927024254,36.24988757588336,21.177207275483138,13.008609842697235,34.47517555002543,Chi-squared approximation may be incorrect,0
West Devon,E07000047,Devon,South West,England,Devon & Cornwall,E23000035,7,229,236,2.9661016949152543,60,55713,55773,0.10757893604432252,28.38010246041943,10.823691222096356,63.00778726183022,27.57139830508475,12.736502362626117,59.685303143216274,Chi-squared approximation may be incorrect,0
Eastbourne,E07000061,East Sussex,South East,England,Sussex,E23000033,19,1878,1897,1.0015814443858724,588,91541,92129,0.638235517589467,1.5750247010854235,0.9393047804857046,2.4890016844316833,1.569297566153504,0.9960499414855523,2.4724612176196112,NA,0
Hastings,E07000062,East Sussex,South East,England,Sussex,E23000033,14,1645,1659,0.8438818565400843,302,82597,82899,0.36429872495446264,2.3276080573062345,1.2545379385555036,3.9777786092544876,2.3164556962025316,1.358553260279408,3.949765643612352,NA,0
Lewes,E07000063,East Sussex,South East,England,Sussex,E23000033,1,892,893,0.11198208286674133,137,93797,93934,0.1458470841228948,0.7675462839316285,0.019272133149773295,4.3595553289255005,0.7678047424820788,0.10750479517512108,5.483700718815935,Chi-squared approximation may be incorrect,0
Rother,E07000064,East Sussex,South East,England,Sussex,E23000033,6,677,683,0.8784773060029283,93,88685,88778,0.10475568271418594,8.451111693652058,3.0132399078293792,19.192695903530744,8.38596325508903,3.685621438286753,19.080738728390248,Chi-squared approximation may be incorrect,0
Wealden,E07000065,East Sussex,South East,England,Sussex,E23000033,2,1237,1239,0.16142050040355124,159,153149,153308,0.10371278733008062,1.557282591819734,0.18674940274886198,5.7306050259507435,1.5564184953375872,0.38632179738680894,6.270519937044677,Chi-squared approximation may be incorrect,0
Basildon,E07000066,Essex,East of England,England,Essex,E23000028,678,1445,2123,31.935939707960433,1158,162440,163598,0.7078326140906368,65.89773934498182,58.889447047062006,73.47713243497526,45.117926289662435,41.45964026662485,49.099009532846786,NA,0
Braintree,E07000067,Essex,East of England,England,Essex,E23000028,427,616,1043,40.939597315436245,982,145771,146753,0.669151567599981,102.81893063822054,89.21821389454246,118.7632238323463,61.1813515767028,55.58597987846916,67.3399621439794,NA,0
Brentwood,E07000068,Essex,East of England,England,Essex,E23000028,259,739,998,25.951903807615228,292,67730,68022,0.4292728823027844,81.05838536473073,67.35960517298373,98.05121591152172,60.4554931781371,51.76549896760078,70.604296844493,NA,0
Castle Point,E07000069,Essex,East of England,England,Essex,E23000028,90,399,489,18.404907975460123,341,84577,84918,0.40156386160766855,55.90636187738638,42.95704267376267,72.46642855924054,45.833078459241136,36.98158274363567,56.803168637028364,Chi-squared approximation may be incorrect,0
Chelmsford,E07000070,Essex,East of England,England,Essex,E23000028,490,1608,2098,23.355576739752145,911,159388,160299,0.5683129651463826,53.34721929852387,47.123843400320034,60.16914601766238,41.09632926240976,37.14823996377688,45.46401876619851,NA,0
Colchester,E07000071,Essex,East of England,England,Essex,E23000028,377,2887,3264,11.550245098039216,1180,166102,167282,0.7053956791525687,18.380752019149796,16.234719560238943,20.783054278343187,16.37413644483217,14.65886529748605,18.29011583590726,NA,0
Epping Forest,E07000072,Essex,East of England,England,Essex,E23000028,297,3010,3307,8.98094950105836,314,112853,113167,0.2774660457553881,35.45189255004881,30.005279024786354,41.9123028481647,32.36774242631438,27.72491528039833,37.788059555115794,NA,0
Harlow,E07000073,Essex,East of England,England,Essex,E23000028,419,1642,2061,20.329936923823386,668,76171,76839,0.8693501997683468,29.085726406703465,25.43647872905237,33.25085514745669,23.385209929486006,20.864818714735517,26.210054873849067,NA,0
Maldon,E07000074,Essex,East of England,England,Essex,E23000028,106,322,428,24.766355140186917,141,63768,63909,0.22062620288222315,148.33980091862534,111.56935235570927,197.80229072094457,112.25482203221317,88.89253801709394,141.7570625226232,Chi-squared approximation may be incorrect,0
Rochford,E07000075,Essex,East of England,England,Essex,E23000028,123,308,431,28.538283062645007,301,81680,81981,0.367158243983362,108.1722858769138,84.62333857047291,138.43956459478719,77.72747454347842,64.45937884417656,93.72662919250101,Chi-squared approximation may be incorrect,0
Tendring,E07000076,Essex,East of England,England,Essex,E23000028,174,512,686,25.364431486880466,751,141759,142510,0.5269805627675251,64.13867174826885,52.94459084770458,77.67873976009875,48.13162624760766,41.557862803249904,55.745249850967504,Chi-squared approximation may be incorrect,0
Uttlesford,E07000077,Essex,East of England,England,Essex,E23000028,173,616,789,21.926489226869457,283,85825,86108,0.32865703535095464,85.12879286985596,68.84374174128952,104.83901402667118,66.71541110767757,55.96630272913934,79.5290355485463,Chi-squared approximation may be incorrect,0
Cheltenham,E07000078,Gloucestershire,South West,England,Gloucestershire,E23000037,31,1432,1463,2.1189336978810664,326,107995,108321,0.3009573397586802,7.172568164320596,4.775535885007444,10.42788605569226,7.0406446959562885,4.888828256244356,10.139582561809622,Chi-squared approximation may be incorrect,0
Cotswold,E07000079,Gloucestershire,South West,England,Gloucestershire,E23000037,7,451,458,1.5283842794759825,60,87322,87382,0.06866402691629855,22.57518432370813,8.661983000837742,49.841274958756046,22.258879184861716,10.23002343071909,48.43172705533513,Chi-squared approximation may be incorrect,0
Forest of Dean,E07000080,Gloucestershire,South West,England,Gloucestershire,E23000037,6,503,509,1.1787819253438114,136,84567,84703,0.16056101909023293,7.417211751568802,2.662213983715937,16.678055920933797,7.34164451635271,3.2563512193857225,16.552190035158265,Chi-squared approximation may be incorrect,0
Gloucester,E07000081,Gloucestershire,South West,England,Gloucestershire,E23000037,66,2024,2090,3.1578947368421053,461,111480,111941,0.41182408590239505,7.8855361525077035,5.974851996540777,10.267879965872707,7.668067130951021,5.946319678437305,9.888343833580084,NA,0
Stroud,E07000082,Gloucestershire,South West,England,Gloucestershire,E23000037,9,624,633,1.4218009478672986,114,116402,116516,0.09784063991211507,14.727374337723376,6.535383794427004,29.147775300020033,14.531803442254928,7.405549865646126,28.51554781420778,Chi-squared approximation may be incorrect,0
Tewkesbury,E07000083,Gloucestershire,South West,England,Gloucestershire,E23000037,21,878,899,2.3359288097886544,115,89650,89765,0.12811229321004847,18.642291893216964,11.06239352414381,30.030893153609036,18.233447792232916,11.505291749782954,28.896148452589657,Chi-squared approximation may be incorrect,0
Basingstoke and Deane,E07000084,Hampshire,South East,England,Hampshire,E23000030,131,2348,2479,5.284388866478419,588,162792,163380,0.35989717223650386,15.448035648182096,12.625165793077374,18.78403905005717,14.68305192185789,12.201199348065416,17.669739473124697,NA,0
East Hampshire,E07000085,Hampshire,South East,England,Hampshire,E23000030,54,949,1003,5.383848454636091,267,119365,119632,0.22318443225892737,25.4230189450765,18.4962701645416,34.45981398237587,24.12286735299719,18.1268075555203,32.102328418722756,Chi-squared approximation may be incorrect,0
Eastleigh,E07000086,Hampshire,South East,England,Hampshire,E23000030,93,1190,1283,7.2486360093530795,348,125440,125788,0.27665596082297195,28.15402779621281,21.988840160699016,35.77313333777805,26.200903055876587,20.983003684319616,32.71635135137722,Chi-squared approximation may be incorrect,0
Fareham,E07000087,Hampshire,South East,England,Hampshire,E23000030,50,619,669,7.473841554559043,275,109057,109332,0.2515274576519226,32.02844887970291,22.972751269930882,43.976249487876956,29.713819812474526,22.198591278016483,39.77329357482971,Chi-squared approximation may be incorrect,0
Gosport,E07000088,Hampshire,South East,England,Hampshire,E23000030,85,436,521,16.314779270633398,390,77675,78065,0.4995836802664446,38.874052682746644,29.767559917528526,50.16729908428209,32.656749840051184,26.25428007061891,40.62055052536591,Chi-squared approximation may be incorrect,0
Hart,E07000089,Hampshire,South East,England,Hampshire,E23000030,23,1084,1107,2.077687443541102,179,91449,91628,0.19535513161915574,10.838142214836907,6.670349973129486,16.86688513025089,10.635438272446038,6.91789804737796,16.35071035628838,Chi-squared approximation may be incorrect,0
Havant,E07000090,Hampshire,South East,England,Hampshire,E23000030,103,522,625,16.48,532,118477,119009,0.4470250149148384,43.87783135355644,34.64188243990698,55.43502030371527,36.865945864661654,30.310300564280176,44.8394750033532,Chi-squared approximation may be incorrect,0
New Forest,E07000091,Hampshire,South East,England,Hampshire,E23000030,110,1128,1238,8.88529886914378,501,169022,169523,0.2955351191283778,32.89699921459535,26.291009352335404,40.84980903200626,30.065120163550123,24.64833657063527,36.67231043597405,Chi-squared approximation may be incorrect,0
Rushmoor,E07000092,Hampshire,South East,England,Hampshire,E23000030,123,2948,3071,4.005210029306415,461,76460,76921,0.5993161815369015,6.919651847539245,5.60541377829954,8.491321720603473,6.682966608769604,5.495620936589172,8.12684193638158,NA,0
Test Valley,E07000093,Hampshire,South East,England,Hampshire,E23000030,86,1153,1239,6.941081517352704,355,120843,121198,0.2929091239129359,25.382393011385137,19.678577062598627,32.43969701867351,23.697047823665155,18.85039705914768,29.789827439447247,Chi-squared approximation may be incorrect,0
Winchester,E07000094,Hampshire,South East,England,Hampshire,E23000030,115,1186,1301,8.83935434281322,498,118346,118844,0.4190367204065834,23.047665581675474,18.4920337382722,28.508971049634354,21.09446239994567,17.35246367068775,25.64341020315101,NA,0
Broxbourne,E07000095,Hertfordshire,East of England,England,Hertfordshire,E23000027,114,4755,4869,2.3413431916204557,199,79764,79963,0.2488651001088003,9.609491658881486,7.551335675108289,12.180876117063562,9.408081690027464,7.487051623641887,11.822010256578888,NA,0
Dacorum,E07000096,Hertfordshire,East of England,England,Hertfordshire,E23000027,90,2160,2250,4,397,133809,134206,0.2958138980373456,14.046347036712977,11.000434036274221,17.770723319671156,13.522015113350125,10.797592628454908,16.933857297395896,NA,0
Hertsmere,E07000098,Hertfordshire,East of England,England,Hertfordshire,E23000027,86,4506,4592,1.8728222996515678,212,82484,82696,0.25636064622230825,7.426528646112242,5.7004052683271675,9.602008514523433,7.305420419433304,5.696255477563026,9.369166764884195,NA,0
North Hertfordshire,E07000099,Hertfordshire,East of England,England,Hertfordshire,E23000027,79,1527,1606,4.919053549190536,247,116253,116500,0.21201716738197424,24.347275552831313,18.565821619179534,31.664139600253794,23.201203987072773,18.096190326219403,29.74636411012045,Chi-squared approximation may be incorrect,0
Three Rivers,E07000102,Hertfordshire,East of England,England,Hertfordshire,E23000027,46,1698,1744,2.637614678899083,153,71987,72140,0.21208760742999722,12.744119871401923,8.92802355715858,17.893483130517417,12.43643940756731,8.975507886835317,17.23189674480099,Chi-squared approximation may be incorrect,0
Watford,E07000103,Hertfordshire,East of England,England,Hertfordshire,E23000027,186,3885,4071,4.568901989683124,310,61495,61805,0.5015775422700428,9.49704247399356,7.850712359599024,11.463256552172103,9.109064112011792,7.616184003269965,10.894569900243525,NA,0
Ashford,E07000105,Kent,South East,England,Kent,E23000032,57,2590,2647,2.153381186248583,312,115819,116131,0.268662114336396,8.16952799021768,6.031761699463398,10.89786419816439,8.015202260904942,6.059685874034956,10.601781778572287,NA,0
Canterbury,E07000106,Kent,South East,England,Kent,E23000032,96,2842,2938,3.2675289312457454,774,139118,139892,0.5532839619134761,6.071181022288865,4.842938525525393,7.540248956392438,5.905699706070152,4.792288295372828,7.277794420663858,NA,0
Dartford,E07000107,Kent,South East,England,Kent,E23000032,104,2748,2852,3.6465638148667603,636,85833,86469,0.7355237137008639,5.10813920772644,4.096010134174858,6.317250004461123,4.957778718674747,4.04318157814698,6.079264398164679,NA,0
Dover,E07000108,Kent,South East,England,Kent,E23000032,90,1399,1489,6.044325050369376,461,109468,109929,0.41936158793403017,15.276989399306835,11.974132655352024,19.306312361143835,14.413158534968657,11.566806435258611,17.95993908231207,NA,0
Gravesham,E07000109,Kent,South East,England,Kent,E23000032,79,3822,3901,2.025121763650346,393,80829,81222,0.4838590529659452,4.2510875041048015,3.2879630750714175,5.4392519044935295,4.18535470450912,3.293904858450297,5.318063136407056,NA,0
Maidstone,E07000110,Kent,South East,England,Kent,E23000032,129,3238,3367,3.8313038313038312,1207,155375,156582,0.7708421146747391,5.128214796830581,4.229189180062383,6.175557735911283,4.97028348395374,4.158534296682049,5.94048675529106,NA,0
Sevenoaks,E07000111,Kent,South East,England,Kent,E23000032,28,1417,1445,1.9377162629757785,451,110022,110473,0.4082445484417007,4.820282520031693,3.1557286842986403,7.091970483996287,4.746459616845303,3.251836652451155,6.928047531957529,NA,0
Folkestone and Hythe,E07000112,Kent,South East,England,Kent,E23000032,60,1307,1367,4.389173372348208,477,100854,101331,0.47073452349231726,9.705866912661433,7.252674263458332,12.793269555669927,9.324094905522353,7.1669963160791355,12.130429816482685,NA,0
Swale,E07000113,Kent,South East,England,Kent,E23000032,59,1839,1898,3.108535300316122,550,140689,141239,0.3894108567746869,8.206362036760044,6.140030928095196,10.794989829800963,7.9826621323881595,6.126453084612687,10.401270333712578,NA,0
Thanet,E07000114,Kent,South East,England,Kent,E23000032,95,2178,2273,4.179498460184778,1132,129022,130154,0.8697389246584815,4.971237621527516,3.9716742194897092,6.161693122155085,4.805463273735774,3.9139431322685048,5.900054368403416,NA,0
Tonbridge and Malling,E07000115,Kent,South East,England,Kent,E23000032,20,1298,1318,1.5174506828528074,365,122385,122750,0.2973523421588595,5.166412311610816,3.1082656106216024,8.129014135002558,5.103207433429646,3.2643000887288136,7.978042888438354,Chi-squared approximation may be incorrect,0
Tunbridge Wells,E07000116,Kent,South East,England,Kent,E23000032,33,1525,1558,2.1181001283697047,397,104713,105110,0.3776995528493959,5.70733560069968,3.8604852857090752,8.184869620484765,5.607896838613089,3.945728528896623,7.9702662568427884,NA,0
Burnley,E07000117,Lancashire,North West,England,Lancashire,E23000003,125,842,967,12.926577042399174,462,77461,77923,0.5928929840996882,24.868268983143512,20.021665328447547,30.758588989841098,21.80254681547339,18.08129558549739,26.289656368550126,NA,0
Chorley,E07000118,Lancashire,North West,England,Lancashire,E23000003,44,586,630,6.984126984126984,294,112179,112473,0.2613960683897469,28.651549063775327,20.151154363745498,39.90258158791973,26.718561710398443,19.65580255350506,36.31912448902113,Chi-squared approximation may be incorrect,0
Fylde,E07000119,Lancashire,North West,England,Lancashire,E23000003,22,463,485,4.536082474226804,107,78121,78228,0.13677966968348929,34.68040176735835,20.664217593939977,55.938874659405556,33.16342614895462,21.144909575243762,52.01312542971652,Chi-squared approximation may be incorrect,0
Hyndburn,E07000120,Lancashire,North West,England,Lancashire,E23000003,201,466,667,30.13493253373313,485,67369,67854,0.7147699472396616,59.88645305557389,49.34587490028627,72.47182307064604,42.16032396173048,36.4456192421072,48.77109933981997,NA,0
Lancaster,E07000121,Lancashire,North West,England,Lancashire,E23000003,110,1591,1701,6.466784244562023,712,131952,132664,0.5366942049086414,12.813865386089846,10.323865255790531,15.78212992370941,12.049290239053034,9.914437593219446,14.64383570927231,NA,0
Pendle,E07000122,Lancashire,North West,England,Lancashire,E23000003,94,1005,1099,8.553230209281166,152,67202,67354,0.22567330819253498,41.33945128883711,31.347961871062996,54.22893598718764,37.900938652363394,29.5121533096105,48.674223654918116,Chi-squared approximation may be incorrect,0
Preston,E07000123,Lancashire,North West,England,Lancashire,E23000003,362,2842,3204,11.298377028714107,1853,105106,106959,1.732439532905132,7.226086421443976,6.397642463494402,8.140617782911919,6.521657358954301,5.859849330470375,7.258209607274784,NA,0
Ribble Valley,E07000124,Lancashire,North West,England,Lancashire,E23000003,27,178,205,13.170731707317074,80,59154,59234,0.13505756828848298,112.25750341489,67.89281771040996,180.399820201979,97.51939024390244,64.4530299692077,147.54979677582162,Chi-squared approximation may be incorrect,0
Rossendale,E07000125,Lancashire,North West,England,Lancashire,E23000003,24,285,309,7.766990291262135,93,65375,65468,0.1420541333170404,59.17266951614704,35.52358947012192,95.333926101803,54.67627100949994,35.404215863575565,84.43894430606275,Chi-squared approximation may be incorrect,0
South Ribble,E07000126,Lancashire,North West,England,Lancashire,E23000003,26,417,443,5.8690744920993225,216,105622,105838,0.2040854891437858,30.48452247561213,19.252099545824457,46.570384508721354,28.75792157846334,19.354049271157418,42.73100899590662,Chi-squared approximation may be incorrect,0
West Lancashire,E07000127,Lancashire,North West,England,Lancashire,E23000003,37,530,567,6.525573192239858,356,113339,113695,0.3131184308896609,22.216371839524452,15.227501837402306,31.637472790010396,20.84059112617165,15.007737419219621,28.940420954596426,Chi-squared approximation may be incorrect,0
Wyre,E07000128,Lancashire,North West,England,Lancashire,E23000003,52,340,392,13.26530612244898,659,108378,109037,0.6043819987710594,25.133186905330646,18.221875269595586,34.13311738813842,21.94854603449878,16.850398021163123,28.589156910327944,Chi-squared approximation may be incorrect,0
Blaby,E07000129,Leicestershire,East Midlands,England,Leicestershire,E23000021,49,1411,1460,3.356164383561644,138,88470,88608,0.1557421451787649,22.27172840282328,15.6584791490575,31.169142857341885,21.549493746277548,15.619904582424523,29.730058738218872,Chi-squared approximation may be incorrect,0
Charnwood,E07000130,Leicestershire,East Midlands,England,Leicestershire,E23000021,148,2245,2393,6.184705390722942,415,150809,151224,0.27442733957572873,23.944899507799537,19.628144533545253,29.133380680618554,22.53676838570328,18.763156608306037,27.069322069507013,NA,0
Harborough,E07000131,Leicestershire,East Midlands,England,Leicestershire,E23000021,32,955,987,3.242147922998987,90,88546,88636,0.10153887810821788,32.963430833603276,21.18302139288821,50.112837453764904,31.930113700326466,21.43577140842586,47.56218665939978,Chi-squared approximation may be incorrect,0
Hinckley and Bosworth,E07000132,Leicestershire,East Midlands,England,Leicestershire,E23000021,88,672,760,11.578947368421053,262,106790,107052,0.24474087359414118,53.405451230312934,40.90035041823817,69.17001528835578,47.311048613901164,37.56374521507068,59.587650489357856,Chi-squared approximation may be incorrect,0
Melton,E07000133,Leicestershire,East Midlands,England,Leicestershire,E23000021,23,179,202,11.386138613861387,164,49936,50100,0.3273453093812375,39.09356765151683,23.52986227040958,62.451231807381696,34.78326491185704,22.993057540181518,52.61916627721681,Chi-squared approximation may be incorrect,0
North West Leicestershire,E07000134,Leicestershire,East Midlands,England,Leicestershire,E23000021,43,630,673,6.389301634472511,271,99986,100257,0.2703053153395773,25.162757736531464,17.64146591906028,35.23074641345554,23.637351068904444,17.290444804058687,32.31405391164288,Chi-squared approximation may be incorrect,0
Oadby and Wigston,E07000135,Leicestershire,East Midlands,England,Leicestershire,E23000021,35,1890,1925,1.8181818181818181,74,36490,36564,0.2023848594245706,9.130850109378034,5.908586025608974,13.867893225493956,8.983783783783784,6.025273258406406,13.394972744376846,NA,0
Boston,E07000136,Lincolnshire,East Midlands,England,Lincolnshire,E23000020,32,1150,1182,2.707275803722504,170,66228,66398,0.2560318081869936,10.842448623960992,7.151949944646886,15.968732616840892,10.573982283268636,7.279928214747925,15.358544484047563,Chi-squared approximation may be incorrect,0
East Lindsey,E07000137,Lincolnshire,East Midlands,England,Lincolnshire,E23000020,39,420,459,8.49673202614379,421,138505,138926,0.303039027971726,30.545397056110044,21.127580668202867,43.146933093789706,28.038408395820717,20.46206305883691,38.419994265012086,Chi-squared approximation may be incorrect,0
Lincoln,E07000138,Lincolnshire,East Midlands,England,Lincolnshire,E23000020,70,1502,1572,4.4529262086514,765,94596,95361,0.8022147418756096,5.762590332782695,4.421711525970202,7.410606838342193,5.550790799780471,4.368086349742194,7.053724683063101,NA,0
North Kesteven,E07000139,Lincolnshire,East Midlands,England,Lincolnshire,E23000020,24,460,484,4.958677685950414,213,114431,114644,0.18579254038589024,28.03264213634974,17.39223728302405,43.310657895399444,26.689326038877898,17.668813071251854,40.31510897404368,Chi-squared approximation may be incorrect,0
South Holland,E07000140,Lincolnshire,East Midlands,England,Lincolnshire,E23000020,16,906,922,1.735357917570499,125,91157,91282,0.13693827917880852,12.87711923366535,7.110356258943484,21.840868669530714,12.672555314533623,7.561666191323807,21.237866646927397,Chi-squared approximation may be incorrect,0
South Kesteven,E07000141,Lincolnshire,East Midlands,England,Lincolnshire,E23000020,37,769,806,4.590570719602978,354,136890,137244,0.25793477310483515,18.601301487222937,12.788125320415709,26.363332842678375,17.797409261050596,12.776023976902021,24.792359264351962,Chi-squared approximation may be incorrect,0
West Lindsey,E07000142,Lincolnshire,East Midlands,England,Lincolnshire,E23000020,29,547,576,5.034722222222222,166,91861,92027,0.1803818444586915,29.338362750966574,18.88236294994279,44.175080519159124,27.911468791834,18.97588961551637,41.054733448728705,Chi-squared approximation may be incorrect,0
Breckland,E07000143,Norfolk,East of England,England,Norfolk,E23000024,117,1041,1158,10.103626943005182,374,135734,136108,0.27478179093073146,40.77265563277539,32.5811840149454,50.86343100661304,36.76963785985426,30.122625546573357,44.8834138396886,Chi-squared approximation may be incorrect,0
Great Yarmouth,E07000145,Norfolk,East of England,England,Norfolk,E23000024,60,963,1023,5.865102639296188,259,93853,94112,0.27520401224073443,22.57791132046755,16.633150233149532,30.219274742880305,21.311835505383893,16.204536644723003,28.02883800793216,Chi-squared approximation may be incorrect,0
King's Lynn and West Norfolk,E07000146,Norfolk,East of England,England,Norfolk,E23000024,108,1460,1568,6.887755102040815,525,146482,147007,0.3571258511499453,20.633227099859706,16.504575159872374,25.601220207398395,19.286632653061222,15.774420073483157,23.580847813189468,NA,0
Norwich,E07000148,Norfolk,East of England,England,Norfolk,E23000024,278,2689,2967,9.369733737782273,528,124465,124993,0.4224236557247206,24.364846213033392,20.88311005743516,28.37541007999743,22.18089259633749,19.271584435688965,25.529400450288946,NA,0
South Norfolk,E07000149,Norfolk,East of England,England,Norfolk,E23000024,41,835,876,4.680365296803653,117,135135,135252,0.08650519031141869,56.669568602689765,38.425687590078425,81.97215200262572,54.10502283105022,38.14824092913481,76.73626422215365,Chi-squared approximation may be incorrect,0
Craven,E07000163,North Yorkshire,Yorkshire and The Humber,England,North Yorkshire,E23000009,0,216,216,0,2,55081,55083,0.0036308843018717212,0,0,1364.1792839671098,0,0,NA,Chi-squared approximation may be incorrect,0
Hambleton,E07000164,North Yorkshire,Yorkshire and The Humber,England,North Yorkshire,E23000009,1,404,405,0.24691358024691357,3,88635,88638,0.0033845529005618355,73.09004694276963,1.3896107009524872,895.772545488866,72.95308641975309,7.604583810864678,699.8611561837469,Chi-squared approximation may be incorrect,0
Harrogate,E07000165,North Yorkshire,Yorkshire and The Humber,England,North Yorkshire,E23000009,1,1055,1056,0.0946969696969697,12,155044,155056,0.007739139407697864,12.245782166158081,0.2862210664803019,82.98673540082721,12.23611111111111,1.5924826118687891,94.01824171113334,Chi-squared approximation may be incorrect,0
Richmondshire,E07000166,North Yorkshire,Yorkshire and The Humber,England,North Yorkshire,E23000009,1,588,589,0.1697792869269949,3,46941,46944,0.006390593047034766,26.595539660152472,0.506038329975832,331.27631153047815,26.56706281833616,2.76754373472892,255.03077618484463,Chi-squared approximation may be incorrect,0
Ryedale,E07000167,North Yorkshire,Yorkshire and The Humber,England,North Yorkshire,E23000009,0,248,248,0,3,53614,53617,0.005595240315571554,0,0,523.1436388581277,0,0,NA,Chi-squared approximation may be incorrect,0
Scarborough,E07000168,North Yorkshire,Yorkshire and The Humber,England,North Yorkshire,E23000009,3,697,700,0.4285714285714286,4,105260,105264,0.003799969600243198,113.07765506447473,16.547206814850153,668.0494305471417,112.78285714285715,25.2888466996018,502.98746385719573,Chi-squared approximation may be incorrect,0
Selby,E07000169,North Yorkshire,Yorkshire and The Humber,England,North Yorkshire,E23000009,2,525,527,0.3795066413662239,12,89643,89655,0.013384641124309853,28.461618817447103,3.0852880303138757,127.87721930284746,28.353889943074005,6.361524506134071,126.37585128042102,Chi-squared approximation may be incorrect,0
Ashfield,E07000170,Nottinghamshire,East Midlands,England,Nottinghamshire,E23000019,87,584,671,12.965722801788376,229,119797,120026,0.1907919950677353,77.91842403240143,59.32108826249468,101.7039113201729,67.9573731444302,53.73110434707359,85.95030049745944,Chi-squared approximation may be incorrect,0
Bassetlaw,E07000171,Nottinghamshire,East Midlands,England,Nottinghamshire,E23000019,55,734,789,6.970849176172369,110,113308,113418,0.09698636900668324,77.1567677650947,54.290878791505996,108.68849731863104,71.8745247148289,52.40010338737148,98.58658607585018,Chi-squared approximation may be incorrect,0
Broxtowe,E07000172,Nottinghamshire,East Midlands,England,Nottinghamshire,E23000019,52,1503,1555,3.3440514469453375,69,98478,98547,0.07001735212639654,49.37203068675314,33.60917214071949,72.03277773921161,47.760324339438,33.44061376220703,68.21192329867593,Chi-squared approximation may be incorrect,0
Gedling,E07000173,Nottinghamshire,East Midlands,England,Nottinghamshire,E23000019,62,1030,1092,5.677655677655678,77,104758,104835,0.07344875280202223,81.86243334682155,57.350853862432984,116.68489176043101,77.30091337234194,55.62461403196812,107.42422778455877,Chi-squared approximation may be incorrect,0
Mansfield,E07000174,Nottinghamshire,East Midlands,England,Nottinghamshire,E23000019,72,1017,1089,6.6115702479338845,308,104133,104441,0.29490334255704176,23.92002932701124,18.111757026252366,31.287418914002647,22.419448320274768,17.468619890713022,28.773404317572282,Chi-squared approximation may be incorrect,0
Newark and Sherwood,E07000175,Nottinghamshire,East Midlands,England,Nottinghamshire,E23000019,45,934,979,4.59652706843718,90,117831,117921,0.07632228356272419,63.15642653080906,42.82016794693066,91.54919835670805,60.22522982635342,42.343890533569535,85.6576536055798,Chi-squared approximation may be incorrect,0
Rushcliffe,E07000176,Nottinghamshire,East Midlands,England,Nottinghamshire,E23000019,46,1119,1165,3.9484978540772535,71,106668,106739,0.06651739289294446,61.704858151650825,41.42685441869618,91.03781771985423,59.360382034697466,41.14829237150388,85.63307860973222,Chi-squared approximation may be incorrect,0
Cherwell,E07000177,Oxfordshire,South East,England,Thames Valley,E23000029,201,2350,2551,7.879263034104272,424,140875,141299,0.3000728950664902,28.414713907019365,23.788817875342513,33.85624176991043,26.25782989282782,22.303652921251253,30.913036223933606,NA,0
Oxford,E07000178,Oxfordshire,South East,England,Thames Valley,E23000029,492,6019,6511,7.556442942712333,688,113310,113998,0.6035193599887717,13.457737835174802,11.927993058680576,15.18046445955501,12.520630560804078,11.1828754581814,14.018415051331969,NA,0
South Oxfordshire,E07000179,Oxfordshire,South East,England,Thames Valley,E23000029,97,1318,1415,6.855123674911661,282,138259,138541,0.20354985166845915,36.078137057384545,28.15313644458929,45.89729162960636,33.67786131368569,26.90085233176018,42.16217124558426,Chi-squared approximation may be incorrect,0
Vale of White Horse,E07000180,Oxfordshire,South East,England,Thames Valley,E23000029,73,1729,1802,4.051054384017759,333,125521,125854,0.2645923053697141,15.915204721214764,12.124124312402172,20.653503702632086,15.310552505891021,11.935911862192617,19.63930537876679,NA,0
West Oxfordshire,E07000181,Oxfordshire,South East,England,Thames Valley,E23000029,35,921,956,3.6610878661087867,244,108237,108481,0.22492418027119956,16.85559135016514,11.405508622881847,24.244517297168983,16.276986590301117,11.487520195411292,23.06331461917022,Chi-squared approximation may be incorrect,0
Mendip,E07000187,Somerset,South West,England,Avon and Somerset,E23000036,32,700,732,4.371584699453552,140,111884,112024,0.12497322002428052,36.52459818351051,23.892234091382647,54.381162997181015,34.98017174082748,23.991126974982897,51.00270680463347,Chi-squared approximation may be incorrect,0
Sedgemoor,E07000188,Somerset,South West,England,Avon and Somerset,E23000036,55,854,909,6.050605060506051,278,120494,120772,0.23018580465670851,27.919280816562505,20.34097962863695,37.702834040565506,26.285743682281897,19.830827627621424,34.841728943689894,Chi-squared approximation may be incorrect,0
South Somerset,E07000189,Somerset,South West,England,Avon and Somerset,E23000036,47,963,1010,4.653465346534653,158,166333,166491,0.09490002462595576,51.424864651286065,36.04742427629021,71.97780757620826,49.03544930442411,35.61708134185506,67.50904897030827,Chi-squared approximation may be incorrect,0
Cannock Chase,E07000192,Staffordshire,West Midlands,England,Staffordshire,E23000015,0,353,353,0,4,97064,97068,0.004120822516174228,0,0,416.9696687498511,0,0,NA,Chi-squared approximation may be incorrect,0
East Staffordshire,E07000193,Staffordshire,West Midlands,England,Staffordshire,E23000015,1,1634,1635,0.06116207951070336,1,106734,106735,9.368997985665433e-4,65.28970204227598,0.8316382279215299,4874.057396761739,65.28134556574923,4.085029800694373,1043.2369619801484,Chi-squared approximation may be incorrect,0
Lichfield,E07000194,Staffordshire,West Midlands,England,Staffordshire,E23000015,0,506,506,0,1,100845,100846,9.916109711837853e-4,0,0,6931.05610873333,0,0,NA,Chi-squared approximation may be incorrect,0
Newcastle-under-Lyme,E07000195,Staffordshire,West Midlands,England,Staffordshire,E23000015,0,989,989,0,1,114390,114391,8.741946481803639e-4,0,0,4213.927037886332,0,0,NA,Chi-squared approximation may be incorrect,0
South Staffordshire,E07000196,Staffordshire,West Midlands,England,Staffordshire,E23000015,2,743,745,0.2684563758389262,26,103323,103349,0.025157476124587564,10.699244515338407,1.2281213168579816,42.852314967825,10.671037687145068,2.537348420636625,44.87796961360943,Chi-squared approximation may be incorrect,0
Stafford,E07000197,Staffordshire,West Midlands,England,Staffordshire,E23000015,3,1087,1090,0.27522935779816515,21,127602,127623,0.01645471427563997,16.768264851717557,3.1977873640809826,56.337987454219665,16.726474442988206,4.996545198165465,55.99367887128488,Chi-squared approximation may be incorrect,0
Tamworth,E07000199,Staffordshire,West Midlands,England,Staffordshire,E23000015,0,415,415,0,3,75179,75182,0.0039903168311563935,0,0,437.0733959811731,0,0,NA,Chi-squared approximation may be incorrect,0
Babergh,E07000200,Suffolk,East of England,England,Suffolk,E23000025,46,364,410,11.219512195121952,123,89080,89203,0.13788773920159636,91.39326681596772,62.75097487482768,131.35482168245738,81.36700376759865,58.81669450193249,112.56309723251925,Chi-squared approximation may be incorrect,0
Ipswich,E07000202,Suffolk,East of England,England,Suffolk,E23000025,267,3736,4003,6.6699975018735955,557,116181,116738,0.47713683633435555,14.905990096516865,12.785866166484684,17.34480817153229,13.979213076727465,12.123221635375522,16.119345510793757,NA,0
Mid Suffolk,E07000203,Suffolk,East of England,England,Suffolk,E23000025,36,485,521,6.90978886756238,114,99229,99343,0.11475393334205732,64.59022409451065,42.650582043308184,95.77611255004469,60.213961006162236,41.81366335944904,86.71139548054664,Chi-squared approximation may be incorrect,0
Elmbridge,E07000207,Surrey,South East,England,Surrey,E23000031,16,3095,3111,0.5143040822886531,240,118934,119174,0.2013862084011613,2.5618189076361464,1.4391447763862832,4.253274916350272,2.5538197792778314,1.5415417891762735,4.230826248645336,NA,0
Epsom and Ewell,E07000208,Surrey,South East,England,Surrey,E23000031,7,2486,2493,0.2807862013638187,179,63913,64092,0.27928602633714034,1.0053868416800043,0.39803831828256264,2.1178124538930945,1.0053714646821155,0.4729692473355655,2.1370771729687803,NA,0
Guildford,E07000209,Surrey,South East,England,Surrey,E23000031,29,3366,3395,0.8541973490427098,418,123668,124086,0.33686314330383765,2.5489403485369713,1.6833132884160769,3.7225975615548754,2.535740006060136,1.7430967088086065,3.6888242320924935,NA,0
Mole Valley,E07000210,Surrey,South East,England,Surrey,E23000031,3,953,956,0.3138075313807531,98,80796,80894,0.12114619131208743,2.5952537501280637,0.5252226377568493,7.831719547217164,2.5903210656647593,0.8226515452425052,8.156264048891657,Chi-squared approximation may be incorrect,0
Reigate and Banstead,E07000211,Surrey,South East,England,Surrey,E23000031,16,2580,2596,0.6163328197226503,437,126474,126911,0.34433579437558604,1.794767384117571,1.015245755162732,2.953462564645511,1.7899179515748573,1.088504848622285,2.943309143202232,NA,0
Runnymede,E07000212,Surrey,South East,England,Surrey,E23000031,32,2204,2236,1.4311270125223614,1072,71927,72999,1.4685132673050316,0.9741720837967228,0.6612219499715729,1.387840168060331,0.9745414252529838,0.6873782942490547,1.3816714863998967,NA,0
Spelthorne,E07000213,Surrey,South East,England,Surrey,E23000031,29,2965,2994,0.9686038744154977,381,80128,80509,0.47323901675589064,2.057094986245812,1.3565246082191074,3.0091961054391505,2.0467540505332624,1.4056054123278021,2.980354306146731,NA,0
Surrey Heath,E07000214,Surrey,South East,England,Surrey,E23000031,7,1899,1906,0.36726128016789084,104,76501,76605,0.13576137327850663,2.7113133012463955,1.0623595293811239,5.799458389739509,2.7051971506981998,1.2601163097956898,5.807473141373897,Chi-squared approximation may be incorrect,0
Tandridge,E07000215,Surrey,South East,England,Surrey,E23000031,6,1129,1135,0.5286343612334802,84,78127,78211,0.10740177212924013,4.9425086520080015,1.7601701374936614,11.249779944001473,4.922026431718062,2.1545025223428844,11.244518835924419,Chi-squared approximation may be incorrect,0
Waverley,E07000216,Surrey,South East,England,Surrey,E23000031,7,1113,1120,0.625,87,119661,119748,0.07265257039783546,8.649189444450663,3.3702467642618954,18.64729323718684,8.602586206896552,3.9919973906094643,18.538210876883465,Chi-squared approximation may be incorrect,0
Woking,E07000217,Surrey,South East,England,Surrey,E23000031,26,2546,2572,1.010886469673406,217,80920,81137,0.26744888275386075,3.808276156270761,2.4277416604703177,5.746251611187997,3.779737119349822,2.521354776538869,5.666165199886003,NA,0
North Warwickshire,E07000218,Warwickshire,West Midlands,England,Warwickshire,E23000017,0,275,275,0,1,62439,62440,0.0016015374759769379,0,0,7778.943577670218,0,0,NA,Chi-squared approximation may be incorrect,0
Nuneaton and Bedworth,E07000219,Warwickshire,West Midlands,England,Warwickshire,E23000017,2,1802,1804,0.11086474501108648,5,116712,116717,0.00428386610348107,25.911177982903457,2.4650741998681425,158.31898028112124,25.87960088691796,5.02432430028618,133.30225161381733,Chi-squared approximation may be incorrect,0
Rugby,E07000220,Warwickshire,West Midlands,England,Warwickshire,E23000017,9,1581,1590,0.5660377358490566,5,97728,97733,0.005115979249588164,110.93000345966828,33.42966772333409,419.52039602634056,110.64113207547169,37.121629185341995,329.76624074936035,Chi-squared approximation may be incorrect,0
Stratford-on-Avon,E07000221,Warwickshire,West Midlands,England,Warwickshire,E23000017,3,953,956,0.3138075313807531,14,128418,128432,0.010900710103401021,28.880835189610725,5.311329644575941,103.66064038370111,28.78780633592349,8.28651464190239,100.01041806454569,Chi-squared approximation may be incorrect,0
Warwick,E07000222,Warwickshire,West Midlands,England,Warwickshire,E23000017,1,2643,2644,0.037821482602118005,15,125297,125312,0.011970122574055159,3.1603701012577714,0.07504658605295124,20.55635824837598,3.1596570852244072,0.4175244743490671,23.91101243052461,Chi-squared approximation may be incorrect,0
Adur,E07000223,West Sussex,South East,England,Sussex,E23000033,2,853,855,0.23391812865497078,86,60050,60136,0.14300917919382733,1.6371450878912859,0.19481206087231392,6.114826823854979,1.635686114511084,0.4032341503326693,6.635025984275134,Chi-squared approximation may be incorrect,0
Arun,E07000224,West Sussex,South East,England,Sussex,E23000033,24,1265,1289,1.8619084561675718,432,157195,157627,0.2740647224143072,6.9023933488585,4.358636697855029,10.457579552851962,6.793681579174209,4.520511892221829,10.209929870691317,Chi-squared approximation may be incorrect,0
Chichester,E07000225,West Sussex,South East,England,Sussex,E23000033,4,1052,1056,0.3787878787878788,257,117760,118017,0.21776523721158814,1.742229553482673,0.47026327502471255,4.528792122579006,1.7394322603466574,0.6491054385589674,4.661222058240114,Chi-squared approximation may be incorrect,0
Crawley,E07000226,West Sussex,South East,England,Sussex,E23000033,36,3552,3588,1.0033444816053512,459,86040,86499,0.5306419727395693,1.8998631859261341,1.3117740668955802,2.6745008965739285,1.8908125122958885,1.3490829262849262,2.650075756647456,NA,0
Horsham,E07000227,West Sussex,South East,England,Sussex,E23000033,15,1236,1251,1.1990407673860912,190,136919,137109,0.13857587758644582,8.746110532713123,4.785169083156108,14.84415728980046,8.652593714502084,5.130267227601463,14.593270616673799,Chi-squared approximation may be incorrect,0
Mid Sussex,E07000228,West Sussex,South East,England,Sussex,E23000033,13,1485,1498,0.8678237650200267,187,140212,140399,0.1331918318506542,6.563558651961487,3.4225411783031725,11.535774410640556,6.515592983157579,3.7222721568493227,11.405117662891724,Chi-squared approximation may be incorrect,0
Worthing,E07000229,West Sussex,South East,England,Sussex,E23000033,38,1345,1383,2.74765003615329,511,100922,101433,0.5037808208374001,5.579633831312672,3.885519286412383,7.803630129723324,5.454058436734572,3.9396880960378415,7.5505351454679825,NA,0
Bromsgrove,E07000234,Worcestershire,West Midlands,England,West Mercia,E23000016,33,596,629,5.246422893481717,179,92036,92215,0.19411158705199805,28.471500801932603,18.844683362615992,41.82582138118889,27.027870788961817,18.801499615626547,38.85359223035954,Chi-squared approximation may be incorrect,0
Malvern Hills,E07000235,Worcestershire,West Midlands,England,West Mercia,E23000016,15,470,485,3.0927835051546393,91,76479,76570,0.11884550084889642,26.79362562992695,14.309358420436617,47.01299223916819,26.02356406480118,15.182903273544955,44.604505109034434,Chi-squared approximation may be incorrect,0
Redditch,E07000236,Worcestershire,West Midlands,England,West Mercia,E23000016,40,599,639,6.259780907668231,239,77824,78063,0.306162970933733,21.749151956078236,14.997240910021,30.824613406148284,20.445911171351682,14.76311472757351,28.316198264450694,Chi-squared approximation may be incorrect,0
Worcester,E07000237,Worcestershire,West Midlands,England,West Mercia,E23000016,70,1193,1263,5.542359461599366,313,92938,93251,0.3356532369626063,17.42025641689479,13.159945211683429,22.787077559563844,16.512158535258866,12.819659028823073,21.268223973859733,NA,0
Wychavon,E07000238,Worcestershire,West Midlands,England,West Mercia,E23000016,40,1344,1384,2.8901734104046244,207,127333,127540,0.1623020228947781,18.31506255609718,12.653049462422292,25.896699346939947,17.807377621401244,12.7466050834596,24.877423884628257,Chi-squared approximation may be incorrect,0
Wyre Forest,E07000239,Worcestershire,West Midlands,England,West Mercia,E23000016,52,830,882,5.895691609977324,207,96716,96923,0.21357159807269688,29.273968474117837,20.998036600835118,40.15364447230073,27.605223087624747,20.51784066538683,37.14076710826057,Chi-squared approximation may be incorrect,0
St Albans,E07000240,Hertfordshire,East of England,England,Hertfordshire,E23000027,116,2790,2906,3.9917412250516175,214,123360,123574,0.17317558709760952,23.963888515794576,18.89098366961754,30.26971810504825,23.05025374507143,18.443479974021074,28.807697813025122,NA,0
Welwyn Hatfield,E07000241,Hertfordshire,East of England,England,Hertfordshire,E23000027,62,3173,3235,1.9165378670788256,257,93510,93767,0.2740836328345793,7.10854232223704,5.2855566118564505,9.436794448339153,6.99252942343892,5.310819799655029,9.206764601735333,NA,0
East Hertfordshire,E07000242,Hertfordshire,East of England,England,Hertfordshire,E23000027,95,1690,1785,5.322128851540616,294,137865,138159,0.2127982976136191,26.347531194642443,20.57269310718491,33.5069513694551,25.01020408163265,19.940218808410368,31.369280057302436,Chi-squared approximation may be incorrect,0
Stevenage,E07000243,Hertfordshire,East of England,England,Hertfordshire,E23000027,113,1198,1311,8.619374523264684,506,73425,73931,0.6844219610177057,13.690206976854743,10.97134132761315,16.960746665839476,12.593655689317814,10.34715801223908,15.327896165641578,NA,0
East Suffolk,E07000244,Suffolk,East of England,England,Suffolk,E23000025,115,1030,1145,10.043668122270741,516,235888,236404,0.2182704184362363,51.02102091865948,40.909898980832345,63.2338374869471,46.01479299955993,37.915955683924736,55.843539654996704,Chi-squared approximation may be incorrect,0
West Suffolk,E07000245,Suffolk,East of England,England,Suffolk,E23000025,187,2584,2771,6.748466257668712,505,164188,164693,0.30663112579162444,23.52330450007602,19.69662110141318,27.995369121834802,22.008418878697686,18.688381860006125,25.918268642444026,NA,0
Somerset West and Taunton,E07000246,Somerset,South West,England,Avon and Somerset,E23000036,42,1088,1130,3.7168141592920354,258,149989,150247,0.1717172389465347,22.438008435361688,15.701397677968378,31.38197764238484,21.644968100432187,15.704537824695507,29.832437560308186,Chi-squared approximation may be incorrect,0
Bolton,E08000001,Greater Manchester,North West,England,Greater Manchester,E23000005,3,6431,6434,0.046627292508548336,6,212043,212049,0.002829534683021377,16.481320536119185,2.667161229822317,77.17343098046493,16.47878458190861,4.122220205324048,65.87477809803282,Chi-squared approximation may be incorrect,0
Bury,E08000002,Greater Manchester,North West,England,Greater Manchester,E23000005,0,3995,3995,0,2,160448,160450,0.0012464942349641633,0,0,214.0118429972331,0,0,NA,Chi-squared approximation may be incorrect,0
Manchester,E08000003,Greater Manchester,North West,England,Greater Manchester,E23000005,93,29665,29758,0.3125210027555615,485,311667,312152,0.15537302339885697,2.01460736564443,1.5954535508076044,2.5205880082179126,2.0114238361268875,1.6117026538983505,2.5102805649376148,NA,0
Oldham,E08000004,Greater Manchester,North West,England,Greater Manchester,E23000005,0,4017,4017,0,10,164161,164171,0.006091209775173447,0,0,18.239359225545698,0,0,NA,Chi-squared approximation may be incorrect,0
Rochdale,E08000005,Greater Manchester,North West,England,Greater Manchester,E23000005,8,4018,4026,0.19870839542970692,8,165120,165128,0.004844726515188218,41.13970499798401,13.432677639514695,125.49251258406437,41.0153999006458,15.401492713692654,109.22727168609329,Chi-squared approximation may be incorrect,0
Salford,E08000006,Greater Manchester,North West,England,Greater Manchester,E23000005,3,8569,8572,0.03499766682221185,11,221427,221438,0.004967530414833949,7.047227461075833,1.2621948947913983,26.68623530364653,7.045284859797226,1.9658800918054986,25.248762100287312,Chi-squared approximation may be incorrect,0
Stockport,E08000007,Greater Manchester,North West,England,Greater Manchester,E23000005,1,4913,4914,0.02035002035002035,44,257264,257308,0.017100129028246307,1.1900865272446501,0.029463237059899925,6.988752360824553,1.19005069005069,0.16399582712304925,8.635711467386946,Chi-squared approximation may be incorrect,0
Trafford,E08000009,Greater Manchester,North West,England,Greater Manchester,E23000005,0,5964,5964,0,7,182574,182581,0.0038339148104129125,0,0,21.252500073230966,0,0,NA,Chi-squared approximation may be incorrect,0
Wigan,E08000010,Greater Manchester,North West,England,Greater Manchester,E23000005,7,2823,2830,0.24734982332155478,61,312353,312414,0.019525373382754934,12.696497644564426,4.89504145722789,27.802859316148513,12.668122574291838,5.799765534616968,27.670313325499134,Chi-squared approximation may be incorrect,0
Knowsley,E08000011,Merseyside,North West,England,Merseyside,E23000004,354,634,988,35.82995951417004,6421,140677,147098,4.365117132795823,12.229824579795624,10.682349931789272,13.985994947077074,8.208246978064762,7.5257575248956305,8.952629450261716,NA,0
Liverpool,E08000012,Merseyside,North West,England,Merseyside,E23000004,2703,15001,17704,15.267736104835066,20329,386444,406773,4.9976276694864215,3.4252557584047607,3.278833175397774,3.5769392357708067,3.0549967133514064,2.9434433626458807,3.17077781656325,NA,0
St. Helens,E08000013,Merseyside,North West,England,Merseyside,E23000004,303,943,1246,24.317817014446227,4726,171950,176676,2.674953021349815,11.690379660009583,10.204118092583416,13.363127100679675,9.090932371655315,8.210099593822862,10.066266607556292,NA,0
Sefton,E08000014,Merseyside,North West,England,Merseyside,E23000004,308,1793,2101,14.659685863874344,4476,262797,267273,1.6746921686814606,10.087604116168151,8.876287910322842,11.426806838564582,8.753660008702608,7.863965893210344,9.74401015829911,NA,0
Wirral,E08000015,Merseyside,North West,England,Merseyside,E23000004,387,1673,2060,18.78640776699029,4687,299831,304518,1.5391536789286677,14.80073135642225,13.166615244527229,16.59700490112596,12.205673822036161,11.10869875330389,13.410974296663724,NA,0
Barnsley,E08000016,South Yorkshire,Yorkshire and The Humber,England,South Yorkshire,E23000011,7,1869,1876,0.3731343283582089,12,236379,236391,0.005076335393479447,73.77000561013487,24.56873076112061,204.1235719057994,73.50466417910448,28.971361224429327,186.49229541644868,Chi-squared approximation may be incorrect,0
Doncaster,E08000017,South Yorkshire,Yorkshire and The Humber,England,South Yorkshire,E23000011,12,5249,5261,0.22809351834252042,60,285352,285412,0.021022241531540368,10.875156900129623,5.320387290737236,20.430788829949826,10.850104542862574,5.841454816438475,20.153330341571262,Chi-squared approximation may be incorrect,0
Rotherham,E08000018,South Yorkshire,Yorkshire and The Humber,England,South Yorkshire,E23000011,2,3730,3732,0.05359056806002144,5,241023,241028,0.0020744477820004315,25.85453795092098,2.460326571945959,157.8783472372662,25.833654876741694,5.013695758876917,133.11093380745834,Chi-squared approximation may be incorrect,0
Sheffield,E08000019,South Yorkshire,Yorkshire and The Humber,England,South Yorkshire,E23000011,11,20317,20328,0.05411255411255411,98,437321,437419,0.02240414796796664,2.416040990909353,1.1676525070812682,4.516044499346116,2.4152917660570723,1.295301630885129,4.503687925720241,Chi-squared approximation may be incorrect,0
Newcastle upon Tyne,E08000021,Tyne and Wear,North East,England,Northumbria,E23000007,65,10454,10519,0.6179294609753779,3226,235413,238639,1.3518326845151043,0.45373043894920034,0.34905771780812894,0.5804241186415999,0.45710498647769127,0.3578630010391749,0.5838685979160425,NA,0
North Tyneside,E08000022,Tyne and Wear,North East,England,Northumbria,E23000007,4,1368,1372,0.2915451895043732,1051,196989,198040,0.5307008685114118,0.54804229515447,0.14882179325471198,1.4106302846833487,0.5493587947616181,0.20609628377305236,1.4643402581400558,NA,0
South Tyneside,E08000023,Tyne and Wear,North East,England,Northumbria,E23000007,4,1294,1298,0.30816640986132515,623,138758,139381,0.44697627366714254,0.6884883681235053,0.1867252230854919,1.7758929511253059,0.6894469080719319,0.258342721516483,1.839947478526578,NA,0
Sunderland,E08000024,Tyne and Wear,North East,England,Northumbria,E23000007,8,1754,1762,0.4540295119182747,1902,257135,259037,0.734258040357169,0.616611526635676,0.26541466939231917,1.2201615520517073,0.6183514336423456,0.30927521671240105,1.2363049957640289,NA,0
Birmingham,E08000025,West Midlands,West Midlands,England,West Midlands,E23000014,1379,53105,54484,2.5310182805961383,3738,550351,554089,0.6746208641572022,3.8229369170290086,3.5897349694755225,4.070546969983821,3.751764013047709,3.5293154773758117,3.988233214012856,NA,0
Coventry,E08000026,West Midlands,West Midlands,England,West Midlands,E23000014,467,13649,14116,3.3083026353074523,2119,222717,224836,0.9424647298475333,3.5961106382499515,3.2413965984814577,3.9834679347810313,3.5102667829730363,3.1802272640973652,3.8745573395809427,NA,0
Dudley,E08000027,West Midlands,West Midlands,England,West Midlands,E23000014,112,4994,5106,2.1934978456717587,1292,272682,273974,0.4715775949542657,4.733741139819672,3.858869700382648,5.757089872031452,4.651403860449492,3.8424284823678314,5.6306989114529715,NA,0
Sandwell,E08000028,West Midlands,West Midlands,England,West Midlands,E23000014,126,14298,14424,0.8735440931780365,764,194161,194925,0.3919456201102988,2.239520452886909,1.8384373906946254,2.709481364324121,2.2287379890409524,1.847326401080645,2.68889841063743,NA,0
Solihull,E08000029,West Midlands,West Midlands,England,West Midlands,E23000014,90,3317,3407,2.6416201937188144,664,176873,177537,0.3740065451145395,7.225834235978156,5.718084704761244,9.042790824348778,7.063031992955679,5.682237041608451,8.779362875610396,NA,0
Walsall,E08000030,West Midlands,West Midlands,England,West Midlands,E23000014,108,6330,6438,1.6775396085740912,899,201249,202148,0.44472366780774486,3.8195881052924303,3.0936872712514867,4.6751735989666905,3.7720942913685804,3.094337346753801,4.598301267281808,NA,0
Wolverhampton,E08000031,West Midlands,West Midlands,England,West Midlands,E23000014,187,9936,10123,1.8472784747604463,1060,157941,159001,0.6666624738209194,2.804236484880177,2.384387351534434,3.283493950779804,2.7709351392960917,2.3750833492389574,3.2327629885688527,NA,0
Bradford,E08000032,West Yorkshire,Yorkshire and The Humber,England,West Yorkshire,E23000010,719,12473,13192,5.45027289266222,1965,329607,331572,0.5926314646592595,9.669100345523978,8.84685356131119,10.558415972121844,9.19673223188701,8.458843614668432,9.998988939618167,NA,0
Calderdale,E08000033,West Yorkshire,Yorkshire and The Humber,England,West Yorkshire,E23000010,180,1806,1986,9.06344410876133,745,176708,177453,0.41982947597391984,23.650615271261525,19.84446029787214,28.037132783180006,21.588393925262068,18.4579928434664,25.249698394875242,NA,0
Kirklees,E08000034,West Yorkshire,Yorkshire and The Humber,England,West Yorkshire,E23000010,409,6579,6988,5.852890669719519,1201,317286,318487,0.37709545444555037,16.425432158938754,14.604709465896557,18.448240437506293,15.520979106802335,13.908712026441588,17.320136614793853,NA,0
Leeds,E08000035,West Yorkshire,Yorkshire and The Humber,England,West Yorkshire,E23000010,1289,20084,21373,6.030973658353998,3581,635732,639313,0.5601325172489844,11.39258860843857,10.666496455447776,12.166598784188356,10.767047926398408,10.117875697298134,11.457871643977391,NA,0
Wakefield,E08000036,West Yorkshire,Yorkshire and The Humber,England,West Yorkshire,E23000010,253,2796,3049,8.297802558215809,1353,326881,328234,0.41220592625992436,21.86582484131176,18.93691509522206,25.151568266445082,20.130235956344475,17.686407282580404,22.911741948700755,NA,0
Gateshead,E08000037,Tyne and Wear,North East,England,Northumbria,E23000007,0,3499,3499,0,1074,182044,183118,0.5865070610207626,0,0,0.17910016348579988,0,0,NA,NA,0
City of London,E09000001,Inner London,London,England,"London, City of",E23000034,865,-324,541,159.8890942698706,521,5375,5896,8.836499321573948,Inf,2409.411764704735,Inf,11.316698656429942,10.42590304365084,12.283604398031867,NA,1
Barking and Dagenham,E09000002,Outer London,London,England,Metropolitan Police,E23000001,869,8059,8928,9.7334229390681,1281,95952,97233,1.3174539508191663,8.076590896440086,7.3805962570139885,8.83889813491198,7.388055524078132,6.797130253358866,8.030354339596261,NA,0
Barnet,E09000003,Outer London,London,England,Metropolitan Police,E23000001,712,39091,39803,1.7888098887018569,601,222428,223029,0.26947168305467,6.740832163368745,6.034734144568767,7.530126546083615,6.638210992800107,5.958383505802705,7.39560404965838,NA,0
Bexley,E09000004,Outer London,London,England,Metropolitan Police,E23000001,390,6594,6984,5.5841924398625435,958,175284,176242,0.5435707720066727,10.816748728100908,9.570139763404395,12.220720343417538,10.273165386077812,9.154649481756516,11.528341665076784,NA,0
Brent,E09000005,Outer London,London,England,Metropolitan Police,E23000001,1244,35374,36618,3.397236331858649,600,114344,114944,0.5219933184855234,6.701811602180777,6.070481509850761,7.406705513800915,6.5081988821526755,5.908290429826811,7.169020073188065,NA,0
Bromley,E09000006,Outer London,London,England,Metropolitan Police,E23000001,728,7901,8629,8.436667052960946,1484,249682,251166,0.5908443021746574,15.500872709386602,14.127389049602257,17.00169171515431,14.279002136280248,13.101656907209692,15.562146334002804,NA,0
Camden,E09000007,Inner London,London,England,Metropolitan Police,E23000001,1667,13639,15306,10.891153795897033,2177,121781,123958,1.756240016779877,6.836778766064369,6.394615008982537,7.309398570262365,6.201403960642189,5.831282766074955,6.595017361669526,NA,0
Croydon,E09000008,Outer London,London,England,Metropolitan Police,E23000001,1918,14480,16398,11.696548359556044,1055,186598,187653,0.5622079050161735,23.425069850817994,21.685861662680615,25.33170475230129,20.80466719730588,19.33207173079137,22.38943571170666,NA,0
Ealing,E09000009,Outer London,London,England,Metropolitan Police,E23000001,1252,39186,40438,3.0960977298580543,690,156095,156785,0.4400931211531715,7.227820797344238,6.575830275219842,7.948374768399128,7.035096848924566,6.4149344774193,7.715213280503997,NA,0
Enfield,E09000010,Outer London,London,England,Metropolitan Police,E23000001,703,40850,41553,1.6918152720621855,700,169689,170389,0.41082464243583805,4.171719640602975,3.74933256390664,4.6406316136234365,4.118095891305767,3.7109543882582843,4.569906281696154,NA,0
Greenwich,E09000011,Outer London,London,England,Metropolitan Police,E23000001,1208,12191,13399,9.01559817896858,1536,158203,159739,0.9615685587113979,10.205973870778593,9.437603147479328,11.036259146656782,9.375928629624102,8.713415407566776,10.088815183936378,NA,0
Hackney,E09000012,Inner London,London,England,Metropolitan Police,E23000001,962,22572,23534,4.087702897934903,698,135898,136596,0.5109959296026239,8.29729802668673,7.512671109081716,9.170758618639022,7.99948230725381,7.2638680879660384,8.809592411250007,NA,0
Hammersmith and Fulham,E09000013,Inner London,London,England,Metropolitan Police,E23000001,1154,13824,14978,7.704633462411536,571,113530,114101,0.5004338261715497,16.596957663943833,14.978727219099836,18.40442145614965,15.395908628627298,13.94717972126674,16.995120679459642,NA,0
Haringey,E09000014,Inner London,London,England,Metropolitan Police,E23000001,1484,26310,27794,5.339281859394114,1174,147168,148342,0.7914144342128325,7.070511053548343,6.53790372406965,7.648351079997019,6.746505533102569,6.256049584053906,7.275411790884456,NA,0
Harrow,E09000015,Outer London,London,England,Metropolitan Police,E23000001,493,19943,20436,2.412409473478176,440,93193,93633,0.469919793235291,5.235813851017849,4.590680372232335,5.973356230144235,5.133662187049592,4.518467670828097,5.832616136857925,NA,0
Havering,E09000016,Outer London,London,England,Metropolitan Police,E23000001,665,5301,5966,11.146496815286625,1713,194909,196622,0.8712148182807621,14.2719558899601,12.978254676602006,15.687396273125298,12.794200214917026,11.742636776299918,13.939932083206427,NA,0
Hillingdon,E09000017,Outer London,London,England,Metropolitan Police,E23000001,625,19813,20438,3.058029161366083,607,145610,146217,0.415136406847357,7.566951078271024,6.749996198910341,8.483595040537237,7.366323721375034,6.59420153167471,8.228854533402707,NA,0
Hounslow,E09000018,Outer London,London,England,Metropolitan Police,E23000001,719,21485,22204,3.238155287335615,674,125133,125807,0.5357412544611985,6.212953442945128,5.579800124840696,6.9197235871854454,6.044252258662192,5.446638071350123,6.707437668478521,NA,0
Islington,E09000019,Inner London,London,England,Metropolitan Police,E23000001,1591,14805,16396,9.703586240546475,1292,132396,133688,0.9664292980671414,11.011855666306607,10.205989344197915,11.884379157811196,10.040658183639142,9.347000007191575,10.785794017664797,NA,0
Kensington and Chelsea,E09000020,Inner London,London,England,Metropolitan Police,E23000001,1207,14076,15283,7.897664071190211,529,89732,90261,0.5860781511394733,14.544604238816223,13.100287846100374,16.162382685342944,13.475445306799616,12.18395118436407,14.903837307685798,NA,0
Kingston upon Thames,E09000021,Outer London,London,England,Metropolitan Police,E23000001,394,9671,10065,3.9145553899652263,713,113612,114325,0.6236606166630221,6.492269251831435,5.714971335910762,7.364942694645918,6.276739760978605,5.559537534997086,7.086463897229611,NA,0
Lambeth,E09000022,Inner London,London,England,Metropolitan Police,E23000001,2099,17630,19729,10.639160626488925,815,172280,173095,0.4708397122967157,25.15589790174166,23.158757712894772,27.378464461827246,22.59614121033252,20.868455636598807,24.466860724558355,NA,0
Lewisham,E09000023,Inner London,London,England,Metropolitan Police,E23000001,1169,14131,15300,7.640522875816994,983,152617,153600,0.6399739583333334,12.843420108266022,11.770911037694864,14.018210393089001,11.938802784592982,10.985979095125906,12.974265715892631,NA,0
Merton,E09000024,Outer London,London,England,Metropolitan Police,E23000001,502,10404,10906,4.602970841738493,412,128198,128610,0.3203483399424617,15.010357651818868,13.129479918430153,17.168374346524516,14.36864271737834,12.631958838606208,16.344091694526917,NA,0
Newham,E09000025,Inner London,London,England,Metropolitan Police,E23000001,1356,18514,19870,6.824358329139406,1589,103663,105252,1.5097100292631018,4.7782269645488675,4.433321035180181,5.149309255452732,4.520310653609696,4.211101494025734,4.852224158958362,NA,0
Redbridge,E09000026,Outer London,London,England,Metropolitan Police,E23000001,805,17106,17911,4.494444754620066,770,105915,106685,0.7217509490556311,6.472972370067966,5.849900443965665,7.1622971188897555,6.227140761644698,5.648533077180164,6.865018144621564,NA,0
Richmond upon Thames,E09000027,Outer London,London,England,Metropolitan Police,E23000001,201,6634,6835,2.9407461594732993,384,156242,156626,0.2451700228569969,12.327070624609847,10.320479831662235,14.685112356316575,11.994721561814192,10.130609071710733,14.201845548182293,NA,0
Southwark,E09000028,Inner London,London,England,Metropolitan Police,E23000001,2134,19031,21165,10.08268367587999,1329,155156,156485,0.849282678851008,13.090737978951521,12.19429967211428,14.048365954408093,11.871999661550642,11.103005044855315,12.69425487914792,NA,0
Sutton,E09000029,Outer London,London,England,Metropolitan Police,E23000001,269,7259,7528,3.5733262486716257,491,142203,142694,0.3440929541536435,10.732127660317133,9.194690959006675,12.503563144247458,10.384770177758634,8.966389447079564,12.02752259216118,NA,0
Tower Hamlets,E09000030,Inner London,London,England,Metropolitan Police,E23000001,1379,13038,14417,9.565096760768538,1425,118506,119931,1.188183205343072,8.795593147972083,8.14480495997737,9.499061615368584,8.050186804320923,7.491001589867905,8.651113847328055,NA,0
Waltham Forest,E09000031,Outer London,London,England,Metropolitan Police,E23000001,929,16895,17824,5.212073608617594,1030,144399,145429,0.7082493862984687,7.707917328549805,7.036631501602643,8.442817125511606,7.359093716773282,6.743835403340807,8.030483707449877,NA,0
Wandsworth,E09000032,Inner London,London,England,Metropolitan Police,E23000001,1178,14114,15292,7.703374313366466,721,219519,220240,0.3273701416636397,25.409435435060175,23.091147348029914,27.973098067084738,23.53108403295188,21.47966198439412,25.77842780617955,NA,0
Westminster,E09000033,Inner London,London,England,Metropolitan Police,E23000001,5325,23698,29023,18.34751748613169,2792,108388,111180,2.5112430293218204,8.722800756726247,8.31151722997603,9.152563874689344,7.306149692364331,6.992096464558106,7.634308765305193,NA,0
North Somerset,E06000024,NA,South West,England,Avon and Somerset,E23000036,97,1463,1560,6.217948717948718,312,206761,207073,0.15067150232043772,43.98835365724378,34.422444921125695,55.76737749433436,41.26824663050625,33.04121596021847,51.54375014547829,Chi-squared approximation may be incorrect,0
South Cambridgeshire,E07000012,Cambridgeshire,East of England,England,Cambridgeshire,E23000023,139,2337,2476,5.61389337641357,465,143167,143632,0.3237440124763284,18.31110534459353,14.977989320882251,22.281683157575724,17.340531901957718,14.408117432624898,20.869766508283686,NA,0
South Hams,E07000044,Devon,South West,England,Devon & Cornwall,E23000035,5,517,522,0.9578544061302682,113,86182,86295,0.13094617301118255,7.375960809103806,2.3398555873903715,17.83508187949617,7.314871325399247,2.999204657030558,17.840510610611183,Chi-squared approximation may be incorrect,0
Torridge,E07000046,Devon,South West,England,Devon & Cornwall,E23000035,3,200,203,1.477832512315271,55,66795,66850,0.08227374719521316,18.213173148371745,3.6148665109812486,56.845656123265826,17.962382445141067,5.6657442629526775,56.94700786536484,Chi-squared approximation may be incorrect,0
Broadland,E07000144,Norfolk,East of England,England,Norfolk,E23000024,19,579,598,3.177257525083612,113,126655,126768,0.08913921494383441,36.768561512589464,21.19465911131063,60.68531949933212,35.64376831325658,22.07134024614737,57.56235033306965,Chi-squared approximation may be incorrect,0
Plymouth,E06000026,NA,South West,England,Devon & Cornwall,E23000035,93,2819,2912,3.1936813186813184,1320,247074,248394,0.5314138022657553,6.174864044140136,4.932685835731958,7.652114498520878,6.009782405094905,4.885687029370711,7.392508840510055,NA,0
Portsmouth,E06000044,NA,South East,England,Hampshire,E23000030,408,3831,4239,9.62491153573956,1257,175578,176835,0.7108321316481466,14.870023976754434,13.20895341251879,16.715850367053513,13.540343925397814,12.160989063942681,15.076151508240653,NA,0
Isle of Wight,E06000046,NA,South East,England,Hampshire,E23000030,98,423,521,18.809980806142036,540,135537,136077,0.39683414537357525,58.14489446111695,45.4967977921561,73.7255911593721,47.40010663254426,38.914464408091725,57.736117994968005,Chi-squared approximation may be incorrect,0
North Norfolk,E07000147,Norfolk,East of England,England,Norfolk,E23000024,24,339,363,6.6115702479338845,55,100834,100889,0.0545153584632616,129.24195756993606,75.71672489431356,215.71236356964343,121.27903831705486,75.93026509158005,193.71202138395677,Chi-squared approximation may be incorrect,0
Northumberland,E06000057,NA,North East,England,Northumbria,E23000007,0,1248,1248,0,999,311790,312789,0.31938463309131715,0,0,0.9255827983448138,0,0,NA,Chi-squared approximation may be incorrect,0
Cornwall,E06000052,NA,South West,England,Devon & Cornwall,E23000035,41,7020,7061,0.580654298258037,898,550226,551124,0.16293973769968284,3.578263850236585,2.5478902401790418,4.899321801701753,3.563613802596463,2.6081780871170555,4.869047630138332,NA,0
Isles of Scilly,E06000053,NA,South West,England,Devon & Cornwall,E23000035,6,13,19,31.57894736842105,12,1991,2003,0.5991013479780329,75.1105355999219,20.052131285032274,260.1172462860233,52.71052631578947,22.09122132859572,125.76939695457529,Chi-squared approximation may be incorrect,0
Conwy,W06000003,NA,Wales,Wales,North Wales,W15000001,51,463,514,9.922178988326849,285,110768,111053,0.2566342196969015,42.80441778933878,30.71552764978288,58.71042132496957,38.662727831251274,29.071440595082564,51.41838494258378,Chi-squared approximation may be incorrect,0
Denbighshire,W06000004,NA,Wales,Wales,North Wales,W15000001,49,407,456,10.74561403508772,461,91933,92394,0.49895014827802675,23.990907835629777,17.229074679135355,32.827330559013916,21.53644822468318,16.280847553510927,28.48860298028145,Chi-squared approximation may be incorrect,0
Flintshire,W06000005,NA,Wales,Wales,North Wales,W15000001,48,684,732,6.557377049180328,415,150620,151035,0.27477074850200284,25.484916532659902,18.304440487890165,34.775162886503324,23.864902231878336,17.859898168389623,31.888958893681362,Chi-squared approximation may be incorrect,0
Wrexham,W06000006,NA,Wales,Wales,North Wales,W15000001,48,898,946,5.07399577167019,380,129114,129494,0.29344988957017315,18.156852574405516,13.067022092942455,24.76055328853532,17.290842327806832,12.894950023461822,23.185295628219343,Chi-squared approximation may be incorrect,0
Carmarthenshire,W06000010,NA,Wales,Wales,Dyfed-Powys,W15000004,39,1181,1220,3.1967213114754096,995,181151,182146,0.5462650840534516,6.011935412930924,4.22765496643091,8.326580044782753,5.851959798994974,4.270933255870966,8.018255364206029,NA,0
Swansea,W06000011,NA,Wales,Wales,South Wales,W15000003,105,3488,3593,2.9223490119677153,665,217177,217842,0.30526712020638813,9.828391971391191,7.90215986569436,12.129202861816717,9.573088022031143,7.813030551198332,11.729637261369744,NA,0
Neath Port Talbot,W06000012,NA,Wales,Wales,South Wales,W15000003,7,617,624,1.1217948717948718,124,137184,137308,0.09030792087860867,12.550012229456499,4.923298231318409,26.799792590275086,12.421887923904054,5.824729789890394,26.491065707777153,Chi-squared approximation may be incorrect,0
Bridgend,W06000013,NA,Wales,Wales,South Wales,W15000003,21,517,538,3.903345724907063,210,140477,140687,0.14926752294099668,27.178235698558048,16.33633932113154,42.99345216113979,26.15,16.832914808273284,40.62412884451272,Chi-squared approximation may be incorrect,0
Vale of Glamorgan,W06000014,NA,Wales,Wales,South Wales,W15000003,49,746,795,6.163522012578617,229,124497,124726,0.18360245658483396,35.701714988671576,25.44613275896096,49.235806156405,33.56993216335722,24.856414716017966,45.338008651995295,Chi-squared approximation may be incorrect,0
Rhondda Cynon Taf,W06000016,NA,Wales,Wales,South Wales,W15000003,46,809,855,5.380116959064328,378,229448,229826,0.1644722529217756,34.48172674099308,24.636099466078573,47.339158932865196,32.711395773384076,24.267109447478898,44.094061377966696,Chi-squared approximation may be incorrect,0
Caerphilly,W06000018,NA,Wales,Wales,Gwent,W15000002,1,462,463,0.21598272138228944,4,171867,171871,0.002327326890516725,92.9873899443184,1.884446659150519,922.1501720929676,92.80291576673866,10.392358409702,828.7224935167861,Chi-squared approximation may be incorrect,0
Torfaen,W06000020,NA,Wales,Wales,Gwent,W15000002,0,541,541,0,3,89297,89300,0.00335946248600224,0,0,397.75615059531054,0,0,NA,Chi-squared approximation may be incorrect,0
Newport,W06000022,NA,Wales,Wales,Gwent,W15000002,4,3307,3311,0.12080942313500453,8,135891,135899,0.005886724699961001,20.544347218447275,4.52481474584018,76.81817431133464,20.522349743279975,6.1828653438170695,68.11839099919507,Chi-squared approximation may be incorrect,0
Powys,W06000023,NA,Wales,Wales,Dyfed-Powys,W15000004,76,484,560,13.571428571428571,565,129441,130006,0.43459532636955217,35.95480495117665,27.476158941441298,46.56578083595207,31.22773704171934,24.945270162531585,39.09244335270827,Chi-squared approximation may be incorrect,0
Merthyr Tydfil,W06000024,NA,Wales,Wales,South Wales,W15000003,9,300,309,2.912621359223301,104,56954,57058,0.18227067194784255,16.4251015678218,7.237130178389372,32.83958763994436,15.979648991784915,8.162513544108672,31.283155675123133,Chi-squared approximation may be incorrect,0
Ceredigion,W06000008,NA,Wales,Wales,Dyfed-Powys,W15000004,74,380,454,16.299559471365637,476,68214,68690,0.6929684087931286,27.90636667439121,21.104061511722676,36.544735700314,23.52136008588457,18.74732023310833,29.511118037701188,Chi-squared approximation may be incorrect,0
Cardiff,W06000015,NA,Wales,Wales,South Wales,W15000003,294,12966,13260,2.2171945701357467,1081,284584,285665,0.37841527663521957,5.9690957266002815,5.223247375197733,6.805253150794235,5.85915714040544,5.156557000542703,6.657489172009735,NA,0
Monmouthshire,W06000021,NA,Wales,Wales,Gwent,W15000002,0,379,379,0,5,90046,90051,0.005552409190347692,0,0,259.7474918206998,0,0,NA,Chi-squared approximation may be incorrect,0
Gwynedd,W06000002,NA,Wales,Wales,North Wales,W15000001,21,726,747,2.8112449799196786,297,112534,112831,0.2632255319903218,10.960348807814725,6.643682589816408,17.193417734512025,10.679985937014049,6.90121466583552,16.527829539846454,Chi-squared approximation may be incorrect,0
Isle of Anglesey,W06000001,NA,Wales,Wales,North Wales,W15000001,13,234,247,5.263157894736842,256,67244,67500,0.37925925925925924,14.591701479838523,7.553221840607196,25.86429296199736,13.877467105263158,8.06251704220129,23.88634867369907,Chi-squared approximation may be incorrect,0
Pembrokeshire,W06000009,NA,Wales,Wales,Dyfed-Powys,W15000004,117,910,1027,11.39240506329114,1123,118644,119767,0.9376539447427088,13.58676321896496,11.004956890336818,16.631797205590544,12.149903626137041,10.146166570951417,14.549352910000124,NA,0
