la,la_code,county,region,country,force,force_code,Asian_stopped,Asian_not_stopped,Asian_population,Asian_stop_rate,White_stopped,White_not_stopped,White_population,White_stop_rate,or,or_ci_low,or_ci_upp,rr,rr_ci_low,rr_ci_upp,warning,stats_altered_flag
Hartlepool,E06000001,NA,North East,England,Cleveland,E23000013,17,1583,1600,1.0625,943,88069,89012,1.0594077203073742,1.0029503009930467,0.5802907318404996,1.6197770744718498,1.0029188759278898,0.6224092525519221,1.6160528905513867,NA,0
Middlesbrough,E06000002,NA,North East,England,Cleveland,E23000013,148,14942,15090,0.9807819748177601,1802,116265,118067,1.5262520433313287,0.639070446823437,0.5362842850040245,0.7567343353533619,0.642608132190946,0.5439190151799771,0.7592034844034586,NA,0
Redcar and Cleveland,E06000003,NA,North East,England,Cleveland,E23000013,29,1131,1160,2.5,1539,131748,133287,1.154651241306354,2.195119337656911,1.4582084399600905,3.1829201506802183,2.1651559454191034,1.506362836912178,3.1120658005565223,NA,0
Stockton-on-Tees,E06000004,NA,North East,England,Cleveland,E23000013,58,8994,9052,0.6407423773751657,1957,178692,180649,1.0833162652436492,0.5888201241856488,0.44504513629232667,0.7652321942736124,0.5914638207994191,0.45591823463467623,0.7673074352794047,NA,0
Darlington,E06000005,NA,North East,England,Durham,E23000008,23,2943,2966,0.7754551584625758,653,100534,101187,0.6453398163795744,1.2031945410124807,0.756065718404591,1.8248543647197817,1.201622988045217,0.7941074637496339,1.818264997259801,NA,0
Halton,E06000006,NA,North West,England,Cheshire,E23000006,5,1431,1436,0.34818941504178275,827,122990,123817,0.6679212062963891,0.51963225516473,0.16804956874436036,1.2203615713489429,0.5213031294102589,0.2167411583965897,1.2538317813900044,NA,0
Warrington,E06000007,NA,North West,England,Cheshire,E23000006,11,6943,6954,0.15818234109864826,545,196478,197023,0.27661745075448047,0.5711650973215247,0.2832773303022147,1.0307805181055982,0.5718451264271371,0.3149651986260656,1.038231684150918,NA,0
Blackburn with Darwen,E06000008,NA,North West,England,Lancashire,E23000003,271,54907,55178,0.49113777230055455,601,92547,93148,0.6452097736934771,0.7600291677684851,0.6557693991946091,0.8790483399345043,0.7612063429992023,0.6597624480382274,0.8782480699608506,NA,0
Blackpool,E06000009,NA,North West,England,Lancashire,E23000003,21,3655,3676,0.5712731229597389,1687,131420,133107,1.2674014139000953,0.44758970147003335,0.27598782838695773,0.6875048025204626,0.45074363709426174,0.2934758112942821,0.6922881496943389,NA,0
"Kingston upon Hull, City of",E06000010,NA,Yorkshire and The Humber,England,Humberside,E23000012,12,7503,7515,0.1596806387225549,608,243644,244252,0.24892324320783454,0.6409112694335968,0.3291775008029743,1.1284782048364863,0.6414854501523268,0.36245441786697075,1.1353250573653233,NA,0
East Riding of Yorkshire,E06000011,NA,Yorkshire and The Humber,England,Humberside,E23000012,4,3682,3686,0.10851871947911015,547,332173,332720,0.16440250060110603,0.659710796371151,0.17902441628443347,1.7002278981785661,0.6600794944257684,0.24698744533423014,1.7640772727203613,NA,0
North East Lincolnshire,E06000012,NA,Yorkshire and The Humber,England,Humberside,E23000012,5,2432,2437,0.2051702913418137,612,150226,150838,0.4057333032790145,0.504662654137659,0.16312659555732711,1.1857728557908527,0.5056777190427533,0.20991741577524894,1.2181455006575597,NA,0
North Lincolnshire,E06000013,NA,Yorkshire and The Humber,England,Humberside,E23000012,14,5608,5622,0.24902170046246885,459,159199,159658,0.2874895088251137,0.8658600805895856,0.469310261962911,1.4690369912658015,0.8661940447153997,0.5092930067600554,1.473203270301159,NA,0
York,E06000014,NA,Yorkshire and The Humber,England,North Yorkshire,E23000009,7,7627,7634,0.09169504846738276,74,187503,187577,0.039450465675429286,2.32540226591195,0.9033231882810303,5.036596905908249,2.324308392752197,1.071133660016952,5.0436371353812195,Chi-squared approximation may be incorrect,0
Derby,E06000015,NA,East Midlands,England,Derbyshire,E23000018,86,40815,40901,0.21026380773086234,438,190862,191300,0.22895974908520647,0.9182004257473473,0.7197862010691277,1.1596101996578634,0.9183439821669855,0.728983339288665,1.1568929276288469,NA,0
Leicester,E06000016,NA,East Midlands,England,Leicestershire,E23000021,443,159534,159977,0.27691480650343486,1276,148085,149361,0.8543060102704187,0.32226448630147486,0.28853381474404916,0.35941451909524325,0.3241400659416891,0.29099982755624165,0.3610544488325384,NA,0
Rutland,E06000017,NA,East Midlands,England,Leicestershire,E23000021,2,632,634,0.31545741324921134,50,38755,38805,0.12884937508053088,2.4528678202911394,0.28845932732691726,9.372567774769902,2.448264984227129,0.5970285739813238,10.039722877954194,Chi-squared approximation may be incorrect,0
Nottingham,E06000018,NA,East Midlands,England,Nottinghamshire,E23000019,140,48077,48217,0.2903540245141755,902,211129,212031,0.42540949200824407,0.6816079874093318,0.5661790871557761,0.8155195676448471,0.6825283167601458,0.5713717510330224,0.8153096514435738,NA,0
"Herefordshire, County of",E06000019,NA,West Midlands,England,West Mercia,E23000016,8,2210,2218,0.36068530207394045,270,180386,180656,0.149455318395182,2.418584450024363,1.032208047185314,4.842510287227838,2.413331997461844,1.1961561880555378,4.869072607851407,Chi-squared approximation may be incorrect,0
Telford and Wrekin,E06000020,NA,West Midlands,England,West Mercia,E23000016,47,10020,10067,0.4668719578821893,465,162783,163248,0.2848426933254925,1.6420316502805146,1.1888040107529634,2.2213657065324113,1.6390519006527235,1.2150720017033516,2.210972789486748,NA,0
Stoke-on-Trent,E06000021,NA,West Midlands,England,Staffordshire,E23000015,0,25597,25597,0,15,214961,214976,0.006977523072342959,0,0,2.341534640695848,0,0,NA,Chi-squared approximation may be incorrect,0
Bath and North East Somerset,E06000022,NA,South West,England,Avon and Somerset,E23000036,4,6385,6389,0.06260760682422914,283,177736,178019,0.158971795145462,0.3934499695905232,0.10642378472194292,1.0190499397146568,0.3938283943195211,0.14684058132493258,1.056252997453621,NA,0
"Bristol, City of",E06000023,NA,South West,England,Avon and Somerset,E23000036,83,31186,31269,0.26543861332309954,1179,380724,381903,0.30871713497930103,0.8594318863606766,0.6792478501248148,1.0746686622504917,0.8598117281079872,0.6884443104495883,1.0738358884965717,NA,0
South Gloucestershire,E06000025,NA,South West,England,Avon and Somerset,E23000036,10,11084,11094,0.09013881377321074,292,263748,264040,0.11058930465081049,0.8149092443261997,0.3865790067067618,1.5207836121389868,0.815077136598581,0.4340893613950577,1.5304469486897356,NA,0
Torbay,E06000027,NA,South West,England,Devon & Cornwall,E23000035,14,2240,2254,0.6211180124223602,806,132997,133803,0.6023781230615157,1.0313153185947002,0.5603562871280643,1.7442389201021764,1.0311098438728172,0.6089166674351217,1.746031217391015,NA,0
Swindon,E06000030,NA,South West,England,Wiltshire,E23000038,20,27153,27173,0.07360247304309425,163,189265,189428,0.08604852503325802,0.8552828202117322,0.5088585413660285,1.36502652670786,0.8553600775219176,0.5377134946997514,1.3606518516460788,NA,0
Peterborough,E06000031,NA,East of England,England,Cambridgeshire,E23000023,143,30658,30801,0.4642706405636181,514,160578,161092,0.31907233133861396,1.4571801701457565,1.2016189146422573,1.757936574884409,1.4550639305384119,1.2094294009775348,1.75058671489434,NA,0
Luton,E06000032,NA,East of England,England,Bedfordshire,E23000026,352,82973,83325,0.4224422442244224,655,100097,100752,0.6501111640463713,0.6483174062981527,0.5677191842893532,0.7393554995742225,0.6498000151160154,0.5710404508840886,0.739422328122393,NA,0
Southend-on-Sea,E06000033,NA,East of England,England,Essex,E23000028,87,9777,9864,0.8819951338199513,1158,156574,157732,0.7341566708087135,1.2031609372421666,0.9553110733849055,1.498606919881101,1.2013718173375523,0.9670887665583421,1.4924113415455154,NA,0
Thurrock,E06000034,NA,East of England,England,Essex,E23000028,70,12135,12205,0.5735354362965998,726,133508,134234,0.5408465813430279,1.060810895943913,0.8172589497032288,1.3580431878987391,1.06044016192614,0.8303489546897466,1.3542900616357267,NA,0
Medway,E06000035,NA,South East,England,Kent,E23000032,50,16434,16484,0.3033244358165494,1057,233472,234529,0.4506905329404893,0.6720109002186792,0.495340792086525,0.8930632016200319,0.6730215383880748,0.5070230504283648,0.8933676501523224,NA,0
Bracknell Forest,E06000036,NA,South East,England,Thames Valley,E23000029,9,8870,8879,0.10136276607726095,244,106700,106944,0.22815679233991623,0.4437063261035103,0.20040064662489349,0.8567219966163602,0.44426801866256543,0.22849609100558843,0.8637962756287779,NA,0
West Berkshire,E06000037,NA,South East,England,Thames Valley,E23000029,21,5969,5990,0.35058430717863104,1051,146985,148036,0.7099624415682672,0.492022048993581,0.3030597429547101,0.7568191632422924,0.49380683632251027,0.32084768191374197,0.7600029713301865,NA,0
Reading,E06000038,NA,South East,England,Thames Valley,E23000029,88,30753,30841,0.28533445737816543,761,115445,116206,0.6548715212639623,0.434088012714383,0.3439636114745378,0.542089437508082,0.4357105907238777,0.3495522131106999,0.5431054696507636,NA,0
Slough,E06000039,NA,South East,England,Thames Valley,E23000029,313,73780,74093,0.4224420660521237,543,55997,56540,0.9603820304209408,0.4374921573726805,0.37927001008982747,0.5039447562911169,0.4398687737493016,0.3829147079125951,0.5052940880084436,NA,0
Windsor and Maidenhead,E06000040,NA,South East,England,Thames Valley,E23000029,133,19939,20072,0.6626145874850539,546,121521,122067,0.4472953378062867,1.4845819814400056,1.2181533404067748,1.7986504768355063,1.4813804917680964,1.2263481162308274,1.7894496125095634,NA,0
Wokingham,E06000041,NA,South East,England,Thames Valley,E23000029,32,22836,22868,0.13993353157250304,222,141119,141341,0.15706695155687309,0.8907369269832583,0.5945848919229829,1.2947138558759692,0.8909164543238358,0.6151752433477912,1.2902536913960574,NA,0
Milton Keynes,E06000042,NA,South East,England,Thames Valley,E23000029,105,35540,35645,0.29457146864917944,872,204508,205380,0.424578829486805,0.6928941056837182,0.5602264464614095,0.8495000396635305,0.6937968833849595,0.5668134914764705,0.8492284016402333,NA,0
Brighton and Hove,E06000043,NA,South East,England,Sussex,E23000033,60,13157,13217,0.4539608080502383,1392,234195,235587,0.5908645213870035,0.7672372959104726,0.5819910145945041,0.9943394935400932,0.7682993167107147,0.5936844752833811,0.9942719822282589,NA,0
Southampton,E06000045,NA,South East,England,Hampshire,E23000030,124,26290,26414,0.46944801998939956,1827,198084,199911,0.913906688476372,0.5113796714593406,0.42265983089506615,0.6139307067911576,0.5136717193437376,0.42844084630401874,0.6158577958421806,NA,0
County Durham,E06000047,NA,North East,England,Durham,E23000008,21,7813,7834,0.2680622925708451,2141,502375,504516,0.42436711620642364,0.6306855836819283,0.3893575481252508,0.9672380833817004,0.6316754581909035,0.4112345872997912,0.970282891574501,NA,0
Cheshire East,E06000049,NA,North West,England,Cheshire,E23000006,16,9515,9531,0.16787325569195258,789,374991,375780,0.20996327638511894,0.7991991353824602,0.45435339762688887,1.3067482737869494,0.7995362740674518,0.4876097025039259,1.311003965398979,NA,0
Cheshire West and Chester,E06000050,NA,North West,England,Cheshire,E23000006,2,7229,7231,0.027658691743880515,742,339044,339786,0.21837274048960229,0.12642455930912577,0.01526047926788632,0.4584269864664141,0.1266581702545308,0.03162402173284868,0.507281845040037,NA,0
Shropshire,E06000051,NA,West Midlands,England,West Mercia,E23000016,21,4303,4324,0.4856614246068455,480,311889,312369,0.15366441612323886,3.1710052432151197,1.9427925842942186,4.909480046244158,3.160532782146161,2.0438136863796164,4.887415880218941,NA,0
Wiltshire,E06000054,NA,South West,England,Wiltshire,E23000038,1,10875,10876,0.009194556822361163,75,480367,480442,0.015610625215946984,0.5889555436922604,0.014718583452768866,3.3839099755913575,0.5889935025131788,0.08190168352761647,4.235729121316123,Chi-squared approximation may be incorrect,0
Bedford,E06000055,NA,East of England,England,Bedfordshire,E23000026,114,23149,23263,0.49004857499032795,581,138902,139483,0.41653821612669645,1.1773280466753462,0.9541158320466265,1.4422208105275263,1.176479266529706,0.9629403282627227,1.437371999022399,NA,0
Central Bedfordshire,E06000056,NA,East of England,England,Bedfordshire,E23000026,52,10269,10321,0.503827148532119,434,264378,264812,0.16388985393411176,3.084633312364321,2.2660129159408275,4.122157630159556,3.074181448319988,2.3073306737297905,4.095898210341015,NA,0
"Bournemouth, Christchurch and Poole",E06000058,NA,South West,England,Dorset,E23000039,51,13500,13551,0.3763559884879345,531,363626,364157,0.14581622761611063,2.587047557209022,1.9005138263495145,3.4541297456049485,2.581029523536737,1.9374505382935319,3.4383914684272567,NA,0
Dorset,E06000059,NA,South West,England,Dorset,E23000039,11,4294,4305,0.25551684088269455,346,367328,367674,0.0941051039779805,2.7195203628188565,1.3439989943722066,4.932153596888882,2.71522829348855,1.4908655587561501,4.945090214513838,Chi-squared approximation may be incorrect,0
Buckinghamshire,E06000060,NA,South East,England,Thames Valley,E23000029,255,68063,68318,0.3732544863725519,985,440006,440991,0.22336056744922234,1.6735909111262164,1.4521861185322866,1.923080963961278,1.6710849664966296,1.4564433706531184,1.917359110226702,NA,0
North Northamptonshire,E06000061,NA,East Midlands,England,Northamptonshire,E23000022,37,12689,12726,0.2907433600502907,1593,321970,323563,0.4923307053031403,0.5893473585298548,0.413211364657056,0.8163661168782129,0.5905448449965615,0.42649071660081667,0.8177041149489466,NA,0
West Northamptonshire,E06000062,NA,East Midlands,England,Northamptonshire,E23000022,113,22350,22463,0.5030494591105373,1404,362605,364009,0.3857047490584024,1.3057700755152266,1.0678305532201067,1.5833054886032962,1.3042345481578888,1.0772769207727657,1.5790069607992807,NA,0
Cambridge,E07000008,Cambridgeshire,East of England,England,Cambridgeshire,E23000023,37,21589,21626,0.17109035420327384,368,107207,107575,0.342086916105043,0.4992859411383672,0.3459099615726016,0.7013972755266911,0.5001370884080756,0.3567985687442393,0.7010597270097536,NA,0
East Cambridgeshire,E07000009,Cambridgeshire,East of England,England,Cambridgeshire,E23000023,0,1688,1688,0,87,82442,82529,0.10541748960971294,0,0,2.1176623964636234,0,0,NA,Chi-squared approximation may be incorrect,0
Fenland,E07000010,Cambridgeshire,East of England,England,Cambridgeshire,E23000023,2,1230,1232,0.16233766233766234,260,97260,97520,0.2666119770303527,0.6082574165633294,0.07318977891985609,2.2241237768838045,0.608891108891109,0.15164627593731225,2.4448235223389516,Chi-squared approximation may be incorrect,0
Huntingdonshire,E07000011,Cambridgeshire,East of England,England,Cambridgeshire,E23000023,42,5703,5745,0.7310704960835509,439,166277,166716,0.2633220566712253,2.789373480443895,1.979878411412417,3.8382845230734874,2.7763359641244936,2.0251846068811394,3.8060932121944955,NA,0
Allerdale,E07000026,Cumbria,North West,England,Cumbria,E23000002,19,521,540,3.5185185185185186,980,93601,94581,1.036148909400408,3.482979777752991,2.071125989376965,5.523340928319034,3.3957653061224495,2.1738371484947705,5.304547317286142,NA,0
Barrow-in-Furness,E07000027,Cumbria,North West,England,Cumbria,E23000002,8,941,949,0.8429926238145415,941,64433,65374,1.4394101630617677,0.5821314606776019,0.24984954029795647,1.1565527394962773,0.5856514324043766,0.29288804688554737,1.1710535951346908,NA,0
Carlisle,E07000028,Cumbria,North West,England,Cumbria,E23000002,69,1559,1628,4.238329238329238,2097,104139,106236,1.9739071501186038,2.1979820809028014,1.6947115494143972,2.8101086553683663,2.147177610696924,1.6979137331945071,2.715315626315158,NA,0
Copeland,E07000029,Cumbria,North West,England,Cumbria,E23000002,9,538,547,1.6453382084095063,611,65069,65680,0.9302679658952496,1.7814768248069728,0.8063138472152208,3.429519218018045,1.7686712525095971,0.9208254835223588,3.3971670587219482,NA,0
Eden,E07000030,Cumbria,North West,England,Cumbria,E23000002,86,349,435,19.770114942528735,820,52800,53620,1.5292801193584484,15.865554259105433,12.252846215741005,20.353762370892433,12.927726380712082,10.572453187014363,15.807694431774086,NA,0
South Lakeland,E07000031,Cumbria,North West,England,Cumbria,E23000002,33,779,812,4.064039408866995,836,101082,101918,0.8202672736906139,5.122005234022684,3.477503853803298,7.31086503477714,4.954530723360125,3.5232042822192713,6.967343566367653,NA,0
Amber Valley,E07000032,Derbyshire,East Midlands,England,Derbyshire,E23000018,1,1207,1208,0.08278145695364239,173,122493,122666,0.14103337518138684,0.5866232877332509,0.014758169523197619,3.318176364604808,0.5869635952991616,0.0822825771793624,4.187110734943412,Chi-squared approximation may be incorrect,0
Bolsover,E07000033,Derbyshire,East Midlands,England,Derbyshire,E23000018,4,718,722,0.554016620498615,82,77931,78013,0.10511068668042506,5.295034908098634,1.4053041841853888,14.135582045905236,5.270792514019323,1.9372320691861444,14.340694730246438,Chi-squared approximation may be incorrect,0
Chesterfield,E07000034,Derbyshire,East Midlands,England,Derbyshire,E23000018,3,1947,1950,0.15384615384615385,182,98607,98789,0.1842310378685886,0.8348189307649297,0.17041512932776734,2.4821889064535063,0.8350718512256974,0.26707369864392994,2.611058296830767,Chi-squared approximation may be incorrect,0
Derbyshire Dales,E07000035,Derbyshire,East Midlands,England,Derbyshire,E23000018,5,513,518,0.9652509652509652,215,69678,69893,0.3076130656861202,3.158565344103955,1.0109913461603355,7.533972511886269,3.137873754152824,1.2983735428196543,7.583527676956675,Chi-squared approximation may be incorrect,0
Erewash,E07000036,Derbyshire,East Midlands,England,Derbyshire,E23000018,4,1784,1788,0.22371364653243847,106,107565,107671,0.09844805007847982,2.2752237985256016,0.608066469130438,6.0090096380917215,2.2724030222447342,0.8383089295285059,6.159800180598473,Chi-squared approximation may be incorrect,0
High Peak,E07000037,Derbyshire,East Midlands,England,Derbyshire,E23000018,5,689,694,0.7204610951008645,116,88466,88582,0.13095211216725744,5.534798475354632,1.758259445056471,13.346384599680379,5.501714200536619,2.2545877316687486,13.425451899351279,Chi-squared approximation may be incorrect,0
North East Derbyshire,E07000038,Derbyshire,East Midlands,England,Derbyshire,E23000018,1,951,952,0.10504201680672269,73,99234,99307,0.07350942028255812,1.42937092599963,0.035669563838196264,8.236646181165309,1.4289599401404398,0.19881841002317457,10.270309023636994,Chi-squared approximation may be incorrect,0
South Derbyshire,E07000039,Derbyshire,East Midlands,England,Derbyshire,E23000018,9,3832,3841,0.2343139807341838,87,99627,99714,0.08724953366628557,2.6894730249636325,1.1891296510227927,5.350156713006211,2.685561410911311,1.3530544446033306,5.3303398991386,Chi-squared approximation may be incorrect,0
East Devon,E07000040,Devon,South West,England,Devon & Cornwall,E23000035,1,1458,1459,0.06854009595613435,233,146411,146644,0.15888819181146177,0.4309987580613776,0.01086087762808172,2.428768957501016,0.4313731258107882,0.06055094355750095,3.0731605940221307,Chi-squared approximation may be incorrect,0
Exeter,E07000041,Devon,South West,England,Devon & Cornwall,E23000035,25,6350,6375,0.39215686274509803,719,117034,117753,0.610600154560818,0.640832114519177,0.41160145472695947,0.9547546309644899,0.6422482205677821,0.431394376043546,0.9561616927079397,NA,0
Mid Devon,E07000042,Devon,South West,England,Devon & Cornwall,E23000035,1,561,562,0.1779359430604982,84,80795,80879,0.10385885087599994,1.714498731302988,0.042828182247630506,9.855529853370273,1.7132477546178615,0.23896007088208088,12.28329845178017,Chi-squared approximation may be incorrect,0
North Devon,E07000043,Devon,South West,England,Devon & Cornwall,E23000035,1,1134,1135,0.0881057268722467,200,95327,95527,0.2093648916013274,0.4203354331412591,0.010582666780900205,2.3735419533487048,0.42082378854625546,0.05904076295762878,2.9994981794784055,Chi-squared approximation may be incorrect,0
Teignbridge,E07000045,Devon,South West,England,Devon & Cornwall,E23000035,2,1002,1004,0.199203187250996,203,131295,131498,0.15437497148245602,1.2909594269836542,0.1550934626154455,4.735844436265982,1.2903852570015504,0.3209761131666327,5.187595098774637,Chi-squared approximation may be incorrect,0
West Devon,E07000047,Devon,South West,England,Devon & Cornwall,E23000035,0,337,337,0,60,55713,55773,0.10757893604432252,0,0,10.539829504253454,0,0,NA,Chi-squared approximation may be incorrect,0
Eastbourne,E07000061,East Sussex,South East,England,Sussex,E23000033,9,3535,3544,0.25395033860045146,588,91541,92129,0.638235517589467,0.3963640245372014,0.18019898171354054,0.7584883791067502,0.3978944004238264,0.2061780055520165,0.7678799368766513,NA,0
Hastings,E07000062,East Sussex,South East,England,Sussex,E23000033,4,2532,2536,0.15772870662460567,302,82597,82899,0.36429872495446264,0.43207243715296245,0.11687294567020313,1.119160382487744,0.43296529968454256,0.16157971122633777,1.1601639172899427,NA,0
Lewes,E07000063,East Sussex,South East,England,Sussex,E23000033,4,1895,1899,0.210637177461822,137,93797,93934,0.1458470841228948,1.4451335922069724,0.3878295106839834,3.7913817231986933,1.4442330385181597,0.5349572236107387,3.899020290760919,Chi-squared approximation may be incorrect,0
Rother,E07000064,East Sussex,South East,England,Sussex,E23000033,2,1388,1390,0.14388489208633093,93,88685,88778,0.10475568271418594,1.3740372515336006,0.16384135219598683,5.114710242846951,1.3735282741548698,0.33880124933454536,5.568397175654963,Chi-squared approximation may be incorrect,0
Wealden,E07000065,East Sussex,South East,England,Sussex,E23000033,4,2246,2250,0.17777777777777778,159,153149,153308,0.10371278733008062,1.715393998793627,0.4613206609116891,4.485317958277373,1.7141355695317961,0.6360678882210387,4.619413753069431,Chi-squared approximation may be incorrect,0
Basildon,E07000066,Essex,East of England,England,Essex,E23000028,56,7939,7995,0.7004377736085053,1158,162440,163598,0.7078326140906368,0.9894791942453761,0.7420389860260594,1.2955136166007326,0.9895528401278433,0.7575011854960706,1.2926908131025763,NA,0
Braintree,E07000067,Essex,East of England,England,Essex,E23000028,13,2553,2566,0.5066250974279034,982,145771,146753,0.669151567599981,0.7558797037635152,0.40048637820405936,1.3010162655899626,0.7571156102121904,0.4386610918459912,1.3067583560117288,NA,0
Brentwood,E07000068,Essex,East of England,England,Essex,E23000028,22,3891,3913,0.5622284692052134,292,67730,68022,0.4292728823027844,1.3114667057711669,0.8082953362319366,2.026903439667184,1.3097227716533228,0.8501807413560701,2.017657722816888,NA,0
Castle Point,E07000069,Essex,East of England,England,Essex,E23000028,8,1542,1550,0.5161290322580645,341,84577,84918,0.40156386160766855,1.2867710500976388,0.5500726157987356,2.570826764375557,1.2852975120613,0.6387508484768085,2.586281800564915,NA,0
Chelmsford,E07000070,Essex,East of England,England,Essex,E23000028,37,9609,9646,0.3835786854654779,911,159388,160299,0.5683129651463826,0.6736810618068414,0.4709734301703067,0.9364073726812939,0.6749426970519281,0.486178745571459,0.9369962147733873,NA,0
Colchester,E07000071,Essex,East of England,England,Essex,E23000028,41,9866,9907,0.4138487937821742,1180,166102,167282,0.7053956791525687,0.584960026174423,0.41731853082664094,0.7991098489593427,0.5866902874700819,0.43000206215421055,0.8004740528157882,NA,0
Epping Forest,E07000072,Essex,East of England,England,Essex,E23000028,52,9626,9678,0.5373010952676173,314,112853,113167,0.2774660457553881,1.941550896168928,1.4178595469815682,2.612511929503347,1.9364571034442815,1.4450634779290823,2.594949059852888,NA,0
Harlow,E07000073,Essex,East of England,England,Essex,E23000028,44,5511,5555,0.7920792079207921,668,76171,76839,0.8693501997683468,0.9104051026288121,0.6543747932560364,1.237602436892366,0.9111163810991878,0.6723887913580843,1.2346027634258832,NA,0
Maldon,E07000074,Essex,East of England,England,Essex,E23000028,3,738,741,0.4048582995951417,141,63768,63909,0.22062620288222315,1.838482879880446,0.37378495727494515,5.505193707816675,1.8350417779309158,0.5861391771809398,5.745014934759011,Chi-squared approximation may be incorrect,0
Rochford,E07000075,Essex,East of England,England,Essex,E23000028,10,1175,1185,0.8438818565400843,301,81680,81981,0.367158243983362,2.3094117653803794,1.0933166994504016,4.322085394284617,2.298414567475503,1.2273145059613615,4.3042834565420796,Chi-squared approximation may be incorrect,0
Tendring,E07000076,Essex,East of England,England,Essex,E23000028,9,1785,1794,0.5016722408026756,751,141759,142510,0.5269805627675251,0.9517330131884921,0.4327792379061907,1.8204943772942193,0.9519748473607097,0.4942126311756708,1.833737247572113,NA,0
Uttlesford,E07000077,Essex,East of England,England,Essex,E23000028,38,1684,1722,2.2067363530778166,283,85825,86108,0.32865703535095464,6.8428343366902125,4.727057638104565,9.662095192456468,6.714404731124545,4.801889625157846,9.38864372416009,NA,0
Cheltenham,E07000078,Gloucestershire,South West,England,Gloucestershire,E23000037,9,4913,4922,0.18285249898415276,326,107995,108321,0.3009573397586802,0.6068471318770703,0.27484850384204246,1.167286517174631,0.6075694951675586,0.31350166912567545,1.177476000327712,NA,0
Cotswold,E07000079,Gloucestershire,South West,England,Gloucestershire,E23000037,2,1193,1195,0.16736401673640167,60,87322,87382,0.06866402691629855,2.4399048407392576,0.28851213851220264,9.226560095574454,2.437433751743375,0.5964796449104667,9.960244821144833,Chi-squared approximation may be incorrect,0
Forest of Dean,E07000080,Gloucestershire,South West,England,Gloucestershire,E23000037,0,625,625,0,136,84567,84703,0.16056101909023293,0,0,3.731210398008475,0,0,NA,Chi-squared approximation may be incorrect,0
Gloucester,E07000081,Gloucestershire,South West,England,Gloucestershire,E23000037,22,8521,8543,0.2575207772445277,461,111480,111941,0.41182408590239505,0.6243283274231476,0.3872101201361989,0.9575252750528691,0.6253174257164787,0.40793394060759264,0.9585421657297767,NA,0
Stroud,E07000082,Gloucestershire,South West,England,Gloucestershire,E23000037,2,1254,1256,0.15923566878980894,114,116402,116516,0.09784063991211507,1.6284763534946016,0.1946331342533384,6.031472888625749,1.6275002793608226,0.4025819304733063,6.579423860890808,Chi-squared approximation may be incorrect,0
Tewkesbury,E07000083,Gloucestershire,South West,England,Gloucestershire,E23000037,0,1924,1924,0,115,89650,89765,0.12811229321004847,0,0,1.5203631446457933,0,0,NA,Chi-squared approximation may be incorrect,0
Basingstoke and Deane,E07000084,Hampshire,South East,England,Hampshire,E23000030,20,10947,10967,0.18236527765113522,588,162792,163380,0.35989717223650386,0.5057961166491816,0.30657035954622636,0.7888212315747997,0.5067149500449399,0.3246396556331893,0.7909078146914974,NA,0
East Hampshire,E07000085,Hampshire,South East,England,Hampshire,E23000030,10,2360,2370,0.42194092827004215,267,119365,119632,0.22318443225892737,1.8943340440060483,0.8968248361657412,3.544740753510414,1.8905482071461306,1.0069061464135913,3.5496580652268066,NA,0
Eastleigh,E07000086,Hampshire,South East,England,Hampshire,E23000030,11,5245,5256,0.20928462709284626,348,125440,125788,0.27665596082297195,0.7559678546139155,0.37365360836601685,1.3706481994126885,0.7564797319757168,0.41533768604648713,1.377822442112805,NA,0
Fareham,E07000087,Hampshire,South East,England,Hampshire,E23000030,2,2112,2114,0.0946073793755913,275,109057,109332,0.2515274576519226,0.3755233277346044,0.045226497378399545,1.3712401509254153,0.3761314182506236,0.09365991127943565,1.5105165258285729,NA,0
Gosport,E07000088,Hampshire,South East,England,Hampshire,E23000030,3,1166,1169,0.2566295979469632,390,77675,78065,0.4995836802664446,0.5124384649274233,0.10506650155719319,1.5124186056491105,0.5136869118905047,0.1651994214769787,1.5973073094833767,NA,0
Hart,E07000089,Hampshire,South East,England,Hampshire,E23000030,2,3593,3595,0.055632823365785816,179,91449,91628,0.19535513161915574,0.284381975479852,0.034163922131277204,1.0431549430965579,0.28477789605364373,0.0707026630437415,1.1470352966841837,NA,0
Havant,E07000090,Hampshire,South East,England,Hampshire,E23000030,6,2101,2107,0.28476506881822494,532,118477,119009,0.4470250149148384,0.6359875378174848,0.23207823553770943,1.3958339594855138,0.6370226705824837,0.28523334656948357,1.4226873811095093,NA,0
New Forest,E07000091,Hampshire,South East,England,Hampshire,E23000030,6,2097,2103,0.28530670470756064,501,169022,169523,0.2955351191283778,0.9652913550363149,0.35216437607153145,2.1194314660210436,0.9653901896634691,0.4321414272087274,2.156650947163917,NA,0
Rushmoor,E07000092,Hampshire,South East,England,Hampshire,E23000030,56,14602,14658,0.38204393505253104,461,76460,76921,0.5993161815369015,0.6360807488085933,0.47282902402687427,0.8412520282704337,0.6374664105894955,0.4833308410150966,0.8407562484041086,NA,0
Test Valley,E07000093,Hampshire,South East,England,Hampshire,E23000030,5,4279,4284,0.11671335200746966,355,120843,121198,0.2929091239129359,0.3977617284865234,0.12829477144947193,0.9377361443824365,0.3984626714535579,0.16492094300654064,0.9627188496952094,NA,0
Winchester,E07000094,Hampshire,South East,England,Hampshire,E23000030,26,3891,3917,0.6637732958897115,498,118346,118844,0.4190367204065834,1.587920642935634,1.0257315181144075,2.3584083178141197,1.5840456541509413,1.0692761488365325,2.346634811937699,NA,0
Broxbourne,E07000095,Hertfordshire,East of England,England,Hertfordshire,E23000027,8,3649,3657,0.21875854525567404,199,79764,79963,0.2488651001088003,0.8787595840364992,0.37392946655697035,1.767266205146835,0.87902460071756106,0.43391432311956196,1.7807299909151884,NA,0
Dacorum,E07000096,Hertfordshire,East of England,England,Hertfordshire,E23000027,28,8920,8948,0.31291908806437196,397,133809,134206,0.2958138980373456,1.0580298048760919,0.693628253372199,1.5541588495050007,1.057824159515544,0.7214979682502072,1.550928764454557,NA,0
Hertsmere,E07000098,Hertfordshire,East of England,England,Hertfordshire,E23000027,25,11295,11320,0.2208480565371025,212,82484,82696,0.25636064622230825,0.861141575478847,0.5446550713505439,1.307340220928535,0.8614740982732182,0.569437511045071,1.3032819362982115,NA,0
North Hertfordshire,E07000099,Hertfordshire,East of England,England,Hertfordshire,E23000027,24,6932,6956,0.3450258769407705,247,116253,116500,0.21201716738197424,1.6294993753639466,1.0236906880570613,2.483645644149223,1.6273487718056587,1.070995578611816,2.4727123790090393,NA,0
Three Rivers,E07000102,Hertfordshire,East of England,England,Hertfordshire,E23000027,11,14254,14265,0.077111812127585,153,71987,72140,0.21208760742999722,0.3630949937434314,0.17746673842180238,0.6684014886609396,0.3635847141754236,0.19724565433398855,0.6701990207509753,NA,0
Watford,E07000103,Hertfordshire,East of England,England,Hertfordshire,E23000027,69,24968,25037,0.27559212365698765,310,61495,61805,0.5015775422700428,0.548208907418187,0.4158444697027674,0.7139761766418563,0.5494506839554879,0.4234517573095422,0.7129408460063804,NA,0
Ashford,E07000105,Kent,South East,England,Kent,E23000032,13,7655,7668,0.1695357329160146,312,115819,116131,0.268662114336396,0.6303973217221512,0.33176025595304587,1.0946549835076695,0.6310369935663362,0.3625057879030872,1.0984864257000433,NA,0
Canterbury,E07000106,Kent,South East,England,Kent,E23000032,44,6333,6377,0.6899796142386702,774,139118,139892,0.5532839619134761,1.2487749731203706,0.8989228210991677,1.6946545940276823,1.2470623797813443,0.921337456383123,1.6879424235838514,NA,0
Dartford,E07000107,Kent,South East,England,Kent,E23000032,49,11464,11513,0.42560583688004866,636,85833,86469,0.7355237137008639,0.5768454279464279,0.42195117529172566,0.772562439402956,0.5786432564336624,0.4330082346003599,0.7732601633434962,NA,0
Dover,E07000108,Kent,South East,England,Kent,E23000032,6,2396,2402,0.2497918401332223,461,109468,109929,0.41936158793403017,0.5946366227596737,0.21686878390052858,1.3061782894814677,0.5956478783949023,0.26648628031854066,1.3313870965974208,NA,0
Gravesham,E07000109,Kent,South East,England,Kent,E23000032,65,11934,11999,0.5417118093174431,393,80829,81222,0.4838590529659452,1.120184166756577,0.8473779295237837,1.460590268207375,1.1195653072870575,0.8617438462042183,1.4545232702291016,NA,0
Maidstone,E07000110,Kent,South East,England,Kent,E23000032,40,8173,8213,0.4870327529526361,1207,155375,156582,0.7708421146747391,0.6300090161282237,0.44747455604909037,0.8638286275023108,0.631819076411182,0.46145972363314114,0.8650708282277695,NA,0
Sevenoaks,E07000111,Kent,South East,England,Kent,E23000032,6,3478,3484,0.1722158438576349,451,110022,110473,0.4082445484417007,0.4208495991108906,0.15351081908606623,0.9241598682208041,0.42184480972249444,0.18864877819452794,0.9433034509574648,NA,0
Folkestone and Hythe,E07000112,Kent,South East,England,Kent,E23000032,15,4256,4271,0.35120580660266915,477,100854,101331,0.47073452349231726,0.7451842315890904,0.4134130030326167,1.2430295448065927,0.7460804106678212,0.44665666783282937,1.2462278507629876,NA,0
Swale,E07000113,Kent,South East,England,Kent,E23000032,16,2296,2312,0.6920415224913495,550,140689,141239,0.3894108567746869,1.782539795363932,1.009958119333391,2.9272545902925184,1.7771500471846493,1.0829031595151974,2.9164771221300305,NA,0
Thanet,E07000114,Kent,South East,England,Kent,E23000032,19,3240,3259,0.5830009205277692,1132,129022,130154,0.8697389246584815,0.6683840509811825,0.4003725328628058,1.0504422302714809,0.6703171538018664,0.42652924113254115,1.0534449771555292,NA,0
Tonbridge and Malling,E07000115,Kent,South East,England,Kent,E23000032,9,3867,3876,0.23219814241486067,365,122385,122750,0.2973523421588595,0.7803758965876695,0.3537175425162559,1.499405050385138,0.7808855337376478,0.4033784006572819,1.5116878241550018,NA,0
Tunbridge Wells,E07000116,Kent,South East,England,Kent,E23000032,18,4548,4566,0.39421813403416556,397,104713,105110,0.3776995528493959,1.043924958253016,0.6117292179763378,1.6734358326823793,1.0437347120486433,0.6514275423390964,1.6722998005635348,NA,0
Burnley,E07000117,Lancashire,North West,England,Lancashire,E23000003,155,13775,13930,1.1127063890882987,462,77461,77923,0.5928929840996882,1.8865215258806383,1.5610568017984412,2.2700156402801053,1.8767406917083873,1.5659652234021002,2.249191470716126,NA,0
Chorley,E07000118,Lancashire,North West,England,Lancashire,E23000003,15,2189,2204,0.6805807622504537,294,112179,112473,0.2613960683897469,2.6145288910005795,1.4423324523974652,4.3933570671040325,2.6036380977073224,1.552420935818971,4.366683795240636,NA,0
Fylde,E07000119,Lancashire,North West,England,Lancashire,E23000003,2,1171,1173,0.17050298380221654,107,78121,78228,0.13677966968348929,1.2469668545848909,0.1489336100368432,4.625745983646879,1.246552095035495,0.30813226930129245,5.04293863528452,Chi-squared approximation may be incorrect,0
Hyndburn,E07000120,Lancashire,North West,England,Lancashire,E23000003,240,12161,12401,1.935327796145472,485,67369,67854,0.7147699472396616,2.741082243531918,2.3356518975253757,3.210505206555401,2.707623345972265,2.3223459060302174,3.156818355361164,NA,0
Lancaster,E07000121,Lancashire,North West,England,Lancashire,E23000003,8,5147,5155,0.15518913676042675,712,131952,132664,0.5366942049086414,0.28805413577968086,0.12383535904462646,0.5710881884994441,0.28915746684248955,0.1441267437998688,0.5801285620305642,NA,0
Pendle,E07000122,Lancashire,North West,England,Lancashire,E23000003,204,25369,25573,0.7977163414538772,152,67202,67354,0.22567330819253498,3.5552521375836625,2.866296953624562,4.417696481375911,3.5348280567292396,2.8666683157934263,4.3587216985659145,NA,0
Preston,E07000123,Lancashire,North West,England,Lancashire,E23000003,161,29654,29815,0.5399966459835653,1853,105106,106959,1.732439532905132,0.30795554659695085,0.2603759860542578,0.36213564505544427,0.3116972544940969,0.26547141983244105,0.365972271216539,NA,0
Ribble Valley,E07000124,Lancashire,North West,England,Lancashire,E23000003,9,1256,1265,0.7114624505928854,80,59154,59234,0.13505756828848298,5.297617594056127,2.3324228725764335,10.602668468816876,5.267845849802371,2.6505953286444788,10.469421566313398,Chi-squared approximation may be incorrect,0
Rossendale,E07000125,Lancashire,North West,England,Lancashire,E23000003,22,3854,3876,0.5675954592363261,93,65375,65468,0.1420541333170404,4.01285472118623,2.397069651684805,6.447842558796702,3.995627905944495,2.5134647190366706,6.351806827382592,NA,0
South Ribble,E07000126,Lancashire,North West,England,Lancashire,E23000003,10,2297,2307,0.43346337234503685,216,105622,105838,0.2040854891437858,2.128806068279874,1.0051127484561804,3.998374526927113,2.123930388993241,1.128209421947331,3.9984423188938525,Chi-squared approximation may be incorrect,0
West Lancashire,E07000127,Lancashire,North West,England,Lancashire,E23000003,15,1217,1232,1.2175324675324677,356,113339,113695,0.3131184308896609,3.923927167606773,2.166364828703092,6.5868716361596755,3.8884088173062894,2.32669238310887,6.498376510908885,Chi-squared approximation may be incorrect,0
Wyre,E07000128,Lancashire,North West,England,Lancashire,E23000003,5,1104,1109,0.4508566275924256,659,108378,109037,0.6043819987710594,0.7448307389935169,0.2405613346918553,1.7522909077084803,0.745979576673677,0.3100853294746591,1.794620628318747,NA,0
Blaby,E07000129,Leicestershire,East Midlands,England,Leicestershire,E23000021,11,8486,8497,0.129457455572555,138,88470,88608,0.1557421451787649,0.8309978737794338,0.40522025055214433,1.5345975363056328,0.8312294364763011,0.45000430287383913,1.535412820837889,NA,0
Charnwood,E07000130,Leicestershire,East Midlands,England,Leicestershire,E23000021,48,22805,22853,0.21003806940007877,415,150809,151224,0.27442733957572873,0.7648761015068719,0.5548318176703133,1.033305542756123,0.7653686025772893,0.5678585396395773,1.0315757480426655,NA,0
Harborough,E07000131,Leicestershire,East Midlands,England,Leicestershire,E23000021,7,5291,5298,0.13212533031332577,90,88546,88636,0.10153887810821788,1.3016216751551786,0.50853294172436,2.795483449781431,1.3012289752946602,0.6033503719529989,2.806324359535312,NA,0
Hinckley and Bosworth,E07000132,Leicestershire,East Midlands,England,Leicestershire,E23000021,19,3128,3147,0.603749602796314,262,106790,107052,0.24474087359414118,2.475644999225388,1.4648209198118636,3.951285474252156,2.4668932243721753,1.5506054990854248,3.9246360109278102,NA,0
Melton,E07000133,Leicestershire,East Midlands,England,Leicestershire,E23000021,1,598,599,0.1669449081803005,164,49936,50100,0.3273453093812375,0.5091817170708571,0.012795619221196295,2.887908029433587,0.5099963353556741,0.0715305332079374,3.6361571822780085,Chi-squared approximation may be incorrect,0
North West Leicestershire,E07000134,Leicestershire,East Midlands,England,Leicestershire,E23000021,13,1530,1543,0.8425145819831497,271,99986,100257,0.2703053153395773,3.1347682963473047,1.6440611802562841,5.468263370351081,3.116899795051093,1.7907474112805792,5.425144982028602,Chi-squared approximation may be incorrect,0
Oadby and Wigston,E07000135,Leicestershire,East Midlands,England,Leicestershire,E23000021,17,16114,16131,0.10538714276858224,74,36490,36564,0.2023848594245706,0.5202264459543341,0.2876979624326457,0.8905032701581187,0.5207264173230326,0.3074791859188808,0.8818678275335928,NA,0
Boston,E07000136,Lincolnshire,East Midlands,England,Lincolnshire,E23000020,4,1439,1443,0.2772002772002772,170,66228,66398,0.2560318081869936,1.082895002024602,0.29130737138117274,2.830233437956734,1.0826790591496473,0.40226954747165955,2.9139514847410823,Chi-squared approximation may be incorrect,0
East Lindsey,E07000137,Lincolnshire,East Midlands,England,Lincolnshire,E23000020,10,1124,1134,0.8818342151675485,421,138505,138926,0.303039027971726,2.9268598499057243,1.3895286634444033,5.456548790037597,2.9099691253293782,1.5585540957693695,5.433189860625337,Chi-squared approximation may be incorrect,0
Lincoln,E07000138,Lincolnshire,East Midlands,England,Lincolnshire,E23000020,14,3333,3347,0.4182850313713774,765,94596,95361,0.8022147418756096,0.5194010631759148,0.2822909093972808,0.8781526135647642,0.5214127957726263,0.30768396430120376,0.8836056965558374,NA,0
North Kesteven,E07000139,Lincolnshire,East Midlands,England,Lincolnshire,E23000020,5,1155,1160,0.43103448275862066,213,114431,114644,0.18579254038589024,2.325626058993379,0.746063585269678,5.528474098168002,2.319977335276024,0.9576191763791166,5.620496089630954,Chi-squared approximation may be incorrect,0
South Holland,E07000140,Lincolnshire,East Midlands,England,Lincolnshire,E23000020,3,1173,1176,0.25510204081632654,125,91157,91282,0.13693827917880852,1.8651299235843357,0.3789567885283813,5.591288949748566,1.8628979591836732,0.5936262826865571,5.846083483070962,Chi-squared approximation may be incorrect,0
South Kesteven,E07000141,Lincolnshire,East Midlands,England,Lincolnshire,E23000020,11,2518,2529,0.4349545274812179,354,136890,137244,0.25793477310483515,1.6892785752191344,0.8345290448260891,3.0651959458980684,1.686296586712776,0.9265961601446399,3.0688624674586165,NA,0
West Lindsey,E07000142,Lincolnshire,East Midlands,England,Lincolnshire,E23000020,1,1135,1136,0.08802816901408451,166,91861,92027,0.1803818444586915,0.48758586663799597,0.012262937757452722,2.759720454237586,0.48801013914814184,0.06839833208040641,3.481867008561324,Chi-squared approximation may be incorrect,0
Breckland,E07000143,Norfolk,East of England,England,Norfolk,E23000024,3,1337,1340,0.22388059701492538,374,135734,136108,0.27478179093073146,0.814343175608294,0.1669544974987799,2.4033984627058773,0.8147577619921782,0.2619229866781142,2.534448080123284,Chi-squared approximation may be incorrect,0
Great Yarmouth,E07000145,Norfolk,East of England,England,Norfolk,E23000024,3,1933,1936,0.15495867768595042,259,93853,94112,0.27520401224073443,0.5623921892325936,0.11510207544626311,1.6644262792839897,0.5630683812501994,0.18057940895145322,1.7557151383132186,NA,0
King's Lynn and West Norfolk,E07000146,Norfolk,East of England,England,Norfolk,E23000024,12,2874,2886,0.4158004158004158,525,146482,147007,0.3571258511499453,1.164979716560246,0.5973770985614705,2.0555702862097776,1.1642966042966043,0.6577579487132404,2.060920108116538,NA,0
Norwich,E07000148,Norfolk,East of England,England,Norfolk,E23000024,10,7857,7867,0.12711325791280031,528,124465,124993,0.4224236557247206,0.30002604338833255,0.14295147236162703,0.5564766533956966,0.30091415617982287,0.1610320151704329,0.5623063792226616,NA,0
South Norfolk,E07000149,Norfolk,East of England,England,Norfolk,E23000024,1,2561,2562,0.039032006245121,117,135135,135252,0.08650519031141869,0.4509795847350684,0.01132103413983193,2.5646423675420835,0.45120999219359875,0.06305446668411038,3.2288030929718725,Chi-squared approximation may be incorrect,0
Craven,E07000163,North Yorkshire,Yorkshire and The Humber,England,North Yorkshire,E23000009,1,971,972,0.102880658436214,2,55081,55083,0.0036308843018717212,28.362139116518644,0.4802618301662229,543.7062523692915,28.334876543209877,2.5714642108187746,312.2210394144691,Chi-squared approximation may be incorrect,0
Hambleton,E07000164,North Yorkshire,Yorkshire and The Humber,England,North Yorkshire,E23000009,0,664,664,0,3,88635,88638,0.0033845529005618355,0,0,321.2770404335146,0,0,NA,Chi-squared approximation may be incorrect,0
Harrogate,E07000165,North Yorkshire,Yorkshire and The Humber,England,North Yorkshire,E23000009,0,2947,2947,0,12,155044,155056,0.007739139407697864,0,0,18.946864145743554,0,0,NA,Chi-squared approximation may be incorrect,0
Richmondshire,E07000166,North Yorkshire,Yorkshire and The Humber,England,North Yorkshire,E23000009,0,1346,1346,0,3,46941,46944,0.006390593047034766,0,0,84.48726103903164,0,0,NA,Chi-squared approximation may be incorrect,0
Ryedale,E07000167,North Yorkshire,Yorkshire and The Humber,England,North Yorkshire,E23000009,2,323,325,0.6153846153846154,3,53614,53617,0.005595240315571554,110.47669682021196,9.201827008002029,957.6287303420793,109.98358974358975,18.438912996303387,656.0251146752161,Chi-squared approximation may be incorrect,0
Scarborough,E07000168,North Yorkshire,Yorkshire and The Humber,England,North Yorkshire,E23000009,0,1372,1372,0,4,105260,105264,0.003799969600243198,0,0,116.17242696755459,0,0,NA,Chi-squared approximation may be incorrect,0
Selby,E07000169,North Yorkshire,Yorkshire and The Humber,England,North Yorkshire,E23000009,2,692,694,0.2881844380403458,12,89643,89655,0.013384641124309853,21.595692477370964,2.3421705485162287,97.37328421605736,21.530979827089336,4.827891918945132,96.02184557930579,Chi-squared approximation may be incorrect,0
Ashfield,E07000170,Nottinghamshire,East Midlands,England,Nottinghamshire,E23000019,4,1964,1968,0.20325203252032523,229,119797,120026,0.1907919950677353,1.0654121471242688,0.2875531034376627,2.7696986901164635,1.0653069194447404,0.39683418297860573,2.8598313383653915,Chi-squared approximation may be incorrect,0
Bassetlaw,E07000171,Nottinghamshire,East Midlands,England,Nottinghamshire,E23000019,3,1452,1455,0.2061855670103093,110,113308,113418,0.09698636900668324,2.12824113873853,0.43175938993946866,6.396014801373688,2.1259231490159327,0.6760148967406013,6.68557639382324,Chi-squared approximation may be incorrect,0
Broxtowe,E07000172,Nottinghamshire,East Midlands,England,Nottinghamshire,E23000019,4,6148,6152,0.06501950585175553,69,98478,98547,0.07001735212639654,0.9285731618015849,0.24598535757066783,2.48807963284297,0.9286198903149206,0.3390140355699762,2.5436554543786727,Chi-squared approximation may be incorrect,0
Gedling,E07000173,Nottinghamshire,East Midlands,England,Nottinghamshire,E23000019,6,4526,4532,0.1323918799646955,77,104758,104835,0.07344875280202223,1.803538853447786,0.6416811378353781,4.110540361665003,1.8025068488440068,0.7858171196142444,4.134589154439002,Chi-squared approximation may be incorrect,0
Mansfield,E07000174,Nottinghamshire,East Midlands,England,Nottinghamshire,E23000019,7,2227,2234,0.3133393017009848,308,104133,104441,0.29490334255704176,1.0626799292444404,0.42321049349609374,2.2197493367583703,1.0625152600309271,0.5029042329176124,2.244838289089397,NA,0
Newark and Sherwood,E07000175,Nottinghamshire,East Midlands,England,Nottinghamshire,E23000019,2,1409,1411,0.14174344436569808,90,117831,117921,0.07632228356272419,1.8584214259328637,0.22144103909683607,6.92344952601391,1.8571698558941652,0.457864976676836,7.532962880618703,Chi-squared approximation may be incorrect,0
Rushcliffe,E07000176,Nottinghamshire,East Midlands,England,Nottinghamshire,E23000019,10,6765,6775,0.14760147601476015,71,106668,106739,0.06651739289294446,2.2207208075022393,1.0206370056747944,4.329840915543908,2.218990696949223,1.1451124019433851,4.299944446318762,Chi-squared approximation may be incorrect,0
Cherwell,E07000177,Oxfordshire,South East,England,Thames Valley,E23000029,44,9662,9706,0.453327838450443,424,140875,141299,0.3000728950664902,1.5130286841056402,1.0822912685463912,2.068485897780048,1.5107257133304044,1.108317985004148,2.05923950689036,NA,0
Oxford,E07000178,Oxfordshire,South East,England,Thames Valley,E23000029,90,24901,24991,0.36012964667280223,688,113310,113998,0.6035193599887717,0.595264556870061,0.47222612120055607,0.7427443369453631,0.5967159805436935,0.4792258837813127,0.743010704318944,NA,0
South Oxfordshire,E07000179,Oxfordshire,South East,England,Thames Valley,E23000029,14,4249,4263,0.3284072249589491,282,138259,138541,0.20354985166845915,1.6153968618272425,0.8711098285476494,2.759036050159555,1.613399480604176,0.9441614634555722,2.757005008959797,NA,0
Vale of White Horse,E07000180,Oxfordshire,South East,England,Thames Valley,E23000029,8,5482,5490,0.14571948998178508,333,125521,125854,0.2645923053697141,0.5500730945615993,0.23540630160562348,1.0973289661315735,0.5507321529179453,0.27329265165623956,1.1098209279302087,NA,0
West Oxfordshire,E07000181,Oxfordshire,South East,England,Thames Valley,E23000029,3,1933,1936,0.15495867768595042,244,108237,108481,0.22492418027119956,0.6884562537800318,0.14088095277253207,2.0389065403854043,0.688937389920065,0.22085728994438847,2.1490561952896554,Chi-squared approximation may be incorrect,0
Mendip,E07000187,Somerset,South West,England,Avon and Somerset,E23000036,5,1293,1298,0.3852080123266564,140,111884,112024,0.12497322002428052,3.0902558260157718,0.9863574563487161,7.403476554646739,3.082324455205811,1.2653215054809661,7.508545461375403,Chi-squared approximation may be incorrect,0
Sedgemoor,E07000188,Somerset,South West,England,Avon and Somerset,E23000036,13,1793,1806,0.7198228128460686,278,120494,120772,0.23018580465670851,3.1424535621879626,1.6491673528181188,5.477003771921219,3.127138156584367,1.79660997727437,5.443025016036892,Chi-squared approximation may be incorrect,0
South Somerset,E07000189,Somerset,South West,England,Avon and Somerset,E23000036,1,2329,2330,0.04291845493562232,158,166333,166491,0.09490002462595576,0.4520401435654264,0.01137082158132462,2.5576366485442925,0.4522491443472592,0.06333903432134472,3.2291191483148887,Chi-squared approximation may be incorrect,0
Cannock Chase,E07000192,Staffordshire,West Midlands,England,Staffordshire,E23000015,0,1208,1208,0,4,97064,97068,0.004120822516174228,0,0,121.63627330358169,0,0,NA,Chi-squared approximation may be incorrect,0
East Staffordshire,E07000193,Staffordshire,West Midlands,England,Staffordshire,E23000015,2,11550,11552,0.01731301939058172,1,106734,106735,9.368997985665433e-4,18.481099727809948,0.9620335871004683,1081.877662114665,18.479051246537395,1.6757463536877575,203.7750726538549,Chi-squared approximation may be incorrect,0
Lichfield,E07000194,Staffordshire,West Midlands,England,Staffordshire,E23000015,2,2494,2496,0.08012820512820512,1,100845,100846,9.916109711837853e-4,80.6645693264077,4.207621977229281,4585.417339621979,80.80608974358974,7.329629897830751,890.8531850402936,Chi-squared approximation may be incorrect,0
South Staffordshire,E07000196,Staffordshire,West Midlands,England,Staffordshire,E23000015,0,3108,3108,0,26,103323,103349,0.025157476124587564,0,0,5.0707999005760644,0,0,NA,Chi-squared approximation may be incorrect,0
Stafford,E07000197,Staffordshire,West Midlands,England,Staffordshire,E23000015,0,4165,4165,0,21,127602,127623,0.01645471427563997,0,0,5.886631044727153,0,0,NA,Chi-squared approximation may be incorrect,0
Tamworth,E07000199,Staffordshire,West Midlands,England,Staffordshire,E23000015,0,1081,1081,0,3,75179,75182,0.0039903168311563935,0,0,168.01290326737367,0,0,NA,Chi-squared approximation may be incorrect,0
Babergh,E07000200,Suffolk,East of England,England,Suffolk,E23000025,2,873,875,0.2285714285714286,123,89080,89203,0.13788773920159636,1.6591463069594787,0.198378276772796,6.140464824380291,1.6576631823461092,0.4106025638473689,6.692231047849163,Chi-squared approximation may be incorrect,0
Ipswich,E07000202,Suffolk,East of England,England,Suffolk,E23000025,12,7599,7611,0.15766653527788727,557,116181,116738,0.47713683633435555,0.32938753219651423,0.16909355323495248,0.580360522612159,0.3304430160730701,0.1866153208598317,0.5851212342500147,NA,0
Mid Suffolk,E07000203,Suffolk,East of England,England,Suffolk,E23000025,2,819,821,0.24360535931790497,114,99229,99343,0.11475393334205732,2.125586199803746,0.2539131154804261,7.880656815291429,2.122849755326196,0.5254184397747683,8.5769564646804,Chi-squared approximation may be incorrect,0
Elmbridge,E07000207,Surrey,South East,England,Surrey,E23000031,24,9028,9052,0.26513477684489617,240,118934,119174,0.2013862084011613,1.3173856765054361,0.827280928649703,2.0089530748224833,1.3165488289880691,0.8658488016382351,2.001851611771423,NA,0
Epsom and Ewell,E07000208,Surrey,South East,England,Surrey,E23000031,11,9222,9233,0.1191378750135384,179,63913,64092,0.27928602633714034,0.4258992301210524,0.2087821946198265,0.7809735252810514,0.4265801500205421,0.23214284814515274,0.7838734892998592,NA,0
Guildford,E07000209,Surrey,South East,England,Surrey,E23000031,52,9578,9630,0.5399792315680166,418,123668,124086,0.33686314330383765,1.6062156226872712,1.1791484775576873,2.148370951758667,1.6029632279509312,1.202486950604939,2.136814132469568,NA,0
Mole Valley,E07000210,Surrey,South East,England,Surrey,E23000031,5,2632,2637,0.18960940462646947,98,80796,80894,0.12114619131208743,1.566167641196913,0.4970763858503478,3.7854333419694957,1.565128895699349,0.637756267616971,3.8410104055994663,Chi-squared approximation may be incorrect,0
Reigate and Banstead,E07000211,Surrey,South East,England,Surrey,E23000031,30,11353,11383,0.2635509092506369,437,126474,126911,0.34433579437558604,0.7647499536430187,0.5095494082313691,1.1083328556377647,0.7653892321260316,0.528987147647995,1.1074383928970237,NA,0
Runnymede,E07000212,Surrey,South East,England,Surrey,E23000031,81,8059,8140,0.995085995085995,1072,71927,72999,1.4685132673050316,0.6743773429238955,0.5305886505585262,0.8468884961227087,0.677614576075397,0.5412555278395946,0.8483266961587801,NA,0
Spelthorne,E07000213,Surrey,South East,England,Surrey,E23000031,32,13114,13146,0.24342005172676098,381,80128,80509,0.47323901675589064,0.513189439951318,0.3458815425703334,0.7372956307698566,0.5143702085162677,0.3587701468403967,0.7374546453742956,NA,0
Surrey Heath,E07000214,Surrey,South East,England,Surrey,E23000031,8,8049,8057,0.09929254064788381,104,76501,76605,0.13576137327850663,0.7311349820714791,0.3074057122115162,1.4954909024585634,0.7313754881087634,0.3564461863175356,1.500675628297546,NA,0
Tandridge,E07000215,Surrey,South East,England,Surrey,E23000031,7,3264,3271,0.21400183430143688,84,78127,78211,0.10740177212924013,1.9946437401561505,0.7775301833055085,4.297951801386663,1.9925354122082952,0.9223375812857268,4.304494850323323,Chi-squared approximation may be incorrect,0
Waverley,E07000216,Surrey,South East,England,Surrey,E23000031,3,3622,3625,0.08275862068965517,87,119661,119748,0.07265257039783546,1.1392138666645706,0.23033954382099553,3.4439102779374857,1.1391010701545778,0.3605168226638452,3.5991420273809895,Chi-squared approximation may be incorrect,0
Woking,E07000217,Surrey,South East,England,Surrey,E23000031,51,14690,14741,0.3459738145309002,217,80920,81137,0.26744888275386075,1.294621607930585,0.9344256749490871,1.7643859953669625,1.293607252976666,0.954029572003465,1.7540543543526113,NA,0
North Warwickshire,E07000218,Warwickshire,West Midlands,England,Warwickshire,E23000017,0,844,844,0,1,62439,62440,0.0016015374759769379,0,0,2760.8391067290513,0,0,NA,Chi-squared approximation may be incorrect,0
Nuneaton and Bedworth,E07000219,Warwickshire,West Midlands,England,Warwickshire,E23000017,0,10782,10782,0,5,116712,116717,0.00428386610348107,0,0,11.814361935554528,0,0,NA,Chi-squared approximation may be incorrect,0
Rugby,E07000220,Warwickshire,West Midlands,England,Warwickshire,E23000017,1,8727,8728,0.011457378551787351,5,97728,97733,0.005115979249588164,2.2396427070390885,0.04734739935720973,20.017791643463976,2.2395279560036663,0.26167389946777436,19.166930580096412,Chi-squared approximation may be incorrect,0
Stratford-on-Avon,E07000221,Warwickshire,West Midlands,England,Warwickshire,E23000017,2,2564,2566,0.0779423226812159,14,128418,128432,0.010900710103401021,7.153738212217328,0.7888139836535378,31.152062031068628,7.150205990424229,1.625902523457562,31.44434858049039,Chi-squared approximation may be incorrect,0
Warwick,E07000222,Warwickshire,West Midlands,England,Warwickshire,E23000017,0,14403,14403,0,15,125297,125312,0.011970122574055159,0,0,2.4257237547833683,0,0,NA,Chi-squared approximation may be incorrect,0
Adur,E07000223,West Sussex,South East,England,Sussex,E23000033,1,1394,1395,0.07168458781362007,86,60050,60136,0.14300917919382733,0.5009041307285255,0.012531580844224687,2.8709436871190284,0.5012586479953322,0.0698612282176658,3.5965619070890056,Chi-squared approximation may be incorrect,0
Arun,E07000224,West Sussex,South East,England,Sussex,E23000033,8,2622,2630,0.3041825095057034,432,157195,157627,0.2740647224143072,1.1102266727501235,0.47575452409494134,2.2106027756183875,1.1098929728207294,0.5521074556755157,2.231200463702533,NA,0
Chichester,E07000225,West Sussex,South East,England,Sussex,E23000033,1,2167,2168,0.046125461254612546,257,117760,118017,0.21776523721158814,0.2114653033798225,0.005333749777684841,1.189918711892994,0.21181278447025717,0.029736904083115405,1.5087197893784015,Chi-squared approximation may be incorrect,0
Crawley,E07000226,West Sussex,South East,England,Sussex,E23000033,77,18159,18236,0.4222417196753674,459,86040,86499,0.5306419727395693,0.794854974194595,0.6157290114436617,1.0143315255347891,0.7957186603529327,0.6254098145849076,1.0124052607874527,NA,0
Horsham,E07000227,West Sussex,South East,England,Sussex,E23000033,10,3964,3974,0.25163563160543534,190,136919,137109,0.13857587758644582,1.8178447003781308,0.8571714886007473,3.4209900066969285,1.8158689375678754,0.9621839788017447,3.4269745402851908,NA,0
Mid Sussex,E07000228,West Sussex,South East,England,Sussex,E23000033,5,5500,5505,0.09082652134423251,187,140212,140399,0.1331918318506542,0.6816321456533962,0.21868018835672037,1.6202429209448423,0.6819226080325616,0.280664794361702,1.6568463615235118,NA,0
Worthing,E07000229,West Sussex,South East,England,Sussex,E23000033,11,4376,4387,0.25074082516526097,511,100922,101433,0.5037808208374001,0.49645189823613084,0.24605962510410753,0.896760089599836,0.49771808452031147,0.27410767465172875,0.9037444572586891,NA,0
Bromsgrove,E07000234,Worcestershire,West Midlands,England,West Mercia,E23000016,18,3141,3159,0.5698005698005698,179,92036,92215,0.19411158705199805,2.946435256244773,1.704865073198877,4.800202695717512,2.9354279074949465,1.8103377885105125,4.759739897596534,NA,0
Malvern Hills,E07000235,Worcestershire,West Midlands,England,West Mercia,E23000016,9,1042,1051,0.8563273073263558,91,76479,76570,0.11884550084889642,7.259845055891897,3.2073857746764505,14.450232990481183,7.205382628788909,3.6425060569019636,14.25324708215037,Chi-squared approximation may be incorrect,0
Redditch,E07000236,Worcestershire,West Midlands,England,West Mercia,E23000016,32,4963,4995,0.6406406406406406,239,77824,78063,0.306162970933733,2.0995005024420492,1.402549304348987,3.0485559547837653,2.0924824405995954,1.4484864007212224,3.02279866903654,NA,0
Worcester,E07000237,Worcestershire,West Midlands,England,West Mercia,E23000016,36,5824,5860,0.614334470989761,313,92938,93251,0.3356532369626063,1.8353204348809211,1.2608706654378012,2.5993110204600525,1.830265295663457,1.2976270654034987,2.581536052863074,NA,0
Wychavon,E07000238,Worcestershire,West Midlands,England,West Mercia,E23000016,21,1489,1510,1.390728476821192,207,127333,127540,0.1623020228947781,8.674943234181539,5.2428242933365805,13.661371568837426,8.568768595834532,5.485621960107559,13.384771277151675,Chi-squared approximation may be incorrect,0
Wyre Forest,E07000239,Worcestershire,West Midlands,England,West Mercia,E23000016,9,1930,1939,0.46415678184631254,207,96716,96923,0.21357159807269688,2.1787894335238915,0.9808771277591282,4.225642762023835,2.1733076215888962,1.1167169755848174,4.229599908770834,Chi-squared approximation may be incorrect,0
St Albans,E07000240,Hertfordshire,East of England,England,Hertfordshire,E23000027,40,12136,12176,0.328515111695138,214,123360,123574,0.17317558709760952,1.9000481834446687,1.3194818658486234,2.6743189686915363,1.897005907131541,1.354145384267045,2.6574926544093223,NA,0
Welwyn Hatfield,E07000241,Hertfordshire,East of England,England,Hertfordshire,E23000027,31,10564,10595,0.292590844738084,257,93510,93767,0.2740836328345793,1.0677451885952611,0.71024876958316,1.554380983864185,1.067523958698674,0.7358252353777611,1.5487473758774142,NA,0
East Hertfordshire,E07000242,Hertfordshire,East of England,England,Hertfordshire,E23000027,13,4006,4019,0.32346354814630507,294,137865,138159,0.2127982976136191,1.521697636699558,0.7999636259674325,2.645912131727519,1.5200476308961006,0.8729676905837814,2.6467701211802157,NA,0
Stevenage,E07000243,Hertfordshire,East of England,England,Hertfordshire,E23000027,18,6682,6700,0.26865671641791045,506,73425,73931,0.6844219610177057,0.3908974822241739,0.22965853693771365,0.6246853865129864,0.3925308241401687,0.24546825818178541,0.6277000906001188,NA,0
East Suffolk,E07000244,Suffolk,East of England,England,Suffolk,E23000025,3,3444,3447,0.08703220191470844,516,235888,236404,0.2182704184362363,0.39823952569415505,0.08180848940715256,1.1712550797766652,0.39873567173342506,0.128242951789461,1.2397573020131585,NA,0
West Suffolk,E07000245,Suffolk,East of England,England,Suffolk,E23000025,10,4721,4731,0.2113718030014796,505,164188,164693,0.30663112579162444,0.6886777274916603,0.3280092852772171,1.278217042157409,0.6893357693410431,0.3688885553645873,1.2881500279220228,NA,0
Somerset West and Taunton,E07000246,Somerset,South West,England,Avon and Somerset,E23000036,1,3223,3224,0.031017369727047148,258,149989,150247,0.1717172389465347,0.18039151241060583,0.0045512849328904585,1.0146907736688933,0.18063049416200205,0.02535572890035647,1.286785150189485,NA,0
Bolton,E08000001,Greater Manchester,North West,England,Greater Manchester,E23000005,3,59593,59596,0.00503389489227465,6,212043,212049,0.002829534683021377,1.779086951905282,0.28788776730335686,8.330964045599767,1.7790539633532452,0.44495047661178266,7.113225338298418,Chi-squared approximation may be incorrect,0
Bury,E08000002,Greater Manchester,North West,England,Greater Manchester,E23000005,0,20593,20593,0,2,160448,160450,0.0012464942349641633,0,0,41.48067932840792,0,0,NA,Chi-squared approximation may be incorrect,0
Manchester,E08000003,Greater Manchester,North West,England,Greater Manchester,E23000005,97,115012,115109,0.08426795472117732,485,311667,312152,0.15537302339885697,0.5419553552560258,0.4311799644063895,0.6753426881990305,0.5423589814871123,0.43617115949504315,0.6743987042616023,NA,0
Oldham,E08000004,Greater Manchester,North West,England,Greater Manchester,E23000005,0,59565,59565,0,10,164161,164171,0.006091209775173447,0,0,1.2295693003209507,0,0,NA,Chi-squared approximation may be incorrect,0
Rochdale,E08000005,Greater Manchester,North West,England,Greater Manchester,E23000005,2,41404,41406,0.004830217842824711,8,165120,165128,0.004844726515188218,0.9970050627529721,0.10312959100250345,4.996108103240037,0.9970052649374486,0.2117287373825437,4.694778378227582,Chi-squared approximation may be incorrect,0
Salford,E08000006,Greater Manchester,North West,England,Greater Manchester,E23000005,1,14937,14938,0.006694336591243807,11,221427,221438,0.004967530414833949,1.3476306936176823,0.0313069848462705,9.274212462593031,1.3476186419016782,0.173998343025205,10.437317806744005,Chi-squared approximation may be incorrect,0
Stockport,E08000007,Greater Manchester,North West,England,Greater Manchester,E23000005,4,21460,21464,0.018635855385762207,44,257264,257308,0.017100129028246307,1.0897970363404326,0.284367554878219,2.9940107933588345,1.0898078812726595,0.3916206412157209,3.0327339600819943,Chi-squared approximation may be incorrect,0
Trafford,E08000009,Greater Manchester,North West,England,Greater Manchester,E23000005,0,29588,29588,0,7,182574,182581,0.0038339148104129125,0,0,4.281546134040313,0,0,NA,Chi-squared approximation may be incorrect,0
Wigan,E08000010,Greater Manchester,North West,England,Greater Manchester,E23000005,0,5826,5826,0,61,312353,312414,0.019525373382754934,0,0,3.343290578726033,0,0,NA,Chi-squared approximation may be incorrect,0
Knowsley,E08000011,Merseyside,North West,England,Merseyside,E23000004,52,2458,2510,2.0717131474103585,6421,140677,147098,4.365117132795823,0.4634933346372451,0.3447549743615647,0.6105976761244385,0.47460654190588525,0.3622942373032683,0.6217359991605662,NA,0
Liverpool,E08000012,Merseyside,North West,England,Merseyside,E23000004,633,27134,27767,2.279684517592826,20329,386444,406773,4.9976276694864215,0.4434665091989269,0.40871564083636824,0.4804734824476697,0.4561533328126256,0.4218558248895705,0.493239279297694,NA,0
St. Helens,E08000013,Merseyside,North West,England,Merseyside,E23000004,40,2539,2579,1.5509887553315238,4726,171950,176676,2.674953021349815,0.5731975391063678,0.4079810834453065,0.7839807403967611,0.5798190633452228,0.42579052328667105,0.7895670002786452,NA,0
Sefton,E08000014,Merseyside,North West,England,Merseyside,E23000004,29,4265,4294,0.6753609687936656,4476,262797,267273,1.6746921686814606,0.3992181402222553,0.26671063635580955,0.5750316375867501,0.4032746921635151,0.2802638548247527,0.5802763165491666,NA,0
Wirral,E08000015,Merseyside,North West,England,Merseyside,E23000004,40,7262,7302,0.5477951246233909,4687,299831,304518,1.5391536789286677,0.35235971564911334,0.251179632705656,0.4810249031428989,0.3559067116707184,0.26094724227545907,0.48542221143134334,NA,0
Barnsley,E08000016,South Yorkshire,Yorkshire and The Humber,England,South Yorkshire,E23000011,4,2293,2297,0.174140182847192,12,236379,236391,0.005076335393479447,34.36265815406076,8.070252540600622,113.25268807817733,34.30430996952547,11.072135627324634,106.28353211110662,Chi-squared approximation may be incorrect,0
Doncaster,E08000017,South Yorkshire,Yorkshire and The Humber,England,South Yorkshire,E23000011,1,9085,9086,0.01100594320933304,60,285352,285412,0.021022241531540368,0.5234845229729874,0.013040215522680082,3.031089383970263,0.523538043877027,0.07256556892077212,3.777164397151499,Chi-squared approximation may be incorrect,0
Rotherham,E08000018,South Yorkshire,Yorkshire and The Humber,England,South Yorkshire,E23000011,0,14176,14176,0,5,241023,241028,0.0020744477820004315,0,0,18.556191398439317,0,0,NA,Chi-squared approximation may be incorrect,0
Sheffield,E08000019,South Yorkshire,Yorkshire and The Humber,England,South Yorkshire,E23000011,19,53541,53560,0.035474234503360715,98,437321,437419,0.02240414796796664,1.5835707655906972,0.9144951566147467,2.607022904699036,1.5833779777781165,0.9688334715321,2.5877365865034023,NA,0
Newcastle upon Tyne,E08000021,Tyne and Wear,North East,England,Northumbria,E23000007,339,33789,34128,0.9933192686357244,3226,235413,238639,1.3518326845151043,0.7321349107940618,0.6523237338741706,0.8196008287081182,0.734794534866586,0.6573806332374982,0.8213247868449742,NA,0
North Tyneside,E08000022,Tyne and Wear,North East,England,Northumbria,E23000007,22,5374,5396,0.407709414381023,1051,196989,198040,0.5307008685114118,0.7672983662364778,0.47835352160935896,1.1691869618809458,0.768247121065821,0.5040935292113976,1.1708216924530555,NA,0
South Tyneside,E08000023,Tyne and Wear,North East,England,Northumbria,E23000007,26,4291,4317,0.6022700949733611,623,138758,139381,0.44697627366714254,1.3495319720856556,0.8735199271374162,1.9993215011294077,1.347431911837593,0.911240962175177,1.992417848188529,NA,0
Sunderland,E08000024,Tyne and Wear,North East,England,Northumbria,E23000007,62,8142,8204,0.7557289127254997,1902,257135,259037,0.734258040357169,1.0294732133080637,0.7853452391317207,1.327201083252422,1.0292415897248963,0.7999858865289382,1.3241961737797634,NA,0
Birmingham,E08000025,West Midlands,West Midlands,England,West Midlands,E23000014,3465,351919,355384,0.9750016883146118,3738,550351,554089,0.6746208641572022,1.4496028939202745,1.3834955485459173,1.5189576320580642,1.4452587225161981,1.380244008656484,1.5133358753300035,NA,0
Coventry,E08000026,West Midlands,West Midlands,England,West Midlands,E23000014,401,63514,63915,0.6273957599937416,2119,222717,224836,0.9424647298475333,0.6635969423044624,0.594722930954179,0.7389353648926763,0.665696805540127,0.5985203793473035,0.7404129453195806,NA,0
Dudley,E08000027,West Midlands,West Midlands,England,West Midlands,E23000014,223,26824,27047,0.8244907013716863,1292,272682,273974,0.4715775949542657,1.7545804425144045,1.5143961388047873,2.0251583909287194,1.7483669923963343,1.517565156407522,2.0142707726218667,NA,0
Sandwell,E08000028,West Midlands,West Midlands,England,West Midlands,E23000014,421,87603,88024,0.4782786512769244,764,194161,194925,0.3919456201102988,1.221294567810792,1.0814609248369733,1.3777963312722765,1.2202678808920746,1.0836899793722785,1.374058752485061,NA,0
Solihull,E08000029,West Midlands,West Midlands,England,West Midlands,E23000014,203,23642,23845,0.8513315160410987,664,176873,177537,0.3740065451145395,2.2871375114073023,1.9436273570832463,2.682154863464584,2.2762476410148875,1.9462810915029023,2.662155711138765,NA,0
Walsall,E08000030,West Midlands,West Midlands,England,West Midlands,E23000014,325,52874,53199,0.6109137389800561,899,201249,202148,0.44472366780774486,1.3759871545989804,1.2078642763579468,1.5644256178732894,1.3736928866222509,1.2104653104612502,1.5589312064114542,NA,0
Wolverhampton,E08000031,West Midlands,West Midlands,England,West Midlands,E23000014,311,55590,55901,0.5563406736909894,1060,157941,159001,0.6666624738209194,0.8335953785024283,0.731968688341845,0.9471620852301916,0.8345162590334058,0.7357012081507237,0.9466035652457904,NA,0
Bradford,E08000032,West Yorkshire,Yorkshire and The Humber,England,West Yorkshire,E23000010,2256,173408,175664,1.2842699699426177,1965,329607,331572,0.5926314646592595,2.182279104226814,2.052751163867314,2.3202845200449618,2.1670634222585936,2.0404515898043862,2.3015316313097824,NA,0
Calderdale,E08000033,West Yorkshire,Yorkshire and The Humber,England,West Yorkshire,E23000010,381,21345,21726,1.7536592101629385,745,176708,177453,0.41982947597391984,4.2340881378370545,3.7293091185703355,4.800242335619873,4.177075004309314,3.694967723523007,4.722086063309293,NA,0
Kirklees,E08000034,West Yorkshire,Yorkshire and The Humber,England,West Yorkshire,E23000010,694,83508,84202,0.8242084511056744,1201,317286,318487,0.37709545444555037,2.195550977001295,1.9961275010393629,2.413493706259673,2.1856759114678845,1.9912836558018172,2.399045046170166,NA,0
Leeds,E08000035,West Yorkshire,Yorkshire and The Humber,England,West Yorkshire,E23000010,1300,77203,78503,1.6559876692610473,3581,635732,639313,0.5601325172489844,2.9893145817259947,2.802117028580284,3.1876393755548764,2.9564212365213294,2.7758296266213476,3.1487618850703307,NA,0
Wakefield,E08000036,West Yorkshire,Yorkshire and The Humber,England,West Yorkshire,E23000010,193,12440,12633,1.5277447953771865,1353,326881,328234,0.41220592625992436,3.7478007219197624,3.203108919690754,4.366105402312102,3.7062659657489685,3.190785777196486,4.305023391742184,NA,0
Gateshead,E08000037,Tyne and Wear,North East,England,Northumbria,E23000007,44,4881,4925,0.8934010152284264,1074,182044,183118,0.5865070610207626,1.5279395458469287,1.102094265377627,2.0687749195387855,1.523257049409674,1.128302983113087,2.0564618487264132,NA,0
City of London,E09000001,Inner London,London,England,"London, City of",E23000034,148,1297,1445,10.242214532871973,521,5375,5896,8.836499321573948,1.1772383553073404,0.9643550128543201,1.430567538174887,1.1590805544301948,0.9746927118637142,1.3783500330984901,NA,0
Barking and Dagenham,E09000002,Outer London,London,England,Metropolitan Police,E23000001,423,56160,56583,0.7475743597900429,1281,95952,97233,1.3174539508191663,0.564183168386276,0.5039930645047536,0.6305405813458762,0.5674387019942643,0.5086255859552021,0.6330524641544376,NA,0
Barnet,E09000003,Outer London,London,England,Metropolitan Police,E23000001,140,74832,74972,0.18673638158245745,601,222428,223029,0.26947168305467,0.692413592155915,0.571779730011585,0.8337033520478889,0.6929721871539751,0.5766552727207441,0.8327513418948908,NA,0
Bexley,E09000004,Outer London,London,England,Metropolitan Police,E23000001,55,24379,24434,0.22509617745764102,958,175284,176242,0.5435707720066727,0.41278552072197,0.3085459232283498,0.5421138709682746,0.41410647711366977,0.31566789633490044,0.5432423644549594,NA,0
Brent,E09000005,Outer London,London,England,Metropolitan Police,E23000001,326,111189,111515,0.2923373537192306,600,114344,114944,0.5219933184855234,0.5587549829892675,0.4866290132537899,0.6406863341213932,0.5600404130983874,0.4895101324593674,0.6407329358589876,NA,0
Bromley,E09000006,Outer London,London,England,Metropolitan Police,E23000001,44,27263,27307,0.1611308455707328,1484,249682,251166,0.5908443021746574,0.27153981496679636,0.19637710867045408,0.3664828259034269,0.27271287034109615,0.20211879995426868,0.36796334465921515,NA,0
Camden,E09000007,Inner London,London,England,Metropolitan Police,E23000001,335,37707,38042,0.8806056463908313,2177,121781,123958,1.756240016779877,0.497014361400934,0.4414030135310686,0.5581871658286207,0.5014153179389741,0.4471888948998479,0.5622172731282822,NA,0
Croydon,E09000008,Outer London,London,England,Metropolitan Police,E23000001,315,68172,68487,0.4599413027289851,1055,186598,187653,0.5622079050161735,0.8172645413637579,0.718087270549711,0.9280316893675856,0.8180982491090261,0.7215810004418676,0.9275254542253892,NA,0
Ealing,E09000009,Outer London,London,England,Metropolitan Police,E23000001,714,110527,111241,0.6418496777267375,690,156095,156785,0.4400931211531715,1.4613715741268887,1.3140067940162965,1.6254310888451118,1.4584406046722687,1.3139263252802944,1.6188495172307762,NA,0
Enfield,E09000010,Outer London,London,England,Metropolitan Police,E23000001,96,37877,37973,0.25281120796355305,700,169689,170389,0.41082464243583805,0.6144055211584973,0.4909501839665472,0.7616717012897655,0.6153749844814549,0.4973070629108979,0.761473945913774,NA,0
Greenwich,E09000011,Outer London,London,England,Metropolitan Police,E23000001,226,37802,38028,0.5942989376249079,1536,158203,159739,0.9615685587113979,0.6157753904097987,0.5329017887135987,0.7088247173936085,0.6180515494613619,0.5377443071534496,0.7103519511227239,NA,0
Hackney,E09000012,Inner London,London,England,Metropolitan Police,E23000001,218,26667,26885,0.8108610749488562,698,135898,136596,0.5109959296026239,1.5916130980363596,1.3599545010159426,1.8567309967166967,1.5868249196807158,1.3637383497799218,1.8464050131948433,NA,0
Hammersmith and Fulham,E09000013,Inner London,London,England,Metropolitan Police,E23000001,133,19173,19306,0.6889050036258157,571,113530,114101,0.5004338261715497,1.3792216468786267,1.1325990490918885,1.6695497015347935,1.3766155835150473,1.1405804888403508,1.661496477730587,NA,0
Haringey,E09000014,Inner London,London,England,Metropolitan Police,E23000001,135,22945,23080,0.5849220103986136,1174,147168,148342,0.7914144342128325,0.7375508436084345,0.612237739065263,0.8825042934581394,0.7390843344680675,0.6188302462585258,0.8827067790540799,NA,0
Harrow,E09000015,Outer London,London,England,Metropolitan Police,E23000001,198,117954,118152,0.1675807434491164,440,93193,93633,0.469919793235291,0.35553658369186975,0.29905982204768655,0.42149926500261686,0.35661563071297986,0.30161526591340826,0.4216454617563272,NA,0
Havering,E09000016,Outer London,London,England,Metropolitan Police,E23000001,243,27907,28150,0.8632326820603907,1713,194909,196622,0.8712148182807621,0.9907580011120337,0.8620770006226297,1.1345806812593557,0.9908379241802576,0.866774424040205,1.1326589303566061,NA,0
Hillingdon,E09000017,Outer London,London,England,Metropolitan Police,E23000001,397,101541,101938,0.3894524122505837,607,145610,146217,0.415136406847357,0.937879976583397,0.8241202956314517,1.0663822987492415,0.9381311921259242,0.8268577598822913,1.0643791185619331,NA,0
Hounslow,E09000018,Outer London,London,England,Metropolitan Police,E23000001,259,105587,105846,0.2446951231033766,674,125133,125807,0.5357412544611985,0.45542135053684896,0.392980806651807,0.5264673779434222,0.4567412366805119,0.3958608005192732,0.5269846294727704,NA,0
Islington,E09000019,Inner London,London,England,Metropolitan Police,E23000001,200,21332,21532,0.9288500835965074,1292,132396,133688,0.9664292980671414,0.9607467652214949,0.8230588662031691,1.1166698149696201,0.9611154022898599,0.8287016117257138,1.114686883008673,NA,0
Kensington and Chelsea,E09000020,Inner London,London,England,Metropolitan Police,E23000001,152,16873,17025,0.8928046989720998,529,89732,90261,0.5860781511394733,1.5280581852712185,1.2663659512460452,1.8349595547299533,1.523354346576951,1.272885655852548,1.823108348000514,NA,0
Kingston upon Thames,E09000021,Outer London,London,England,Metropolitan Police,E23000001,127,29811,29938,0.42421003407041213,713,113612,114325,0.6236606166630221,0.6788391045116308,0.5573149496318576,0.8213068462138186,0.6801937187251034,0.5634245627188611,0.8211631611523227,NA,0
Lambeth,E09000022,Inner London,London,England,Metropolitan Police,E23000001,142,22909,23051,0.6160253351264587,815,172280,173095,0.4708397122967157,1.3102614189061046,1.087942743731577,1.5685180268465353,1.3083546672848387,1.0953465733264385,1.56278567632481,NA,0
Lewisham,E09000023,Inner London,London,England,Metropolitan Police,E23000001,120,26807,26927,0.4456493482378282,983,152617,153600,0.6399739583333334,0.6949984525674179,0.5698720722640183,0.8411770063456174,0.696355441397054,0.5763858000771725,0.841295709745731,NA,0
Merton,E09000024,Outer London,London,England,Metropolitan Police,E23000001,129,39890,40019,0.322346885229516,412,128198,128610,0.3203483399424617,1.006258889096945,0.8189536706390649,1.2295780366631064,1.0062386628487392,0.8259622603569101,1.225862603182494,NA,0
Newham,E09000025,Inner London,London,England,Metropolitan Police,E23000001,1020,147167,148187,0.6883194882142158,1589,103663,105252,1.5097100292631018,0.4521543793149593,0.41740873381545157,0.4896410392571852,0.4559282742197775,0.42161690821702164,0.4930319140000572,NA,0
Redbridge,E09000026,Outer London,London,England,Metropolitan Police,E23000001,923,145910,146833,0.6286052862776079,770,105915,106685,0.7217509490556311,0.8701311776453913,0.7896324239612637,0.9590403755741248,0.8709448696951507,0.7917488146846753,0.9580626481271133,NA,0
Richmond upon Thames,E09000027,Outer London,London,England,Metropolitan Police,E23000001,39,17428,17467,0.22327818171408942,384,156242,156626,0.2451700228569969,0.9105009814340277,0.6372125695032737,1.2682064281639216,0.9107075127383065,0.6553670813226121,1.2655322450498803,NA,0
Southwark,E09000028,Inner London,London,England,Metropolitan Police,E23000001,226,30314,30540,0.7400130975769483,1329,155156,156485,0.849282678851008,0.8703806018859563,0.752122120863896,1.0035242027350921,0.8713389734712472,0.7571337616938686,1.002770771958927,NA,0
Sutton,E09000029,Outer London,London,England,Metropolitan Police,E23000001,58,36729,36787,0.1576643923125017,491,142203,142694,0.3440929541536435,0.4573594751655384,0.34209452106588434,0.6014698599457066,0.4582029082818761,0.3491220620779203,0.6013653331112337,NA,0
Tower Hamlets,E09000030,Inner London,London,England,Metropolitan Police,E23000001,1848,136008,137856,1.3405292479108635,1425,118506,119931,1.188183205343072,1.1299498607547855,1.0535047925547307,1.2121726899514473,1.12821763671016,1.0533507846738617,1.208405646346925,NA,0
Waltham Forest,E09000031,Outer London,London,England,Metropolitan Police,E23000001,482,55063,55545,0.867764875326312,1030,144399,145429,0.7082493862984687,1.2272375124569075,1.098586311316759,1.3693427493336627,1.2252250296488372,1.100102605955163,1.3645785085424817,NA,0
Wandsworth,E09000032,Inner London,London,England,Metropolitan Police,E23000001,181,38133,38314,0.4724121730959962,721,219519,220240,0.3273701416636397,1.445149048225843,1.2205291612208182,1.7038590208003983,1.4430521082200027,1.2265136225531217,1.6978200231510299,NA,0
Westminster,E09000033,Inner London,London,England,Metropolitan Police,E23000001,913,33329,34242,2.666316219846972,2792,108388,111180,2.5112430293218204,1.0634492740378763,0.9848036848293102,1.1475667728004193,1.0617515663416415,0.9862812556218047,1.1429968705206794,NA,0
North Somerset,E06000024,NA,South West,England,Avon and Somerset,E23000036,8,3314,3322,0.2408187838651415,312,206761,207073,0.15067150232043772,1.5997227192377743,0.6840124285359838,3.1952259010151143,1.598303462541873,0.7929466390266483,3.2216215223626037,NA,0
South Cambridgeshire,E07000012,Cambridgeshire,East of England,England,Cambridgeshire,E23000023,40,9359,9399,0.42557718906266623,465,143167,143632,0.3237440124763284,1.3158885647472156,0.9272437753368419,1.8208569013782068,1.3145484477300833,0.9523873982455674,1.8144272221712108,NA,0
South Hams,E07000044,Devon,South West,England,Devon & Cornwall,E23000035,0,614,614,0,113,86182,86295,0.13094617301118255,0,0,4.671461837692312,0,0,NA,Chi-squared approximation may be incorrect,0
Torridge,E07000046,Devon,South West,England,Devon & Cornwall,E23000035,0,356,356,0,55,66795,66850,0.08227374719521316,0,0,13.07623263404014,0,0,NA,Chi-squared approximation may be incorrect,0
Broadland,E07000144,Norfolk,East of England,England,Norfolk,E23000024,1,1830,1831,0.05461496450027307,113,126655,126768,0.08913921494383441,0.6124829307729668,0.015364033221866191,3.4867948702548057,0.6126929044044793,0.0856087232032565,4.384980654556904,Chi-squared approximation may be incorrect,0
Plymouth,E06000026,NA,South West,England,Devon & Cornwall,E23000035,29,5918,5947,0.48764082730788627,1320,247074,248394,0.5314138022657553,0.9172257520169693,0.6112840776477767,1.3250136570673163,0.9176292095326901,0.635721685657903,1.324547180290328,NA,0
Portsmouth,E06000044,NA,South East,England,Hampshire,E23000030,94,14276,14370,0.6541405706332637,1257,175578,176835,0.7108321316481466,0.9197186617980142,0.7372378705204158,1.1356749357458835,0.9202462037226189,0.7467681062196543,1.1340241614667974,NA,0
Isle of Wight,E06000046,NA,South East,England,Hampshire,E23000030,8,1655,1663,0.4810583283223091,540,135537,136077,0.39683414537357525,1.213262037211068,0.5202535991015311,2.4134532698472837,1.2122402619095345,0.6041582335656663,2.43235359703953,NA,0
North Norfolk,E07000147,Norfolk,East of England,England,Norfolk,E23000024,0,565,565,0,55,100834,100889,0.0545153584632616,0,0,12.423654199835992,0,0,NA,Chi-squared approximation may be incorrect,0
Northumberland,E06000057,NA,North East,England,Northumbria,E23000007,14,3360,3374,0.4149377593360996,999,311790,312789,0.31938463309131715,1.3004217190147391,0.7075778362846006,2.195369455681984,1.2991788468966892,0.7674701807114055,2.199258966204063,NA,0
Cornwall,E06000052,NA,South West,England,Devon & Cornwall,E23000035,10,4022,4032,0.248015873015873,898,550226,551124,0.16293973769968284,1.5233919641519769,0.7274673666730431,2.8176570223213635,1.522132516703786,0.8168059640957537,2.8365211571048152,NA,0
Isles of Scilly,E06000053,NA,South West,England,Devon & Cornwall,E23000035,2,4,6,33.33333333333333,12,1991,2003,0.5991013479780329,80.92961794200599,6.727300032240757,620.7941901027348,55.63888888888889,15.713013688513373,197.01414497291196,Chi-squared approximation may be incorrect,0
Conwy,W06000003,NA,Wales,Wales,North Wales,W15000001,3,1648,1651,0.18170805572380377,285,110768,111053,0.2566342196969015,0.7075131503802752,0.1449113569665526,2.092409431494057,0.7080429723612484,0.22724240948553395,2.2061236361871326,Chi-squared approximation may be incorrect,0
Denbighshire,W06000004,NA,Wales,Wales,North Wales,W15000001,7,1643,1650,0.4242424242424243,461,91933,92394,0.49895014827802675,0.8496334489066579,0.33914698818505845,1.7686580349667986,0.8502701636758037,0.4037288291733643,1.7907052927519167,NA,0
Flintshire,W06000005,NA,Wales,Wales,North Wales,W15000001,6,1449,1455,0.4123711340206186,415,150620,151035,0.27477074850200284,1.5028123753957991,0.5474302897484478,3.3066493347010044,1.5007825114892561,0.6714784914568958,3.3543116800437147,Chi-squared approximation may be incorrect,0
Wrexham,W06000006,NA,Wales,Wales,North Wales,W15000001,4,2242,2246,0.17809439002671415,380,129114,129494,0.29344988957017315,0.6061988964339432,0.16415621713050463,1.567090149782834,0.606898814266298,0.22681151254009133,1.6239306666266904,NA,0
Carmarthenshire,W06000010,NA,Wales,Wales,Dyfed-Powys,W15000004,3,2318,2321,0.12925463162429987,995,181151,182146,0.5462650840534516,0.23564235087235616,0.0484802768746934,0.6914894824915456,0.23661521740542435,0.07623987866763075,0.7343500814303707,NA,0
Swansea,W06000011,NA,Wales,Wales,South Wales,W15000003,26,10425,10451,0.24878002105061717,665,217177,217842,0.30526712020638813,0.8144950803927079,0.5278472869019548,1.204992667257972,0.8149584563264443,0.5510393798829779,1.2052809831468405,NA,0
Neath Port Talbot,W06000012,NA,Wales,Wales,South Wales,W15000003,3,2250,2253,0.13315579227696406,124,137184,137308,0.09030792087860867,1.4750568365630672,0.2999127588305649,4.417735803652327,1.4744641553197888,0.4694746734876985,4.6308026142753445,Chi-squared approximation may be incorrect,0
Bridgend,W06000013,NA,Wales,Wales,South Wales,W15000003,2,2150,2152,0.09293680297397769,210,140477,140687,0.14926752294099668,0.622269417935358,0.07481806475592638,2.278738899310845,0.6226190476190475,0.1547944399025868,2.5043178469588665,Chi-squared approximation may be incorrect,0
Vale of Glamorgan,W06000014,NA,Wales,Wales,South Wales,W15000003,2,2805,2807,0.07125044531528321,229,124497,124726,0.18360245658483396,0.38762738618624726,0.046643792384216336,1.4176609817576618,0.3880691284888216,0.09651935747978262,1.5602844073803366,NA,0
Rhondda Cynon Taf,W06000016,NA,Wales,Wales,South Wales,W15000003,2,3504,3506,0.057045065601825436,378,229448,229826,0.1644722529217756,0.3464874157047639,0.04179190817732399,1.2611688064412467,0.3468370171165379,0.08646069381824559,1.3913364689760546,NA,0
Caerphilly,W06000018,NA,Wales,Wales,Gwent,W15000002,0,1584,1584,0,4,171867,171871,0.002327326890516725,0,0,165.09061740338797,0,0,NA,Chi-squared approximation may be incorrect,0
Torfaen,W06000020,NA,Wales,Wales,Gwent,W15000002,0,1202,1202,0,3,89297,89300,0.00335946248600224,0,0,179.36304601714994,0,0,NA,Chi-squared approximation may be incorrect,0
Newport,W06000022,NA,Wales,Wales,Gwent,W15000002,1,12193,12194,0.008200754469411185,8,135891,135899,0.005886724699961001,1.3931124193975821,0.031393459917295696,10.39338670916467,1.3930929145481383,0.17425304181785206,11.137296935067923,Chi-squared approximation may be incorrect,0
Powys,W06000023,NA,Wales,Wales,Dyfed-Powys,W15000004,8,1239,1247,0.6415396952686447,565,129441,130006,0.43459532636955217,1.4792093725701572,0.634095644975732,2.9439729093927935,1.4761771614707155,0.7362740895126653,2.959630174531973,NA,0
Merthyr Tydfil,W06000024,NA,Wales,Wales,South Wales,W15000003,0,871,871,0,104,56954,57058,0.18227067194784255,0,0,2.365866363949233,0,0,NA,Chi-squared approximation may be incorrect,0
Ceredigion,W06000008,NA,Wales,Wales,Dyfed-Powys,W15000004,7,1089,1096,0.6386861313868614,476,68214,68690,0.6929684087931286,0.9211645016445424,0.3674606937398213,1.9193302446634972,0.9216670244740232,0.4380573685248671,1.9391754711565317,NA,0
Cardiff,W06000015,NA,Wales,Wales,South Wales,W15000003,85,34898,34983,0.24297515936311923,1081,284584,285665,0.37841527663521957,0.6412152690234858,0.507867339049811,0.8004028394836572,0.6420860212716508,0.5150241528276341,0.800495387350187,NA,0
Monmouthshire,W06000021,NA,Wales,Wales,Gwent,W15000002,2,1183,1185,0.16877637130801687,5,90046,90051,0.005552409190347692,30.430432911880192,2.895890094089356,186.53992457619213,30.396962025316455,5.9033554214404,156.5169694870048,Chi-squared approximation may be incorrect,0
Gwynedd,W06000002,NA,Wales,Wales,North Wales,W15000001,5,1963,1968,0.25406504065040647,297,112534,112831,0.2632255319903218,0.9651107211176572,0.3107498007901272,2.2814236329402706,0.9651990774958255,0.39925035769144485,2.3333961792434357,NA,0
Isle of Anglesey,W06000001,NA,Wales,Wales,North Wales,W15000001,5,425,430,1.1627906976744187,256,67244,67500,0.37925925925925924,3.090101470669891,0.9897988098694787,7.362336664890141,3.065952034883721,1.2717717666796016,7.391311968459348,Chi-squared approximation may be incorrect,0
Pembrokeshire,W06000009,NA,Wales,Wales,Dyfed-Powys,W15000004,8,1151,1159,0.6902502157031924,1123,118644,119767,0.9376539447427088,0.7343135319736882,0.31547886239444145,1.4568064944089099,0.7361460158871259,0.3681251852017931,1.472083352323293,NA,0
