la,la_code,county,region,country,force,force_code,Mixed_Asian_stopped,Mixed_Asian_not_stopped,Mixed_Asian_population,Mixed_Asian_stop_rate,White_stopped,White_not_stopped,White_population,White_stop_rate,or,or_ci_low,or_ci_upp,rr,rr_ci_low,rr_ci_upp,warning,stats_altered_flag
Hartlepool,E06000001,NA,North East,England,Cleveland,E23000013,0,240,240,0,943,88069,89012,1.0594077203073742,0,0,1.4494399211990474,0,0,NA,Chi-squared approximation may be incorrect,0
Middlesbrough,E06000002,NA,North East,England,Cleveland,E23000013,14,1096,1110,1.2612612612612613,1802,116265,118067,1.5262520433313287,0.824161285240999,0.44815151062516156,1.3924907535908433,0.826378098409175,0.49006166863430417,1.393499645531267,NA,0
Redcar and Cleveland,E06000003,NA,North East,England,Cleveland,E23000013,6,454,460,1.3043478260869565,1539,131748,133287,1.154651241306354,1.131357647984049,0.4123631505092986,2.487219469272943,1.1296465802186626,0.5093794822176408,2.5052076904316376,NA,0
Stockton-on-Tees,E06000004,NA,North East,England,Cleveland,E23000013,9,1122,1131,0.7957559681697612,1957,178692,180649,1.0833162652436492,0.7324272468132048,0.333503469701885,1.3982360319903202,0.7345555436581462,0.38262624850959526,1.4101799048566417,NA,0
Darlington,E06000005,NA,North East,England,Durham,E23000008,2,514,516,0.3875968992248062,653,100534,101187,0.6453398163795744,0.5990572512985315,0.07219957889934038,2.1837303233769774,0.6006089960468678,0.15029764412420848,2.400111912827537,Chi-squared approximation may be incorrect,0
Halton,E06000006,NA,North West,England,Cheshire,E23000006,1,460,461,0.21691973969631237,827,122990,123817,0.6679212062963891,0.32331004065625957,0.008160903517061977,1.8152766062792136,0.32476845719441727,0.045791452134178255,2.303367678303369,Chi-squared approximation may be incorrect,0
Warrington,E06000007,NA,North West,England,Cheshire,E23000006,1,1203,1204,0.08305647840531562,545,196478,197023,0.27661745075448047,0.2996819102048532,0.007570168836439925,1.679889022593879,0.30025755128166054,0.04225394198874819,2.1336375461883845,Chi-squared approximation may be incorrect,0
Blackburn with Darwen,E06000008,NA,North West,England,Lancashire,E23000003,0,1329,1329,0,601,92547,93148,0.6452097736934771,0,0,0.42931239195720566,0,0,NA,NA,0
Blackpool,E06000009,NA,North West,England,Lancashire,E23000003,3,642,645,0.46511627906976744,1687,131420,133107,1.2674014139000953,0.3640541529659876,0.07479333919874032,1.0704713074572645,0.36698418825216084,0.11855445743270217,1.1359960421863302,NA,0
"Kingston upon Hull, City of",E06000010,NA,Yorkshire and The Humber,England,Humberside,E23000012,7,1165,1172,0.5972696245733788,608,243644,244252,0.24892324320783454,2.407852784750312,0.9618199691143579,5.006573834793589,2.399412834560805,1.1415517753861162,5.043294640497422,Chi-squared approximation may be incorrect,0
East Riding of Yorkshire,E06000011,NA,Yorkshire and The Humber,England,Humberside,E23000012,3,1089,1092,0.27472527472527475,547,332173,332720,0.16440250060110603,1.6728885565458793,0.34340046850866457,4.927815279358685,1.6710528959157847,0.5381196372030648,5.1892136764650045,Chi-squared approximation may be incorrect,0
North East Lincolnshire,E06000012,NA,Yorkshire and The Humber,England,Humberside,E23000012,1,501,502,0.199203187250996,612,150226,150838,0.4057333032790145,0.48996306694033454,0.012362876369599134,2.7525727592117004,0.49097075749290425,0.06918457903968284,3.4841909578562826,Chi-squared approximation may be incorrect,0
North Lincolnshire,E06000013,NA,Yorkshire and The Humber,England,Humberside,E23000012,1,716,717,0.1394700139470014,459,159199,159658,0.2874895088251137,0.4844198166918885,0.012223707391086178,2.7210866165009544,0.4851307949183082,0.06828516779535378,3.4466033514540673,Chi-squared approximation may be incorrect,0
York,E06000014,NA,Yorkshire and The Humber,England,North Yorkshire,E23000009,1,1578,1579,0.06333122229259025,74,187503,187577,0.039450465675429286,1.6056934116220902,0.04009290834812501,9.240703976594212,1.6053352275644868,0.2233069102739827,11.540624469245445,Chi-squared approximation may be incorrect,0
Derby,E06000015,NA,East Midlands,England,Derbyshire,E23000018,8,2404,2412,0.33167495854063017,438,190862,191300,0.22895974908520647,1.4500723098428439,0.6214019168845707,2.887321564859824,1.448616885132935,0.7207317644378608,2.9116114807691016,NA,0
Leicester,E06000016,NA,East Midlands,England,Leicestershire,E23000021,16,3643,3659,0.43727794479365945,1276,148085,149361,0.8543060102704187,0.5097076038060945,0.2901511770123067,0.832121825060732,0.5118516544853117,0.31295935439621586,0.8371442250218251,NA,0
Rutland,E06000017,NA,East Midlands,England,Leicestershire,E23000021,0,249,249,0,50,38755,38805,0.12884937508053088,0,0,12.00554640396711,0,0,NA,Chi-squared approximation may be incorrect,0
Nottingham,E06000018,NA,East Midlands,England,Nottinghamshire,E23000019,5,3358,3363,0.14867677668748142,902,211129,212031,0.42540949200824407,0.3484943048659592,0.1128206772658641,0.8171644401630681,0.34949097159449416,0.14521123975751243,0.8411465905120782,NA,0
"Herefordshire, County of",E06000019,NA,West Midlands,England,West Mercia,E23000016,0,689,689,0,270,180386,180656,0.149455318395182,0,0,3.611121758238276,0,0,NA,Chi-squared approximation may be incorrect,0
Telford and Wrekin,E06000020,NA,West Midlands,England,West Mercia,E23000016,5,1310,1315,0.38022813688212925,465,162783,163248,0.2848426933254925,1.3361437165371823,0.4310877358781136,3.1485012440240645,1.3348705997792223,0.5539307361296897,3.2167912013782094,Chi-squared approximation may be incorrect,0
Stoke-on-Trent,E06000021,NA,West Midlands,England,Staffordshire,E23000015,0,1783,1783,0,15,214961,214976,0.006977523072342959,0,0,33.641181031100416,0,0,NA,Chi-squared approximation may be incorrect,0
Bath and North East Somerset,E06000022,NA,South West,England,Avon and Somerset,E23000036,0,1846,1846,0,283,177736,178019,0.158971795145462,0,0,1.2645497914321493,0,0,NA,Chi-squared approximation may be incorrect,0
"Bristol, City of",E06000023,NA,South West,England,Avon and Somerset,E23000036,14,5542,5556,0.25197984161267095,1179,380724,381903,0.30871713497930103,0.8157519423159081,0.4443005117449153,1.37538577403449,0.8162159241001178,0.4822302470766227,1.381515238401779,NA,0
South Gloucestershire,E06000025,NA,South West,England,Avon and Somerset,E23000036,3,1950,1953,0.15360983102918588,292,263748,264040,0.11058930465081049,1.3895789191092296,0.28465803869075323,4.107310593433291,1.3890116364707616,0.4457843489703317,4.327997002827902,Chi-squared approximation may be incorrect,0
Torbay,E06000027,NA,South West,England,Devon & Cornwall,E23000035,0,679,679,0,806,132997,133803,0.6023781230615157,0,0,0.9009505043566318,0,0,NA,Chi-squared approximation may be incorrect,0
Swindon,E06000030,NA,South West,England,Wiltshire,E23000038,5,1689,1694,0.29515938606847697,163,189265,189428,0.08604852503325802,3.4372882198833117,1.099910613128773,8.201068615658784,3.4301504407472057,1.410615346398079,8.340992515218163,Chi-squared approximation may be incorrect,0
Peterborough,E06000031,NA,East of England,England,Cambridgeshire,E23000023,11,2010,2021,0.5442850074220682,514,160578,161092,0.31907233133861396,1.709685377983113,0.8467400631869579,3.091879871025048,1.7058358057516696,0.9402846063700134,3.0946755657503306,NA,0
Luton,E06000032,NA,East of England,England,Bedfordshire,E23000026,7,2422,2429,0.2881844380403458,655,100097,100752,0.6501111640463713,0.44167828949830773,0.17669548141892455,0.9166267387139804,0.4432848626174186,0.2107254430594977,0.9324999704485714,NA,0
Southend-on-Sea,E06000033,NA,East of England,England,Essex,E23000028,2,1525,1527,0.13097576948264572,1158,156574,157732,0.7341566708087135,0.1773340290713039,0.02143108457586371,0.6431181038475503,0.1784030230745827,0.04460566847981156,0.7135334975767756,NA,0
Thurrock,E06000034,NA,East of England,England,Essex,E23000028,1,1098,1099,0.09099181073703368,726,133508,134234,0.5408465813430279,0.1674874662136577,0.004234111074289197,0.9380813889266196,0.1682395967283055,0.02368813685409593,1.1948834170302722,NA,0
Medway,E06000035,NA,South East,England,Kent,E23000032,12,2146,2158,0.5560704355885079,1057,233472,234529,0.4506905329404893,1.2351225199145661,0.6351459292870864,2.1711946814671816,1.2338187624232466,0.69956217031846335,2.1760878490822733,NA,0
Bracknell Forest,E06000036,NA,South East,England,Thames Valley,E23000029,5,1332,1337,0.3739715781600598,244,106700,106944,0.22815679233991623,1.6414746187735163,0.5273903971434999,3.892512457154772,1.6390990350307146,0.6772825100993786,3.9668020457879605,Chi-squared approximation may be incorrect,0
West Berkshire,E06000037,NA,South East,England,Thames Valley,E23000029,7,1267,1274,0.5494505494505495,1051,146985,148036,0.7099624415682672,0.772666956440719,0.30925253169270794,1.6023660196391156,0.7739149527922126,0.36879872929983504,1.6240412630826286,NA,0
Reading,E06000038,NA,South East,England,Thames Valley,E23000029,7,2110,2117,0.33065658951346244,761,115445,116206,0.6548715212639623,0.5032771990091478,0.20141289696330708,1.0438590154175065,0.5049182607227518,0.24019303661729705,1.0614064987133336,NA,0
Slough,E06000039,NA,South East,England,Thames Valley,E23000029,24,1921,1945,1.2339331619537275,543,55997,56540,0.9603820304209408,1.2883860840011563,0.816219815900018,1.9434903722923709,1.284835745430272,0.8558290397198741,1.9288932907391123,NA,0
Windsor and Maidenhead,E06000040,NA,South East,England,Thames Valley,E23000029,7,2188,2195,0.31890660592255127,546,121521,122067,0.4472953378062867,0.7120495103906657,0.28458865670124134,1.4795977318408033,0.7129665323287191,0.3386949811055816,1.5008231729964108,NA,0
Wokingham,E06000041,NA,South East,England,Thames Valley,E23000029,3,2209,2212,0.13562386980108498,222,141119,141341,0.15706695155687309,0.8632934339446056,0.17654240512329164,2.559099646166943,0.8634780802502322,0.2765902020246861,2.6956645232360072,Chi-squared approximation may be incorrect,0
Milton Keynes,E06000042,NA,South East,England,Thames Valley,E23000029,14,2959,2973,0.4709048099562731,872,204508,205380,0.424578829486805,1.1096252561207038,0.6033223636640361,1.8748782138974824,1.1091104342754514,0.6549413206769893,1.8782231576824981,NA,0
Brighton and Hove,E06000043,NA,South East,England,Sussex,E23000033,17,4181,4198,0.40495474035254886,1392,234195,235587,0.5908645213870035,0.6840808018452805,0.3969856359980038,1.1006529981470508,0.6853597156281317,0.4252441858066607,1.104584037791955,NA,0
Southampton,E06000045,NA,South East,England,Hampshire,E23000030,20,2424,2444,0.8183306055646482,1827,198084,199911,0.913906688476372,0.8945578398670164,0.5440922904791626,1.3888190944892926,0.895420304811354,0.5773500028227931,1.3887200456367692,NA,0
County Durham,E06000047,NA,North East,England,Durham,E23000008,3,1959,1962,0.1529051987767584,2141,502375,504516,0.42436711620642364,0.35933983014607535,0.07397554319140291,1.0530642949123215,0.36031349493720244,0.11621761606858969,1.1170923912020398,NA,0
Cheshire East,E06000049,NA,North West,England,Cheshire,E23000006,3,2470,2473,0.1213101496158512,789,374991,375780,0.20996327638511894,0.577256200147125,0.11867889733834788,1.6951660875612655,0.5777684160030997,0.18607092320610047,1.7940274427562282,NA,0
Cheshire West and Chester,E06000050,NA,North West,England,Cheshire,E23000006,4,1957,1961,0.2039775624681285,742,339044,339786,0.21837274048960229,0.9339452267403221,0.2535275071805949,2.405138967625547,0.9340797849163816,0.3500041486978499,2.4928420072604514,Chi-squared approximation may be incorrect,0
Shropshire,E06000051,NA,West Midlands,England,West Mercia,E23000016,1,1258,1259,0.07942811755361398,480,311889,312369,0.15366441612323886,0.51651013005534685,0.0130424050906119,2.8965397214005595,0.5168933677521843,0.07271974264949564,3.6740882722038606,Chi-squared approximation may be incorrect,0
Wiltshire,E06000054,NA,South West,England,Wiltshire,E23000038,0,2703,2703,0,75,480367,480442,0.015610625215946984,0,0,8.966110195192586,0,0,NA,Chi-squared approximation may be incorrect,0
Bedford,E06000055,NA,East of England,England,Bedfordshire,E23000026,5,2141,2146,0.2329916123019571,581,138902,139483,0.41653821612669645,0.5583246239008258,0.18042536293398395,1.3125134360353978,0.5593523073788964,0.2321831369033884,1.3475354323440079,NA,0
Central Bedfordshire,E06000056,NA,East of England,England,Bedfordshire,E23000026,2,2570,2572,0.07776049766718507,434,264378,264812,0.16388985393411176,0.4740751208641583,0.05720308076828246,1.7245747561042795,0.47446803936042886,0.11834968943893381,1.90215894474896,Chi-squared approximation may be incorrect,0
"Bournemouth, Christchurch and Poole",E06000058,NA,South West,England,Dorset,E23000039,3,3210,3213,0.09337068160597572,531,363626,364157,0.14581622761611063,0.6399956515382738,0.13149349425449594,1.8821104603203664,0.6403312109526799,0.20597181293307812,1.9906804425387348,Chi-squared approximation may be incorrect,0
Dorset,E06000059,NA,South West,England,Dorset,E23000039,7,1628,1635,0.42813455657492355,346,367328,367674,0.0941051039779805,4.564730460781358,1.8187649977623679,9.52530292995597,4.549535981333192,2.1562078488709453,9.599388879083998,Chi-squared approximation may be incorrect,0
Buckinghamshire,E06000060,NA,South East,England,Thames Valley,E23000029,23,6721,6744,0.34104389086595494,985,440006,440991,0.22336056744922234,1.5286432333984183,0.9637818246601172,2.309044394076498,1.5268760048413026,1.0105545446108588,2.307000989301262,NA,0
North Northamptonshire,E06000061,NA,East Midlands,England,Northamptonshire,E23000022,8,1918,1926,0.4153686396677051,1593,321970,323563,0.4923307053031403,0.8430264816407903,0.3628174939657032,1.6684678970552171,0.8436781114676816,0.42179816325927777,1.6875198086913845,NA,0
West Northamptonshire,E06000062,NA,East Midlands,England,Northamptonshire,E23000022,4,2716,2720,0.14705882352941177,1404,362605,364009,0.3857047490584024,0.38037396652215044,0.10340363300566276,0.9771444352120845,0.38127304340539636,0.1430027667642045,1.016547699858917,NA,0
Cambridge,E07000008,Cambridgeshire,East of England,England,Cambridgeshire,E23000023,3,2984,2987,0.1004352192835621,368,107207,107575,0.342086916105043,0.29288472379407293,0.06009634682395981,0.8635210493436856,0.2935956172399237,0.09431086232197644,0.9139815323521405,NA,0
East Cambridgeshire,E07000009,Cambridgeshire,East of England,England,Cambridgeshire,E23000023,0,618,618,0,87,82442,82529,0.10541748960971294,0,0,5.794444507672832,0,0,NA,Chi-squared approximation may be incorrect,0
Fenland,E07000010,Cambridgeshire,East of England,England,Cambridgeshire,E23000023,1,381,382,0.2617801047120419,260,97260,97520,0.2666119770303527,0.9818293766109286,0.024699692781841375,5.552192433018456,0.9818767619814741,0.1381456367825129,6.978736340670749,Chi-squared approximation may be incorrect,0
Huntingdonshire,E07000011,Cambridgeshire,East of England,England,Cambridgeshire,E23000023,0,1220,1220,0,439,166277,166716,0.2633220566712253,0,0,1.1518488856334765,0,0,NA,Chi-squared approximation may be incorrect,0
Allerdale,E07000026,Cumbria,North West,England,Cumbria,E23000002,3,238,241,1.2448132780082988,980,93601,94581,1.036148909400408,1.2039181477828451,0.24609396163205824,3.571575168652594,1.2013845372173766,0.3895475031028926,3.7051317099156957,Chi-squared approximation may be incorrect,0
Barrow-in-Furness,E07000027,Cumbria,North West,England,Cumbria,E23000002,1,226,227,0.4405286343612335,941,64433,65374,1.4394101630617677,0.3030014991295256,0.007632330358591238,1.7094159829024829,0.30604802277078935,0.04325321106377792,2.1655130321722855,Chi-squared approximation may be incorrect,0
Carlisle,E07000028,Cumbria,North West,England,Cumbria,E23000002,4,344,348,1.1494252873563218,2097,104139,106236,1.9739071501186038,0.5774545023505581,0.1562999651467238,1.494208041261867,0.58230970351734,0.21958682898815732,1.544193667593514,NA,0
Copeland,E07000029,Cumbria,North West,England,Cumbria,E23000002,2,173,175,1.1428571428571428,611,65069,65680,0.9302679658952496,1.2311597586143659,0.14760093378673983,4.533877904714593,1.2285246668225394,0.30900250947685465,4.884338510864039,Chi-squared approximation may be incorrect,0
Eden,E07000030,Cumbria,North West,England,Cumbria,E23000002,4,130,134,2.9850746268656714,820,52800,53620,1.5292801193584484,1.9812032252162635,0.5305678095052765,5.21503706647214,1.9519475791772842,0.7417050801331097,5.136946549122035,Chi-squared approximation may be incorrect,0
South Lakeland,E07000031,Cumbria,North West,England,Cumbria,E23000002,3,360,363,0.8264462809917356,836,101082,101918,0.8202672736906139,1.0075964238402093,0.20639923164176763,2.9783272937005187,1.0075329194511449,0.3258182283231146,3.1156101639931824,Chi-squared approximation may be incorrect,0
Amber Valley,E07000032,Derbyshire,East Midlands,England,Derbyshire,E23000018,0,467,467,0,173,122493,122666,0.14103337518138684,0,0,5.674696987733247,0,0,NA,Chi-squared approximation may be incorrect,0
Bolsover,E07000033,Derbyshire,East Midlands,England,Derbyshire,E23000018,0,190,190,0,82,77931,78013,0.10511068668042506,0,0,19.05287169748537,0,0,NA,Chi-squared approximation may be incorrect,0
Chesterfield,E07000034,Derbyshire,East Midlands,England,Derbyshire,E23000018,0,363,363,0,182,98607,98789,0.1842310378685886,0,0,5.589482358112504,0,0,NA,Chi-squared approximation may be incorrect,0
Derbyshire Dales,E07000035,Derbyshire,East Midlands,England,Derbyshire,E23000018,0,290,290,0,215,69678,69893,0.3076130656861202,0,0,4.184368920027354,0,0,NA,Chi-squared approximation may be incorrect,0
Erewash,E07000036,Derbyshire,East Midlands,England,Derbyshire,E23000018,0,518,518,0,106,107565,107671,0.09844805007847982,0,0,7.381084797026042,0,0,NA,Chi-squared approximation may be incorrect,0
High Peak,E07000037,Derbyshire,East Midlands,England,Derbyshire,E23000018,0,377,377,0,116,88466,88582,0.13095211216725744,0,0,7.620197903104705,0,0,NA,Chi-squared approximation may be incorrect,0
North East Derbyshire,E07000038,Derbyshire,East Midlands,England,Derbyshire,E23000018,0,372,372,0,73,99234,99307,0.07350942028255812,0,0,13.889183377903723,0,0,NA,Chi-squared approximation may be incorrect,0
South Derbyshire,E07000039,Derbyshire,East Midlands,England,Derbyshire,E23000018,0,616,616,0,87,99627,99714,0.08724953366628557,0,0,7.025641283589454,0,0,NA,Chi-squared approximation may be incorrect,0
East Devon,E07000040,Devon,South West,England,Devon & Cornwall,E23000035,1,623,624,0.16025641025641024,233,146411,146644,0.15888819181146177,1.008626031833788,0.025388163701670324,5.69581936181909,1.0086112028172114,0.14170375248695002,7.1790375384876866,Chi-squared approximation may be incorrect,0
Exeter,E07000041,Devon,South West,England,Devon & Cornwall,E23000035,1,1304,1305,0.07662835249042146,719,117034,117753,0.610600154560818,0.12483114977963333,0.0031571928936859877,0.6989356905008031,0.12549677873163556,0.0176672472306501,0.891448524289291,NA,0
Mid Devon,E07000042,Devon,South West,England,Devon & Cornwall,E23000035,0,319,319,0,84,80795,80879,0.10385885087599994,0,0,11.436857630126719,0,0,NA,Chi-squared approximation may be incorrect,0
North Devon,E07000043,Devon,South West,England,Devon & Cornwall,E23000035,0,417,417,0,200,95327,95527,0.2093648916013274,0,0,4.274270771797207,0,0,NA,Chi-squared approximation may be incorrect,0
Teignbridge,E07000045,Devon,South West,England,Devon & Cornwall,E23000035,0,568,568,0,203,131295,131498,0.15437497148245602,0,0,4.252549543523014,0,0,NA,Chi-squared approximation may be incorrect,0
West Devon,E07000047,Devon,South West,England,Devon & Cornwall,E23000035,0,223,223,0,60,55713,55773,0.10757893604432252,0,0,15.966956991839826,0,0,NA,Chi-squared approximation may be incorrect,0
Eastbourne,E07000061,East Sussex,South East,England,Sussex,E23000033,3,809,812,0.3694581280788177,588,91541,92129,0.638235517589467,0.5773151168121985,0.1184371962698051,1.7015761938421445,0.5788742837036291,0.18655422619495526,1.7962361034008634,NA,0
Hastings,E07000062,East Sussex,South East,England,Sussex,E23000033,3,721,724,0.4143646408839779,302,82597,82899,0.36429872495446264,1.1379995385717998,0.23281389319963258,3.370996666805712,1.1374309392265194,0.36565520760122794,3.5381668703612283,Chi-squared approximation may be incorrect,0
Lewes,E07000063,East Sussex,South East,England,Sussex,E23000033,1,794,795,0.12578616352201258,137,93797,93934,0.1458470841228948,0.8622803808860391,0.021647863710101318,4.899078089245104,0.8624523711150898,0.12077324580848776,6.158848240458281,Chi-squared approximation may be incorrect,0
Rother,E07000064,East Sussex,South East,England,Sussex,E23000033,1,567,568,0.17605633802816903,93,88685,88778,0.10475568271418594,1.6818165632393816,0.0420598853863938,9.641859419135859,1.6806375889747087,0.23467066915215615,12.036198284513091,Chi-squared approximation may be incorrect,0
Wealden,E07000065,East Sussex,South East,England,Sussex,E23000033,1,1059,1060,0.09433962264150944,159,153149,153308,0.10371278733008062,0.9095390175484457,0.022864067155146862,5.1518864143628385,0.9096238281713541,0.12746497419758535,6.491316645893013,Chi-squared approximation may be incorrect,0
Basildon,E07000066,Essex,East of England,England,Essex,E23000028,5,1138,1143,0.4374453193350831,1158,162440,163598,0.7078326140906368,0.6163297038641494,0.199358327952242,1.4466898391341037,0.618006730160457,0.2572414237415178,1.4847232337953258,NA,0
Braintree,E07000067,Essex,East of England,England,Essex,E23000028,5,875,880,0.5681818181818182,982,145771,146753,0.669151567599981,0.848246411556515,0.274116905000083,1.9939451249963123,0.8491078041103499,0.3535190020981422,2.039449248051861,NA,0
Brentwood,E07000068,Essex,East of England,England,Essex,E23000028,3,806,809,0.3708281829419036,292,67730,68022,0.4292728823027844,0.863346788944484,0.17663707839020948,2.55709325741892,0.8638518719203482,0.2775862523785964,2.688317775919616,Chi-squared approximation may be incorrect,0
Castle Point,E07000069,Essex,East of England,England,Essex,E23000028,0,419,419,0,341,84577,84918,0.40156386160766855,0,0,2.205169837127683,0,0,NA,Chi-squared approximation may be incorrect,0
Chelmsford,E07000070,Essex,East of England,England,Essex,E23000028,5,1433,1438,0.34770514603616137,911,159388,160299,0.5683129651463826,0.6104667503711957,0.1974390351526351,1.4331826332651711,0.6118198375900179,0.25443563242482503,1.4711913976092663,NA,0
Colchester,E07000071,Essex,East of England,England,Essex,E23000028,9,1650,1659,0.5424954792043399,1180,166102,167282,0.7053956791525687,0.7678067993966853,0.3496147935229436,1.4661249096978843,0.7690654979005118,0.3998755611261616,1.4791144985085865,NA,0
Epping Forest,E07000072,Essex,East of England,England,Essex,E23000028,1,1305,1306,0.0765696784073507,314,112853,113167,0.2774660457553881,0.2754187170519065,0.006948594298745832,1.5484093116681164,0.27596053491479794,0.038781113780243986,1.9636933911180285,Chi-squared approximation may be incorrect,0
Harlow,E07000073,Essex,East of England,England,Essex,E23000028,1,622,623,0.16051364365971107,668,76171,76839,0.8693501997683468,0.18333528094221938,0.004630540615194845,1.0287221796274295,0.1846363452869542,0.026011608731677068,1.3105909885307363,NA,0
Maldon,E07000074,Essex,East of England,England,Essex,E23000028,0,328,328,0,141,63768,63909,0.22062620288222315,0,0,5.1827654792544084,0,0,NA,Chi-squared approximation may be incorrect,0
Rochford,E07000075,Essex,East of England,England,Essex,E23000028,1,492,493,0.2028397565922921,301,81680,81981,0.367158243983362,0.551552006992227,0.013893061546989754,3.1110674074617313,0.5524586739266677,0.07772360770154273,3.9268710681678014,Chi-squared approximation may be incorrect,0
Tendring,E07000076,Essex,East of England,England,Essex,E23000028,0,605,605,0,751,141759,142510,0.5269805627675251,0,0,1.157304922530046,0,0,NA,Chi-squared approximation may be incorrect,0
Uttlesford,E07000077,Essex,East of England,England,Essex,E23000028,0,731,731,0,283,85825,86108,0.32865703535095464,0,0,1.5443237085246035,0,0,NA,Chi-squared approximation may be incorrect,0
Cheltenham,E07000078,Gloucestershire,South West,England,Gloucestershire,E23000037,0,1139,1139,0,326,107995,108321,0.3009573397586802,0,0,1.0807476283794568,0,0,NA,Chi-squared approximation may be incorrect,0
Cotswold,E07000079,Gloucestershire,South West,England,Gloucestershire,E23000037,0,493,493,0,60,87322,87382,0.06866402691629855,0,0,11.274194012287428,0,0,NA,Chi-squared approximation may be incorrect,0
Forest of Dean,E07000080,Gloucestershire,South West,England,Gloucestershire,E23000037,0,303,303,0,136,84567,84703,0.16056101909023293,0,0,7.72145992506993,0,0,NA,Chi-squared approximation may be incorrect,0
Gloucester,E07000081,Gloucestershire,South West,England,Gloucestershire,E23000037,8,861,869,0.9205983889528193,461,111480,111941,0.41182408590239505,2.2468644237691606,0.9611589625491325,4.484409090994396,2.2354165782595996,1.1148090441478165,4.482460296308177,Chi-squared approximation may be incorrect,0
Stroud,E07000082,Gloucestershire,South West,England,Gloucestershire,E23000037,1,785,786,0.1272264631043257,114,116402,116516,0.09784063991211507,1.3007204093901357,0.03260774227939816,7.415165187051758,1.300343734654703,0.18183369508885502,9.299122626471775,Chi-squared approximation may be incorrect,0
Tewkesbury,E07000083,Gloucestershire,South West,England,Gloucestershire,E23000037,0,531,531,0,115,89650,89765,0.12811229321004847,0,0,5.521575684183152,0,0,NA,Chi-squared approximation may be incorrect,0
Basingstoke and Deane,E07000084,Hampshire,South East,England,Hampshire,E23000030,5,1449,1454,0.34387895460797796,588,162792,163380,0.35989717223650386,0.9553389134445903,0.3085879329059532,2.2472784911152757,0.9554922381607388,0.396827095623044,2.3006630022377976,NA,0
East Hampshire,E07000085,Hampshire,South East,England,Hampshire,E23000030,1,867,868,0.1152073732718894,267,119365,119632,0.22318443225892737,0.5156420909424707,0.012994597014639354,2.90540524085722,0.5161980703843698,0.07252962202633216,3.67381547599693,Chi-squared approximation may be incorrect,0
Eastleigh,E07000086,Hampshire,South East,England,Hampshire,E23000030,2,1074,1076,0.18587360594795538,348,125440,125788,0.27665596082297195,0.6712489334375258,0.08086455113130508,2.4490388513444237,0.6718583087638337,0.16758032474023887,2.693595371381994,Chi-squared approximation may be incorrect,0
Fareham,E07000087,Hampshire,South East,England,Hampshire,E23000030,1,703,704,0.14204545454545456,275,109057,109332,0.2515274576519226,0.5641144552693884,0.014213596948804193,3.1795520479199233,0.5647314049586778,0.07937828548059638,4.017743112183506,Chi-squared approximation may be incorrect,0
Gosport,E07000088,Hampshire,South East,England,Hampshire,E23000030,0,342,342,0,390,77675,78065,0.4995836802664446,0,0,2.1700734068045895,0,0,NA,Chi-squared approximation may be incorrect,0
Hart,E07000089,Hampshire,South East,England,Hampshire,E23000030,3,916,919,0.3264417845484222,179,91449,91628,0.19535513161915574,1.6731931408069183,0.34120459770537437,4.984586249132422,1.671017197463845,0.5348629246246789,5.220587080660563,Chi-squared approximation may be incorrect,0
Havant,E07000090,Hampshire,South East,England,Hampshire,E23000030,2,555,557,0.3590664272890485,532,118477,119009,0.4470250149148384,0.8025279002990774,0.09669672445125625,2.926985907215662,0.8032356474669619,0.20086620307636127,3.212026191964185,Chi-squared approximation may be incorrect,0
New Forest,E07000091,Hampshire,South East,England,Hampshire,E23000030,3,798,801,0.37453183520599254,501,169022,169523,0.2955351191283778,1.268300806102012,0.2601201325766218,3.7413488731096987,1.2673006047829436,0.40821764694308965,3.9343003295178884,Chi-squared approximation may be incorrect,0
Rushmoor,E07000092,Hampshire,South East,England,Hampshire,E23000030,5,824,829,0.6031363088057901,461,76460,76921,0.5993161815369015,1.0064132988725665,0.3243653628459529,2.375210278521316,1.0063741433763598,0.4180109144191753,2.422876727665756,Chi-squared approximation may be incorrect,0
Test Valley,E07000093,Hampshire,South East,England,Hampshire,E23000030,1,834,835,0.11976047904191617,355,120843,121198,0.2929091239129359,0.40816832607751147,0.010295545393260441,2.2950757990962787,0.4088656489837227,0.05750342266156603,2.9071507604470654,Chi-squared approximation may be incorrect,0
Winchester,E07000094,Hampshire,South East,England,Hampshire,E23000030,7,1104,1111,0.6300630063006301,498,118346,118844,0.4190367204065834,1.5067461514986356,0.6012515346148062,3.1382520789582085,1.503598552626347,0.7147797233917389,3.162944517693037,Chi-squared approximation may be incorrect,0
Broxbourne,E07000095,Hertfordshire,East of England,England,Hertfordshire,E23000027,0,749,749,0,199,79764,79963,0.2488651001088003,0,0,1.997463492414078,0,0,NA,Chi-squared approximation may be incorrect,0
Dacorum,E07000096,Hertfordshire,East of England,England,Hertfordshire,E23000027,3,1684,1687,0.17783046828689983,397,133809,134206,0.2958138980373456,0.6004476391712632,0.12317611854012005,1.7705830348767637,0.6011565699473974,0.19325636857835407,1.8699990290068922,Chi-squared approximation may be incorrect,0
Hertsmere,E07000098,Hertfordshire,East of England,England,Hertfordshire,E23000027,0,1240,1240,0,212,82484,82696,0.25636064622230825,0,0,1.1693463218536548,0,0,NA,Chi-squared approximation may be incorrect,0
North Hertfordshire,E07000099,Hertfordshire,East of England,England,Hertfordshire,E23000027,2,1453,1455,0.13745704467353953,247,116253,116500,0.21201716738197424,0.6478475300151317,0.07794564074623074,2.3693524184109775,0.6483297856059659,0.16139534191728658,2.604359617263881,Chi-squared approximation may be incorrect,0
Three Rivers,E07000102,Hertfordshire,East of England,England,Hertfordshire,E23000027,1,1345,1346,0.07429420505200594,153,71987,72140,0.21208760742999722,0.3497926558890136,0.008796231410807345,1.9817287534251358,0.3502996047354058,0.04906615646512689,2.500905347354768,Chi-squared approximation may be incorrect,0
Watford,E07000103,Hertfordshire,East of England,England,Hertfordshire,E23000027,2,1406,1408,0.14204545454545456,310,61495,61805,0.5015775422700428,0.2821639874239532,0.03398878774813239,1.029889804544011,0.2831973973607038,0.07058239412563437,1.136271542859847,NA,0
Ashford,E07000105,Kent,South East,England,Kent,E23000032,1,897,898,0.11135857461024498,312,115819,116131,0.268662114336396,0.41385323679670905,0.010435740688653251,2.32865204121666,0.41449303295071666,0.05826793884563812,2.9485249996541616,Chi-squared approximation may be incorrect,0
Canterbury,E07000106,Kent,South East,England,Kent,E23000032,6,1402,1408,0.4261363636363636,774,139118,139892,0.5532839619134761,0.7692123750748734,0.2809331275526688,1.6861758964618891,0.7701946793516561,0.34554166124538377,1.7167245245149878,NA,0
Dartford,E07000107,Kent,South East,England,Kent,E23000032,2,978,980,0.20408163265306123,636,85833,86469,0.7355237137008639,0.27600850422837997,0.033296202984018884,1.003761733849246,0.2774643819792068,0.06934125718723158,1.1102550831928009,NA,0
Dover,E07000108,Kent,South East,England,Kent,E23000032,1,545,546,0.18315018315018314,461,109468,109929,0.41936158793403017,0.4357134265225069,0.010990255838478328,2.4498894958176067,0.436735715477581,0.06150031292998345,3.10141649833335,Chi-squared approximation may be incorrect,0
Gravesham,E07000109,Kent,South East,England,Kent,E23000032,7,784,791,0.8849557522123894,393,80829,81222,0.4838590529659452,1.8364050140103734,0.731059146840048,3.8376156302472735,1.8289535904884144,0.8690686663054463,3.8490298475273663,Chi-squared approximation may be incorrect,0
Maidstone,E07000110,Kent,South East,England,Kent,E23000032,6,1310,1316,0.4559270516717325,1207,155375,156582,0.7708421146747391,0.5895964069026723,0.21554160362112568,1.2905097831917323,0.5914661939093887,0.26568282305698077,1.3167289270433202,NA,0
Sevenoaks,E07000111,Kent,South East,England,Kent,E23000032,0,1347,1347,0,451,110022,110473,0.4082445484417007,0,0,0.6717523304642902,0,0,NA,NA,0
Folkestone and Hythe,E07000112,Kent,South East,England,Kent,E23000032,1,675,676,0.14792899408284024,477,100854,101331,0.47073452349231726,0.3132463704444431,0.007905433299082642,1.7595818226807223,0.31425142346767887,0.04424022141180076,2.232221132716133,Chi-squared approximation may be incorrect,0
Swale,E07000113,Kent,South East,England,Kent,E23000032,2,755,757,0.26420079260237783,550,140689,141239,0.3894108567746869,0.6776125923769403,0.08170544913508133,2.467993796881319,0.6784628317521316,0.1695667766107044,2.714634454165019,Chi-squared approximation may be incorrect,0
Thanet,E07000114,Kent,South East,England,Kent,E23000032,3,891,894,0.33557046979865773,1132,129022,130154,0.8697389246584815,0.38378501258799086,0.07886825193285135,1.128035161262576,0.38582896577892667,0.12448942126041407,1.1957963120628055,NA,0
Tonbridge and Malling,E07000115,Kent,South East,England,Kent,E23000032,1,1040,1041,0.09606147934678194,365,122385,122750,0.2973523421588595,0.32241616964239317,0.008135767529700664,1.8115442955997318,0.32305607095390365,0.04542793263777961,2.2973800241435485,Chi-squared approximation may be incorrect,0
Tunbridge Wells,E07000116,Kent,South East,England,Kent,E23000032,2,1283,1285,0.1556420233463035,397,104713,105110,0.3776995528493959,0.4111900980449495,0.049572092169464496,1.498127335171088,0.41207891873879,0.102813215290379,1.6516265422624183,Chi-squared approximation may be incorrect,0
Burnley,E07000117,Lancashire,North West,England,Lancashire,E23000003,1,825,826,0.12106537530266344,462,77461,77923,0.5928929840996882,0.20324083355937209,0.005131483091388203,1.1411319385015204,0.20419431254782344,0.02873701770879318,1.4509270829491792,Chi-squared approximation may be incorrect,0
Chorley,E07000118,Lancashire,North West,England,Lancashire,E23000003,0,520,520,0,294,112179,112473,0.2613960683897469,0,0,2.733492354000197,0,0,NA,Chi-squared approximation may be incorrect,0
Fylde,E07000119,Lancashire,North West,England,Lancashire,E23000003,0,396,396,0,107,78121,78228,0.13677966968348929,0,0,6.951543195895448,0,0,NA,Chi-squared approximation may be incorrect,0
Hyndburn,E07000120,Lancashire,North West,England,Lancashire,E23000003,2,571,573,0.34904013961605584,485,67369,67854,0.7147699472396616,0.486566147247389,0.05861739585686809,1.7751261773177487,0.4883251470826362,0.1220778894631768,1.95335494676296,Chi-squared approximation may be incorrect,0
Lancaster,E07000121,Lancashire,North West,England,Lancashire,E23000003,0,823,823,0,712,131952,132664,0.5366942049086414,0,0,0.8347096645012113,0,0,NA,Chi-squared approximation may be incorrect,0
Pendle,E07000122,Lancashire,North West,England,Lancashire,E23000003,0,885,885,0,152,67202,67354,0.22567330819253498,0,0,1.8692964081677306,0,0,NA,Chi-squared approximation may be incorrect,0
Preston,E07000123,Lancashire,North West,England,Lancashire,E23000003,16,1305,1321,1.2112036336109009,1853,105106,106959,1.732439532905132,0.6954441302930615,0.3954404708327961,1.1367431920261848,0.6991318372767854,0.42869158214847536,1.140179434931673,NA,0
Ribble Valley,E07000124,Lancashire,North West,England,Lancashire,E23000003,0,323,323,0,80,59154,59234,0.13505756828848298,0,0,8.691561079224922,0,0,NA,Chi-squared approximation may be incorrect,0
Rossendale,E07000125,Lancashire,North West,England,Lancashire,E23000003,0,425,425,0,93,65375,65468,0.1420541333170404,0,0,6.250652700762477,0,0,NA,Chi-squared approximation may be incorrect,0
South Ribble,E07000126,Lancashire,North West,England,Lancashire,E23000003,0,632,632,0,216,105622,105838,0.2040854891437858,0,0,2.886988166089193,0,0,NA,Chi-squared approximation may be incorrect,0
West Lancashire,E07000127,Lancashire,North West,England,Lancashire,E23000003,2,507,509,0.3929273084479371,356,113339,113695,0.3131184308896609,1.2558839578465204,0.15111192979892285,4.593285632683208,1.2548839981457363,0.3134804736929858,5.023387358870968,Chi-squared approximation may be incorrect,0
Wyre,E07000128,Lancashire,North West,England,Lancashire,E23000003,0,367,367,0,659,108378,109037,0.6043819987710594,0,0,1.666065854294237,0,0,NA,Chi-squared approximation may be incorrect,0
Blaby,E07000129,Leicestershire,East Midlands,England,Leicestershire,E23000021,0,857,857,0,138,88470,88608,0.1557421451787649,0,0,2.8026766330763855,0,0,NA,Chi-squared approximation may be incorrect,0
Charnwood,E07000130,Leicestershire,East Midlands,England,Leicestershire,E23000021,1,1720,1721,0.058105752469494475,415,150809,151224,0.27442733957572873,0.21128439579371544,0.005336524742859058,1.1852449265777811,0.21173456172161043,0.029772488270309146,1.505803754809135,Chi-squared approximation may be incorrect,0
Harborough,E07000131,Leicestershire,East Midlands,England,Leicestershire,E23000021,0,762,762,0,90,88546,88636,0.10153887810821788,0,0,4.873642625391818,0,0,NA,Chi-squared approximation may be incorrect,0
Hinckley and Bosworth,E07000132,Leicestershire,East Midlands,England,Leicestershire,E23000021,3,678,681,0.4405286343612335,262,106790,107052,0.24474087359414118,1.803425108161092,0.3686263794631071,5.351246303626848,1.7999798231159834,0.578235792971942,5.603124889541141,Chi-squared approximation may be incorrect,0
Melton,E07000133,Leicestershire,East Midlands,England,Leicestershire,E23000021,1,238,239,0.41841004184100417,164,49936,50100,0.3273453093812375,1.2793507705590035,0.032063732408176115,7.296864796668753,1.278191652209409,0.17971690861788783,9.090819068402357,Chi-squared approximation may be incorrect,0
North West Leicestershire,E07000134,Leicestershire,East Midlands,England,Leicestershire,E23000021,1,575,576,0.1736111111111111,271,99986,100257,0.2703053153395773,0.6416579660827927,0.016158557630038463,3.6194400787802308,0.6422778290282902,0.09030139136653627,4.568266373514205,Chi-squared approximation may be incorrect,0
Oadby and Wigston,E07000135,Leicestershire,East Midlands,England,Leicestershire,E23000021,2,728,730,0.273972602739726,74,36490,36564,0.2023848594245706,1.354677826002982,0.16078193078676334,5.0873245488931795,1.3537208441318032,0.3329581887788484,5.503874617284491,Chi-squared approximation may be incorrect,0
Boston,E07000136,Lincolnshire,East Midlands,England,Lincolnshire,E23000020,0,261,261,0,170,66228,66398,0.2560318081869936,0,0,5.604779861929461,0,0,NA,Chi-squared approximation may be incorrect,0
East Lindsey,E07000137,Lincolnshire,East Midlands,England,Lincolnshire,E23000020,0,455,455,0,421,138505,138926,0.303039027971726,0,0,2.6898480173495454,0,0,NA,Chi-squared approximation may be incorrect,0
Lincoln,E07000138,Lincolnshire,East Midlands,England,Lincolnshire,E23000020,2,655,657,0.30441400304414,765,94596,95361,0.8022147418756096,0.3775945331508087,0.04555082913997847,1.3740727091894775,0.37946697704957166,0.09493345038051158,1.5168013602579458,NA,0
North Kesteven,E07000139,Lincolnshire,East Midlands,England,Lincolnshire,E23000020,0,450,450,0,213,114431,114644,0.18579254038589024,0,0,4.4604350585329735,0,0,NA,Chi-squared approximation may be incorrect,0
South Holland,E07000140,Lincolnshire,East Midlands,England,Lincolnshire,E23000020,0,343,343,0,125,91157,91282,0.13693827917880852,0,0,8.003230458698736,0,0,NA,Chi-squared approximation may be incorrect,0
South Kesteven,E07000141,Lincolnshire,East Midlands,England,Lincolnshire,E23000020,0,590,590,0,354,136890,137244,0.25793477310483515,0,0,2.437991235076903,0,0,NA,Chi-squared approximation may be incorrect,0
West Lindsey,E07000142,Lincolnshire,East Midlands,England,Lincolnshire,E23000020,0,358,358,0,166,91861,92027,0.1803818444586915,0,0,5.795097742916882,0,0,NA,Chi-squared approximation may be incorrect,0
Breckland,E07000143,Norfolk,East of England,England,Norfolk,E23000024,0,482,482,0,374,135734,136108,0.27478179093073146,0,0,2.8019652760548714,0,0,NA,Chi-squared approximation may be incorrect,0
Great Yarmouth,E07000145,Norfolk,East of England,England,Norfolk,E23000024,0,374,374,0,259,93853,94112,0.27520401224073443,0,0,3.617436245810688,0,0,NA,Chi-squared approximation may be incorrect,0
King's Lynn and West Norfolk,E07000146,Norfolk,East of England,England,Norfolk,E23000024,0,526,526,0,525,146482,147007,0.3571258511499453,0,0,1.9705686087226273,0,0,NA,Chi-squared approximation may be incorrect,0
Norwich,E07000148,Norfolk,East of England,England,Norfolk,E23000024,0,1287,1287,0,528,124465,124993,0.4224236557247206,0,0,0.6790093361464299,0,0,NA,NA,0
South Norfolk,E07000149,Norfolk,East of England,England,Norfolk,E23000024,0,745,745,0,117,135135,135252,0.08650519031141869,0,0,5.8240049072154045,0,0,NA,Chi-squared approximation may be incorrect,0
Craven,E07000163,North Yorkshire,Yorkshire and The Humber,England,North Yorkshire,E23000009,0,208,208,0,2,55081,55083,0.0036308843018717212,0,0,1419.2991999445574,0,0,NA,Chi-squared approximation may be incorrect,0
Hambleton,E07000164,North Yorkshire,Yorkshire and The Humber,England,North Yorkshire,E23000009,0,283,283,0,3,88635,88638,0.0033845529005618355,0,0,752.5628220687536,0,0,NA,Chi-squared approximation may be incorrect,0
Harrogate,E07000165,North Yorkshire,Yorkshire and The Humber,England,North Yorkshire,E23000009,0,997,997,0,12,155044,155056,0.007739139407697864,0,0,55.9590988468766,0,0,NA,Chi-squared approximation may be incorrect,0
Richmondshire,E07000166,North Yorkshire,Yorkshire and The Humber,England,North Yorkshire,E23000009,1,149,150,0.6666666666666667,3,46941,46944,0.006390593047034766,104.92636476473066,1.987146439767165,1328.5829378298283,104.32,10.913218632276074,997.2000714632705,Chi-squared approximation may be incorrect,0
Ryedale,E07000167,North Yorkshire,Yorkshire and The Humber,England,North Yorkshire,E23000009,0,132,132,0,3,53614,53617,0.005595240315571554,0,0,985.4839044216371,0,0,NA,Chi-squared approximation may be incorrect,0
Scarborough,E07000168,North Yorkshire,Yorkshire and The Humber,England,North Yorkshire,E23000009,0,404,404,0,4,105260,105264,0.003799969600243198,0,0,395.2618145680961,0,0,NA,Chi-squared approximation may be incorrect,0
Selby,E07000169,North Yorkshire,Yorkshire and The Humber,England,North Yorkshire,E23000009,0,322,322,0,12,89643,89655,0.013384641124309853,0,0,100.79092891389884,0,0,NA,Chi-squared approximation may be incorrect,0
Ashfield,E07000170,Nottinghamshire,East Midlands,England,Nottinghamshire,E23000019,0,449,449,0,229,119797,120026,0.1907919950677353,0,0,4.350432479433806,0,0,NA,Chi-squared approximation may be incorrect,0
Bassetlaw,E07000171,Nottinghamshire,East Midlands,England,Nottinghamshire,E23000019,0,385,385,0,110,113308,113418,0.09698636900668324,0,0,10.084732682630404,0,0,NA,Chi-squared approximation may be incorrect,0
Broxtowe,E07000172,Nottinghamshire,East Midlands,England,Nottinghamshire,E23000019,0,803,803,0,69,98478,98547,0.07001735212639654,0,0,6.7499745520706345,0,0,NA,Chi-squared approximation may be incorrect,0
Gedling,E07000173,Nottinghamshire,East Midlands,England,Nottinghamshire,E23000019,0,859,859,0,77,104758,104835,0.07344875280202223,0,0,5.997129070437787,0,0,NA,Chi-squared approximation may be incorrect,0
Mansfield,E07000174,Nottinghamshire,East Midlands,England,Nottinghamshire,E23000019,0,345,345,0,308,104133,104441,0.29490334255704176,0,0,3.6562059438484362,0,0,NA,Chi-squared approximation may be incorrect,0
Newark and Sherwood,E07000175,Nottinghamshire,East Midlands,England,Nottinghamshire,E23000019,0,535,535,0,90,117831,117921,0.07632228356272419,0,0,9.246435000041057,0,0,NA,Chi-squared approximation may be incorrect,0
Rushcliffe,E07000176,Nottinghamshire,East Midlands,England,Nottinghamshire,E23000019,0,1226,1226,0,71,106668,106739,0.06651739289294446,0,0,4.646694332477823,0,0,NA,Chi-squared approximation may be incorrect,0
Cherwell,E07000177,Oxfordshire,South East,England,Thames Valley,E23000029,3,1435,1438,0.2086230876216968,424,140875,141299,0.3000728950664902,0.6946056427760123,0.14251576046709644,2.0479011323676186,0.6952413598551447,0.22360161183650287,2.161704222448375,Chi-squared approximation may be incorrect,0
Oxford,E07000178,Oxfordshire,South East,England,Thames Valley,E23000029,12,3185,3197,0.3753518923991242,688,113310,113998,0.6035193599887717,0.6205142863471768,0.3187069884621544,1.0925332092637476,0.6219384451993512,0.35185480859157736,1.0993381934023274,NA,0
South Oxfordshire,E07000179,Oxfordshire,South East,England,Thames Valley,E23000029,5,1284,1289,0.3878975950349108,282,138259,138541,0.20354985166845915,1.9091893581121007,0.614093825563652,4.5196671284600365,1.9056638550968643,0.788418600549701,4.606125129583004,Chi-squared approximation may be incorrect,0
Vale of White Horse,E07000180,Oxfordshire,South East,England,Thames Valley,E23000029,1,1265,1266,0.07898894154818326,333,125521,125854,0.2645923053697141,0.2979879383784845,0.0075189128230546375,1.6746750234601293,0.2985307582463981,0.04196135815792464,2.123873428590119,Chi-squared approximation may be incorrect,0
West Oxfordshire,E07000181,Oxfordshire,South East,England,Thames Valley,E23000029,2,816,818,0.24449877750611246,244,108237,108481,0.22492418027119956,1.0872380587636319,0.13069330660149345,3.981954470817562,1.0870275361737944,0.2707866316538438,4.363689806927353,Chi-squared approximation may be incorrect,0
Mendip,E07000187,Somerset,South West,England,Avon and Somerset,E23000036,1,642,643,0.15552099533437014,140,111884,112024,0.12497322002428052,1.2448099293741992,0.031247213459251837,7.074612072725072,1.2444345700955344,0.17434099425909402,8.882692253936588,Chi-squared approximation may be incorrect,0
Sedgemoor,E07000188,Somerset,South West,England,Avon and Somerset,E23000036,1,492,493,0.2028397565922921,278,120494,120772,0.23018580465670851,0.8809595110035798,0.022180470157306276,4.9717669184102045,0.8812001109051906,0.1239393266518391,6.265272342818539,Chi-squared approximation may be incorrect,0
South Somerset,E07000189,Somerset,South West,England,Avon and Somerset,E23000036,1,601,602,0.16611295681063123,158,166333,166491,0.09490002462595576,1.7516374321270365,0.04400018306560529,9.939151736853528,1.7503995121746079,0.24544478334522463,12.483045719947732,Chi-squared approximation may be incorrect,0
Cannock Chase,E07000192,Staffordshire,West Midlands,England,Staffordshire,E23000015,0,346,346,0,4,97064,97068,0.004120822516174228,0,0,425.09917409027054,0,0,NA,Chi-squared approximation may be incorrect,0
East Staffordshire,E07000193,Staffordshire,West Midlands,England,Staffordshire,E23000015,0,867,867,0,1,106734,106735,9.368997985665433e-4,0,0,4466.2441270976215,0,0,NA,Chi-squared approximation may be incorrect,0
Lichfield,E07000194,Staffordshire,West Midlands,England,Staffordshire,E23000015,1,607,608,0.1644736842105263,1,100845,100846,9.916109711837853e-4,165.811132963821,2.113024886698754,11411.549026890889,165.86513157894737,10.386575772382038,2648.7306766541938,Chi-squared approximation may be incorrect,0
South Staffordshire,E07000196,Staffordshire,West Midlands,England,Staffordshire,E23000015,0,615,615,0,26,103323,103349,0.025157476124587564,0,0,25.68659670487102,0,0,NA,Chi-squared approximation may be incorrect,0
Stafford,E07000197,Staffordshire,West Midlands,England,Staffordshire,E23000015,0,677,677,0,21,127602,127623,0.01645471427563997,0,0,36.294118709225316,0,0,NA,Chi-squared approximation may be incorrect,0
Tamworth,E07000199,Staffordshire,West Midlands,England,Staffordshire,E23000015,0,369,369,0,3,75179,75182,0.0039903168311563935,0,0,492.24363057438813,0,0,NA,Chi-squared approximation may be incorrect,0
Babergh,E07000200,Suffolk,East of England,England,Suffolk,E23000025,0,382,382,0,123,89080,89203,0.13788773920159636,0,0,7.133508492085668,0,0,NA,Chi-squared approximation may be incorrect,0
Ipswich,E07000202,Suffolk,East of England,England,Suffolk,E23000025,1,819,820,0.12195121951219512,557,116181,116738,0.47713683633435555,0.25468907082638054,0.006431885746770939,1.4288626199062606,0.25558961334676183,0.0359832402387243,1.8154576968987044,Chi-squared approximation may be incorrect,0
Mid Suffolk,E07000203,Suffolk,East of England,England,Suffolk,E23000025,0,365,365,0,114,99229,99343,0.11475393334205732,0,0,8.985887517376913,0,0,NA,Chi-squared approximation may be incorrect,0
Elmbridge,E07000207,Surrey,South East,England,Surrey,E23000031,3,2369,2372,0.12647554806070826,240,118934,119174,0.2013862084011613,0.6275552505997495,0.12841897692430965,1.8584031912262293,0.6280248735244519,0.20127439715148218,1.959589730970904,Chi-squared approximation may be incorrect,0
Epsom and Ewell,E07000208,Surrey,South East,England,Surrey,E23000031,1,1415,1416,0.07062146892655367,179,63913,64092,0.27928602633714034,0.25236853010817456,0.006352246855472915,1.4263749813906386,0.252864312091658,0.03545014831221374,1.80366975524212,Chi-squared approximation may be incorrect,0
Guildford,E07000209,Surrey,South East,England,Surrey,E23000031,8,1765,1773,0.4512126339537508,418,123668,124086,0.33686314330383765,1.3409866840573286,0.5742268367155867,2.672705992449109,1.3394538492053856,0.6664986541623782,2.6918833263150455,NA,0
Mole Valley,E07000210,Surrey,South East,England,Surrey,E23000031,0,878,878,0,98,80796,80894,0.12114619131208743,0,0,3.5372802844229834,0,0,NA,Chi-squared approximation may be incorrect,0
Reigate and Banstead,E07000211,Surrey,South East,England,Surrey,E23000031,4,1891,1895,0.21108179419525064,437,126474,126911,0.34433579437558604,0.6121944549944337,0.16585882974806657,1.5813064797103624,0.6130114778744498,0.22928650836312328,1.638923609978332,NA,0
Runnymede,E07000212,Surrey,South East,England,Surrey,E23000031,15,1177,1192,1.2583892617449663,1072,71927,72999,1.4685132673050316,0.8550916035365761,0.4753487564169292,1.4226487347315273,0.8569137846839627,0.516446882738403,1.4218330266373977,NA,0
Spelthorne,E07000213,Surrey,South East,England,Surrey,E23000031,1,1488,1489,0.0671591672263264,381,80128,80509,0.47323901675589064,0.14134798197913273,0.0035702508407914365,0.7934637565502719,0.14191384236809218,0.019952516100091803,1.0093733820158677,NA,0
Surrey Heath,E07000214,Surrey,South East,England,Surrey,E23000031,1,962,963,0.10384215991692627,104,76501,76605,0.13576137327850663,0.7646452215744701,0.01915732957205007,4.365316244173656,0.7648873711957824,0.10684615821523631,5.475654907837069,Chi-squared approximation may be incorrect,0
Tandridge,E07000215,Surrey,South East,England,Surrey,E23000031,1,1136,1137,0.08795074758135445,84,78127,78211,0.10740177212924013,0.8187371286538286,0.020469948381546154,4.696990088943065,0.8188947522720611,0.11411755620305272,5.876296668196454,Chi-squared approximation may be incorrect,0
Waverley,E07000216,Surrey,South East,England,Surrey,E23000031,0,1324,1324,0,87,119661,119748,0.07265257039783546,0,0,3.9199005430474516,0,0,NA,Chi-squared approximation may be incorrect,0
Woking,E07000217,Surrey,South East,England,Surrey,E23000031,6,1464,1470,0.40816326530612246,217,80920,81137,0.26744888275386075,1.528248972714674,0.5538214961845741,3.3889557473352077,1.5261356155365373,0.6792554288470287,3.4288867163895818,Chi-squared approximation may be incorrect,0
North Warwickshire,E07000218,Warwickshire,West Midlands,England,Warwickshire,E23000017,0,268,268,0,1,62439,62440,0.0016015374759769379,0,0,7956.864213072545,0,0,NA,Chi-squared approximation may be incorrect,0
Nuneaton and Bedworth,E07000219,Warwickshire,West Midlands,England,Warwickshire,E23000017,0,694,694,0,5,116712,116717,0.00428386610348107,0,0,183.9780551134423,0,0,NA,Chi-squared approximation may be incorrect,0
Rugby,E07000220,Warwickshire,West Midlands,England,Warwickshire,E23000017,0,987,987,0,5,97728,97733,0.005115979249588164,0,0,108.0544763812879,0,0,NA,Chi-squared approximation may be incorrect,0
Stratford-on-Avon,E07000221,Warwickshire,West Midlands,England,Warwickshire,E23000017,0,922,922,0,14,128418,128432,0.010900710103401021,0,0,42.05717508580433,0,0,NA,Chi-squared approximation may be incorrect,0
Warwick,E07000222,Warwickshire,West Midlands,England,Warwickshire,E23000017,0,1745,1745,0,15,125297,125312,0.011970122574055159,0,0,20.03819450208207,0,0,NA,Chi-squared approximation may be incorrect,0
Adur,E07000223,West Sussex,South East,England,Sussex,E23000033,3,532,535,0.5607476635514018,86,60050,60136,0.14300917919382733,3.937354937072064,0.7938618553748958,11.959653925555857,3.921060638991523,1.244034190184987,12.358757223836749,Chi-squared approximation may be incorrect,0
Arun,E07000224,West Sussex,South East,England,Sussex,E23000033,0,784,784,0,432,157195,157627,0.2740647224143072,0,0,1.7234573525839596,0,0,NA,Chi-squared approximation may be incorrect,0
Chichester,E07000225,West Sussex,South East,England,Sussex,E23000033,1,719,720,0.1388888888888889,257,117760,118017,0.21776523721158814,0.637289990657555,0.016050905841855836,3.593489940903609,0.6377918287937744,0.08962243778525085,4.53880107402134,Chi-squared approximation may be incorrect,0
Crawley,E07000226,West Sussex,South East,England,Sussex,E23000033,10,1281,1291,0.774593338497289,459,86040,86499,0.5306419727395693,1.4632770189527902,0.6953116510703046,2.724558726773322,1.4597287404504793,0.7820435911910323,2.724666527158642,NA,0
Horsham,E07000227,West Sussex,South East,England,Sussex,E23000033,2,1158,1160,0.1724137931034483,190,136919,137109,0.13857587758644582,1.244600227247044,0.14947833166176816,4.568089740058266,1.2441833030852996,0.309282385711537,5.0051091274238795,Chi-squared approximation may be incorrect,0
Mid Sussex,E07000228,West Sussex,South East,England,Sussex,E23000033,1,1596,1597,0.06261740763932373,187,140212,140399,0.1331918318506542,0.469817965031128,0.011827135041863855,2.653512986710905,0.47012948744135896,0.06591919563758666,3.3529191736048714,Chi-squared approximation may be incorrect,0
Worthing,E07000229,West Sussex,South East,England,Sussex,E23000033,5,976,981,0.509683995922528,511,100922,101433,0.5037808208374001,1.011779520435937,0.32638275757194024,2.3846867769758067,1.0117177447829704,0.4202508497805625,2.435623379805673,Chi-squared approximation may be incorrect,0
Bromsgrove,E07000234,Worcestershire,West Midlands,England,West Mercia,E23000016,4,779,783,0.5108556832694764,179,92036,92215,0.19411158705199805,2.6400593020960486,0.7097946807375665,6.904462646862016,2.6317629515471936,0.9794958710612782,7.071164297642136,Chi-squared approximation may be incorrect,0
Malvern Hills,E07000235,Worcestershire,West Midlands,England,West Mercia,E23000016,1,469,470,0.2127659574468085,91,76479,76570,0.11884550084889642,1.7918861637358907,0.04478719978364721,10.28526512711796,1.7902735562310033,0.25001168527837014,12.819718416646708,Chi-squared approximation may be incorrect,0
Redditch,E07000236,Worcestershire,West Midlands,England,West Mercia,E23000016,4,494,498,0.8032128514056224,239,77824,78063,0.306162970933733,2.6365390505972917,0.7097459697064055,6.880974842435587,2.6234813731915105,0.9804824195426252,7.019661320081019,Chi-squared approximation may be incorrect,0
Worcester,E07000237,Worcestershire,West Midlands,England,West Mercia,E23000016,0,716,716,0,313,92938,93251,0.3356532369626063,0,0,1.5428199878506508,0,0,NA,Chi-squared approximation may be incorrect,0
Wychavon,E07000238,Worcestershire,West Midlands,England,West Mercia,E23000016,1,545,546,0.18315018315018314,207,127333,127540,0.1623020228947781,1.128686144856712,0.028388817230316814,6.385954753809661,1.1284528675833023,0.15849282824590985,8.034470003786055,Chi-squared approximation may be incorrect,0
Wyre Forest,E07000239,Worcestershire,West Midlands,England,West Mercia,E23000016,1,466,467,0.21413276231263384,207,96716,96923,0.21357159807269688,1.0026332327013225,0.025210533262164533,5.675873663527649,1.002627522783933,0.14086352144186906,7.136424953416299,Chi-squared approximation may be incorrect,0
St Albans,E07000240,Hertfordshire,East of England,England,Hertfordshire,E23000027,4,2552,2556,0.1564945226917058,214,123360,123574,0.17317558709760952,0.9035250659854128,0.2437661742650091,2.350156768862055,0.9036754274348062,0.33634846325678247,2.4279262947784925,Chi-squared approximation may be incorrect,0
Welwyn Hatfield,E07000241,Hertfordshire,East of England,England,Hertfordshire,E23000027,1,1352,1353,0.07390983000739099,257,93510,93767,0.2740836328345793,0.2691390532657343,0.006785593681676344,1.5154448166268948,0.26966159650984556,0.037868811230373785,1.9202445038441995,Chi-squared approximation may be incorrect,0
East Hertfordshire,E07000242,Hertfordshire,East of England,England,Hertfordshire,E23000027,2,1425,1427,0.1401541695865452,294,137865,138159,0.2127982976136191,0.6581468997849718,0.07925375402494228,2.4030980526195918,0.6586244869356291,0.16410755107190092,2.643304418095696,Chi-squared approximation may be incorrect,0
Stevenage,E07000243,Hertfordshire,East of England,England,Hertfordshire,E23000027,0,769,769,0,506,73425,73931,0.6844219610177057,0,0,0.700318671965312,0,0,NA,NA,0
East Suffolk,E07000244,Suffolk,East of England,England,Suffolk,E23000025,0,1072,1072,0,516,235888,236404,0.2182704184362363,0,0,1.5814815390199484,0,0,NA,Chi-squared approximation may be incorrect,0
West Suffolk,E07000245,Suffolk,East of England,England,Suffolk,E23000025,0,1169,1169,0,505,164188,164693,0.30663112579162444,0,0,1.0313422001724915,0,0,NA,Chi-squared approximation may be incorrect,0
Somerset West and Taunton,E07000246,Somerset,South West,England,Avon and Somerset,E23000036,1,709,710,0.14084507042253522,258,149989,150247,0.1717172389465347,0.8199624880809521,0.02065169803785174,4.624411157450509,0.8202150889835136,0.11526023740928827,5.836815950736704,Chi-squared approximation may be incorrect,0
Bolton,E08000001,Greater Manchester,North West,England,Greater Manchester,E23000005,1,2337,2338,0.0427715996578272,6,212043,212049,0.002829534683021377,15.124354954812926,0.3286208759189729,124.5518938654828,15.116124893071,1.8205731400494816,125.50840543363735,Chi-squared approximation may be incorrect,0
Bury,E08000002,Greater Manchester,North West,England,Greater Manchester,E23000005,0,1670,1670,0,2,160448,160450,0.0012464942349641633,0,0,506.84959613459444,0,0,NA,Chi-squared approximation may be incorrect,0
Manchester,E08000003,Greater Manchester,North West,England,Greater Manchester,E23000005,6,6143,6149,0.09757684176288828,485,311667,312152,0.15537302339885697,0.6276535694676866,0.22911120711234828,1.3769149780894385,0.6280166249478165,0.28086559406285616,1.4042477595977128,NA,0
Oldham,E08000004,Greater Manchester,North West,England,Greater Manchester,E23000005,0,1829,1829,0,10,164161,164171,0.006091209775173447,0,0,40.02872385866573,0,0,NA,Chi-squared approximation may be incorrect,0
Rochdale,E08000005,Greater Manchester,North West,England,Greater Manchester,E23000005,0,1736,1736,0,8,165120,165128,0.004844726515188218,0,0,55.76968443641136,0,0,NA,Chi-squared approximation may be incorrect,0
Salford,E08000006,Greater Manchester,North West,England,Greater Manchester,E23000005,0,1844,1844,0,11,221427,221438,0.004967530414833949,0,0,47.89366812269718,0,0,NA,Chi-squared approximation may be incorrect,0
Stockport,E08000007,Greater Manchester,North West,England,Greater Manchester,E23000005,0,2359,2359,0,44,257264,257308,0.017100129028246307,0,0,9.545460531616321,0,0,NA,Chi-squared approximation may be incorrect,0
Tameside,E08000008,Greater Manchester,North West,England,Greater Manchester,E23000005,0,1344,1344,0,1,197463,197464,5.064214236519062e-4,0,0,5259.202785889761,0,0,NA,Chi-squared approximation may be incorrect,0
Trafford,E08000009,Greater Manchester,North West,England,Greater Manchester,E23000005,0,2443,2443,0,7,182574,182581,0.0038339148104129125,0,0,51.79745996290796,0,0,NA,Chi-squared approximation may be incorrect,0
Wigan,E08000010,Greater Manchester,North West,England,Greater Manchester,E23000005,0,1293,1293,0,61,312353,312414,0.019525373382754934,0,0,15.077645126748799,0,0,NA,Chi-squared approximation may be incorrect,0
Knowsley,E08000011,Merseyside,North West,England,Merseyside,E23000004,8,569,577,1.386481802426343,6421,140677,147098,4.365117132795823,0.3080351318257367,0.13228158564623937,0.6115003766047149,0.3176276283652238,0.15954608206734164,0.6323396287370688,NA,0
Liverpool,E08000012,Merseyside,North West,England,Merseyside,E23000004,90,3572,3662,2.457673402512288,20329,386444,406773,4.9976276694864215,0.4789632274888009,0.3839524637210798,0.5907338999120221,0.49176800775253626,0.40082456892023605,0.6033456833755713,NA,0
St. Helens,E08000013,Merseyside,North West,England,Merseyside,E23000004,12,585,597,2.0100502512562812,4726,171950,176676,2.674953021349815,0.746335241412028,0.3831386260382994,1.3149455385968263,0.7514338514408693,0.42888968981349207,1.316545597859451,NA,0
Sefton,E08000014,Merseyside,North West,England,Merseyside,E23000004,11,1214,1225,0.8979591836734694,4476,262797,267273,1.6746921686814606,0.5319914760153487,0.26468601677119813,0.9562093288741761,0.5361935766263609,0.29752145128121854,0.9663288155435206,NA,0
Wirral,E08000015,Merseyside,North West,England,Merseyside,E23000004,5,1600,1605,0.3115264797507788,4687,299831,304518,1.5391536789286677,0.19992319109414938,0.06478622131019335,0.46781870692642513,0.20240115331928238,0.08432130235170084,0.4858348450799196,NA,0
Barnsley,E08000016,South Yorkshire,Yorkshire and The Humber,England,South Yorkshire,E23000011,0,605,605,0,12,236379,236391,0.005076335393479447,0,0,141.17403443826646,0,0,NA,Chi-squared approximation may be incorrect,0
Doncaster,E08000017,South Yorkshire,Yorkshire and The Humber,England,South Yorkshire,E23000011,1,1196,1197,0.0835421888053467,60,285352,285412,0.021022241531540368,3.976436743966109,0.09896410107732644,23.065298687567477,3.973990531885269,0.5512078986376161,28.650897032766203,Chi-squared approximation may be incorrect,0
Rotherham,E08000018,South Yorkshire,Yorkshire and The Humber,England,South Yorkshire,E23000011,0,1300,1300,0,5,241023,241028,0.0020744477820004315,0,0,202.41709040290058,0,0,NA,Chi-squared approximation may be incorrect,0
Sheffield,E08000019,South Yorkshire,Yorkshire and The Humber,England,South Yorkshire,E23000011,1,5213,5214,0.019179133103183737,98,437321,437419,0.02240414796796664,0.8560254177404973,0.021452417228942727,4.884291528824371,0.8560527778430129,0.11941237618501716,6.136938078489453,Chi-squared approximation may be incorrect,0
Newcastle upon Tyne,E08000021,Tyne and Wear,North East,England,Northumbria,E23000007,13,2587,2600,0.5,3226,235413,238639,1.3518326845151043,0.36669310859350845,0.19479418063349743,0.62911997324473945,0.36986825790452577,0.2148261865959448,0.6368056444749607,NA,0
North Tyneside,E08000022,Tyne and Wear,North East,England,Northumbria,E23000007,0,1013,1013,0,1051,196989,198040,0.5307008685114118,0,0,0.6849845852220231,0,0,NA,NA,0
South Tyneside,E08000023,Tyne and Wear,North East,England,Northumbria,E23000007,3,652,655,0.45801526717557256,623,138758,139381,0.44697627366714254,1.024818523644816,0.2102213914874833,3.022265627458127,1.0246970458137798,0.33044678299975083,3.1775283940357792,Chi-squared approximation may be incorrect,0
Sunderland,E08000024,Tyne and Wear,North East,England,Northumbria,E23000007,0,897,897,0,1902,257135,259037,0.734258040357169,0,0,0.5576655762138414,0,0,NA,NA,0
Birmingham,E08000025,West Midlands,West Midlands,England,West Midlands,E23000014,158,12972,13130,1.2033511043412033,3738,550351,554089,0.6746208641572022,1.7932533822814298,1.518141592917143,2.105307555192062,1.7837442751560004,1.5226778867305168,2.0895710556246554,NA,0
Coventry,E08000026,West Midlands,West Midlands,England,West Midlands,E23000014,35,3147,3182,1.0999371464487744,2119,222717,224836,0.9424647298475333,1.1689414860344443,0.8104663727093856,1.6344474440211032,1.1670857397779928,0.8372173183732153,1.6269242096422467,NA,0
Dudley,E08000027,West Midlands,West Midlands,England,West Midlands,E23000014,27,2227,2254,1.1978704525288377,1292,272682,273974,0.4715775949542657,2.5587785770831415,1.675823030912224,3.7507018236108203,2.540134360380308,1.7390897511031662,3.710149269002226,NA,0
Sandwell,E08000028,West Midlands,West Midlands,England,West Midlands,E23000014,18,3256,3274,0.5497861942577886,764,194161,194925,0.3919456201102988,1.4049073143021382,0.827092785825534,2.2392344853060475,1.4027103915667467,0.8801227578287841,2.2355931886857365,NA,0
Solihull,E08000029,West Midlands,West Midlands,England,West Midlands,E23000014,12,2061,2073,0.5788712011577424,664,176873,177537,0.3740065451145395,1.5509117547291775,0.7960061487617142,2.733340557291478,1.5477568740955137,0.8759629084990076,2.7347634449668363,NA,0
Walsall,E08000030,West Midlands,West Midlands,England,West Midlands,E23000014,10,2376,2386,0.4191114836546521,899,201249,202148,0.44472366780774486,0.9421666369560073,0.44963632802911363,1.7437608612068987,0.9424087674952237,0.5059889099964552,1.755244566640974,NA,0
Wolverhampton,E08000031,West Midlands,West Midlands,England,West Midlands,E23000014,21,2552,2573,0.8161678973960357,1060,157941,159001,0.6666624738209194,1.2261009903989566,0.7544365894832091,1.8880418292081773,1.2242595457911989,0.7962683932604422,1.882294271814257,NA,0
Bradford,E08000032,West Yorkshire,Yorkshire and The Humber,England,West Yorkshire,E23000010,89,6369,6458,1.3781356457107463,1965,329607,331572,0.5926314646592595,2.3439404972186804,1.8710157527620779,2.904192975878384,2.3254513604051072,1.8831349354071782,2.871660404112617,NA,0
Calderdale,E08000033,West Yorkshire,Yorkshire and The Humber,England,West Yorkshire,E23000010,15,1443,1458,1.02880658436214,745,176708,177453,0.41982947597391984,2.465590689248158,1.369383286117711,4.1065013719293715,2.450534427044494,1.473707920077185,4.074836605218062,NA,0
Kirklees,E08000034,West Yorkshire,Yorkshire and The Humber,England,West Yorkshire,E23000010,42,3938,3980,1.0552763819095476,1201,317286,318487,0.37709545444555037,2.8175560117330525,2.0167911980961124,3.839439880003214,2.7984330478370203,2.0605650226108336,3.8005243403112114,NA,0
Leeds,E08000035,West Yorkshire,Yorkshire and The Humber,England,West Yorkshire,E23000010,88,7322,7410,1.1875843454790824,3581,635732,639313,0.5601325172489844,2.133660757794947,1.7047276258472865,2.639921110092382,2.1201846150831294,1.7181742305229448,2.616255512496565,NA,0
Wakefield,E08000036,West Yorkshire,Yorkshire and The Humber,England,West Yorkshire,E23000010,13,1695,1708,0.7611241217798594,1353,326881,328234,0.41220592625992436,1.8529970077695734,0.9819982264146052,3.1879072364639067,1.846465742707246,1.0715920429801984,3.18165458704738,NA,0
Gateshead,E08000037,Tyne and Wear,North East,England,Northumbria,E23000007,1,871,872,0.11467889908256881,1074,182044,183118,0.5865070610207626,0.1946093064248366,0.004920157169134133,1.0894706379091117,0.1955285907095143,0.027548810660827743,1.3877706103374865,NA,0
City of London,E09000001,Inner London,London,England,"London, City of",E23000034,7,172,179,3.910614525139665,521,5375,5896,8.836499321573948,0.4199083325175774,0.16544238774694828,0.8905950799414681,0.4425524614246346,0.21310351048347587,0.9190495298208107,NA,0
Barking and Dagenham,E09000002,Outer London,London,England,Metropolitan Police,E23000001,2,1548,1550,0.12903225806451613,1281,95952,97233,1.3174539508191663,0.09678344252053028,0.0116837703359534,0.35089981032632456,0.0979406209866284,0.024490470091920333,0.39167746487687943,NA,0
Barnet,E09000003,Outer London,London,England,Metropolitan Police,E23000001,6,6026,6032,0.09946949602122016,601,222428,223029,0.26947168305467,0.3685007085788687,0.1346357716757621,0.807268867488554,0.36912782409511996,0.16524242787599563,0.8245784830966606,NA,0
Bexley,E09000004,Outer London,London,England,Metropolitan Police,E23000001,2,2177,2179,0.09178522257916476,958,175284,176242,0.5435707720066727,0.16810079621224816,0.020317990610655368,0.6096038390566978,0.1688560667828513,0.042196627956766236,0.6757026016056996,NA,0
Brent,E09000005,Outer London,London,England,Metropolitan Police,E23000001,7,3600,3607,0.19406709176601053,600,114344,114944,0.5219933184855234,0.370561271185806,0.14824530917390974,0.7690352398355109,0.3717807965992052,0.17660866313499157,0.7826397542814184,NA,0
Bromley,E09000006,Outer London,London,England,Metropolitan Police,E23000001,5,4742,4747,0.10532968190436064,1484,249682,251166,0.5908443021746574,0.17741995543722394,0.05749417447902995,0.415226816045995,0.1782697768543844,0.07412625305695476,0.4287295260330213,NA,0
Camden,E09000007,Inner London,London,England,Metropolitan Police,E23000001,11,4232,4243,0.2592505302851756,2177,121781,123958,1.756240016779877,0.14539115067640163,0.07239480453453974,0.2609331670795626,0.14761679941704087,0.08169297536569582,0.2667392070442467,NA,0
Croydon,E09000008,Outer London,London,England,Metropolitan Police,E23000001,9,5731,5740,0.156794425087108,1055,186598,187653,0.5622079050161735,0.27775909580789837,0.12657312983202898,0.5296765177824121,0.27889046683290125,0.14478398166813458,0.5372133822687384,NA,0
Ealing,E09000009,Outer London,London,England,Metropolitan Police,E23000001,11,5434,5445,0.20202020202020202,690,156095,156785,0.4400931211531715,0.457946171774194,0.22739587734238992,0.8252192703821675,0.4590396720831504,0.2531814705461093,0.8322782077680936,NA,0
Enfield,E09000010,Outer London,London,England,Metropolitan Police,E23000001,5,3813,3818,0.13095861707700368,700,169689,170389,0.41082464243583805,0.31786517976666484,0.10285209803745694,0.746027805081427,0.31877011150190826,0.13234441019681492,0.7678026131653313,NA,0
Greenwich,E09000011,Outer London,London,England,Metropolitan Police,E23000001,13,3478,3491,0.3723861357777141,1536,158203,159739,0.9615685587113979,0.38498068536084945,0.20430173921938125,0.6611976971249323,0.3872694592642987,0.22458626317135028,0.6677952246991856,NA,0
Hackney,E09000012,Inner London,London,England,Metropolitan Police,E23000001,9,3682,3691,0.2438363587103766,698,135898,136596,0.5109959296026239,0.47590253378221925,0.2165155063264198,0.9096319286783816,0.4771786712665129,0.24744405568952907,0.9202059175645422,NA,0
Hammersmith and Fulham,E09000013,Inner London,London,England,Metropolitan Police,E23000001,3,3139,3142,0.09548058561425843,571,113530,114101,0.5004338261715497,0.18999355379002833,0.03905228247384057,0.558662931084516,0.19079562695573557,0.0613872487506477,0.5930054206094081,NA,0
Haringey,E09000014,Inner London,London,England,Metropolitan Police,E23000001,7,3908,3915,0.17879948914431673,1174,147168,148342,0.7914144342128325,0.22452381235067778,0.09003414994936068,0.4645516885138363,0.22592396779085377,0.10754125885726472,0.47462378406885014,NA,0
Harrow,E09000015,Outer London,London,England,Metropolitan Police,E23000001,6,3134,3140,0.1910828025477707,440,93193,93633,0.469919793235291,0.40549509143767987,0.14786004111354228,0.8907248122397341,0.40662854661262304,0.1818343695600598,0.9093263023945548,NA,0
Havering,E09000016,Outer London,London,England,Metropolitan Police,E23000001,9,2335,2344,0.3839590443686007,1713,194909,196622,0.8712148182807621,0.4385474125581202,0.1999268902089938,0.83594213820739,0.44071684309307063,0.22920902370492424,0.8473982945626476,NA,0
Hillingdon,E09000017,Outer London,London,England,Metropolitan Police,E23000001,6,4195,4201,0.14282313734825042,607,145610,146217,0.415136406847357,0.3431023818794649,0.1253464194376209,0.7517978429656026,0.3440390555790631,0.15404480286682914,0.7683665372733003,NA,0
Hounslow,E09000018,Outer London,London,England,Metropolitan Police,E23000001,5,4123,4128,0.12112403100775193,674,125133,125807,0.5357412544611985,0.2251456582722502,0.07282709122261087,0.5284659698551973,0.22608680962896513,0.0938499954385367,0.5446483534640106,NA,0
Islington,E09000019,Inner London,London,England,Metropolitan Police,E23000001,9,3741,3750,0.24,1292,132396,133688,0.9664292980671414,0.24652990028419527,0.11235493530778884,0.46999332235416663,0.24833684210526316,0.12902379651085394,0.4779830451015012,NA,0
Kensington and Chelsea,E09000020,Inner London,London,England,Metropolitan Police,E23000001,10,3037,3047,0.32819166393173616,529,89732,90261,0.5860781511394733,0.5585300375406821,0.26601509809563756,1.0367721855228356,0.5599793530839781,0.2998602679499534,1.045743332466729,NA,0
Kingston upon Thames,E09000021,Outer London,London,England,Metropolitan Police,E23000001,11,3529,3540,0.3107344632768362,713,113612,114325,0.6236606166630221,0.49667838943609566,0.2465697275181156,0.8952321923996965,0.49824288238603504,0.27493516670507445,0.9029254890286192,NA,0
Lambeth,E09000022,Inner London,London,England,Metropolitan Police,E23000001,12,4529,4541,0.26425897379431845,815,172280,173095,0.4708397122967157,0.5600877872566781,0.2879919761785133,0.9847280506875015,0.5612503934837736,0.3176614719086962,0.9916279814891437,NA,0
Lewisham,E09000023,Inner London,London,England,Metropolitan Police,E23000001,6,4353,4359,0.13764624913971094,983,152617,153600,0.6399739583333334,0.21398278175966104,0.07829579679829111,0.4678277311366435,0.2150810159497416,0.0964465887751412,0.47964209008806674,NA,0
Merton,E09000024,Outer London,London,England,Metropolitan Police,E23000001,2,3754,3756,0.05324813631522897,412,128198,128610,0.3203483399424617,0.16580036951471364,0.020006191473584754,0.6030752360578175,0.1662194857160582,0.041447369404379465,0.6666024365056935,NA,0
Newham,E09000025,Inner London,London,England,Metropolitan Police,E23000001,8,3316,3324,0.24067388688327318,1589,103663,105252,1.5097100292631018,0.15737615394571153,0.0677721872344013,0.31125518637013866,0.15941729353202183,0.0796537999116901,0.319054125543922,NA,0
Redbridge,E09000026,Outer London,London,England,Metropolitan Police,E23000001,6,3571,3577,0.16773832820799553,770,105915,106685,0.7217509490556311,0.23111666829886374,0.0844944956058877,0.5058921761525567,0.2324047213619481,0.10415791496944049,0.5185583306575561,NA,0
Richmond upon Thames,E09000027,Outer London,London,England,Metropolitan Police,E23000001,6,4232,4238,0.14157621519584712,384,156242,156626,0.2451700228569969,0.5768624831822827,0.21026225092819736,1.2682221925988808,0.5774613614912695,0.257969170408926,1.292641378373842,NA,0
Southwark,E09000028,Inner London,London,England,Metropolitan Police,E23000001,11,4642,4653,0.2364066193853428,1329,155156,156485,0.849282678851008,0.27665157418663905,0.13766784658723144,0.4970940125291354,0.2783603448797244,0.15389049660354076,0.5035040064961122,NA,0
Sutton,E09000029,Outer London,London,England,Metropolitan Police,E23000001,2,3066,3068,0.0651890482398957,491,142203,142694,0.3440929541536435,0.18894218905876425,0.022805241240095458,0.6866921165428144,0.18945185436952497,0.047269815214878136,0.7593007284012974,NA,0
Tower Hamlets,E09000030,Inner London,London,England,Metropolitan Police,E23000001,13,4361,4374,0.2972107910379515,1425,118506,119931,1.188183205343072,0.24790510085648623,0.13155695707977513,0.4257469363746307,0.250138858806825,0.14500673392558114,0.43149340028092764,NA,0
Waltham Forest,E09000031,Outer London,London,England,Metropolitan Police,E23000001,3,3872,3875,0.07741935483870968,1030,144399,145429,0.7082493862984687,0.10863353642679109,0.022331332377547263,0.31857186828179473,0.10931086752270591,0.035212899643318765,0.33933205954635776,NA,0
Wandsworth,E09000032,Inner London,London,England,Metropolitan Police,E23000001,4,5772,5776,0.06925207756232687,721,219519,220240,0.3273701416636397,0.21102540211415868,0.05729690362046417,0.5428937622700756,0.21154060419316045,0.07920723618498658,0.5649664017804656,NA,0
Westminster,E09000033,Inner London,London,England,Metropolitan Police,E23000001,30,3688,3718,0.8068854222700376,2792,108388,111180,2.5112430293218204,0.3157903230560489,0.21232879514102654,0.4526638184269062,0.3213091735242936,0.22455815441976715,0.4597454287849134,NA,0
North Somerset,E06000024,NA,South West,England,Avon and Somerset,E23000036,2,1189,1191,0.16792611251049538,312,206761,207073,0.15067150232043772,1.11470906900473,0.13422761120720086,4.069333777203854,1.1145180735860836,0.27782897826010966,4.4709178435199295,Chi-squared approximation may be incorrect,0
South Cambridgeshire,E07000012,Cambridgeshire,East of England,England,Cambridgeshire,E23000023,3,1829,1832,0.16375545851528384,465,143167,143632,0.3237440124763284,0.5050086642062559,0.1036701800225485,1.4873864986932595,0.5058177208057473,0.1626957568644412,1.572576762984037,NA,0
South Hams,E07000044,Devon,South West,England,Devon & Cornwall,E23000035,0,413,413,0,113,86182,86295,0.13094617301118255,0,0,6.955059085772139,0,0,NA,Chi-squared approximation may be incorrect,0
Torridge,E07000046,Devon,South West,England,Devon & Cornwall,E23000035,1,249,250,0.4,55,66795,66850,0.08227374719521316,4.877773776533392,0.1208264065524959,28.590910917543443,4.861818181818182,0.6754433784424227,34.99519987532571,Chi-squared approximation may be incorrect,0
Broadland,E07000144,Norfolk,East of England,England,Norfolk,E23000024,0,665,665,0,113,126655,126768,0.08913921494383441,0,0,6.3374022774994865,0,0,NA,Chi-squared approximation may be incorrect,0
Plymouth,E06000026,NA,South West,England,Devon & Cornwall,E23000035,5,1344,1349,0.37064492216456635,1320,247074,248394,0.5314138022657553,0.6963448287369997,0.22535861440239166,1.6332128505426595,0.6974695060314037,0.2902984083083628,1.6757367519802433,NA,0
Portsmouth,E06000044,NA,South East,England,Hampshire,E23000030,15,1525,1540,0.974025974025974,1257,175578,176835,0.7108321316481466,1.3738763732544297,0.7647142727055639,2.28210762156517,1.3702615999752037,0.8256436756821698,2.2741249132869163,NA,0
Isle of Wight,E06000046,NA,South East,England,Hampshire,E23000030,2,582,584,0.3424657534246575,540,135537,136077,0.39683414537357525,0.8625247268486328,0.10394213139594231,3.1448791562208074,0.8629946727549467,0.2157934121978037,3.4512629353149333,Chi-squared approximation may be incorrect,0
North Norfolk,E07000147,Norfolk,East of England,England,Norfolk,E23000024,0,310,310,0,55,100834,100889,0.0545153584632616,0,0,22.69453809293417,0,0,NA,Chi-squared approximation may be incorrect,0
Northumberland,E06000057,NA,North East,England,Northumbria,E23000007,0,1033,1033,0,999,311790,312789,0.31938463309131715,0,0,1.1185727722298013,0,0,NA,Chi-squared approximation may be incorrect,0
Cornwall,E06000052,NA,South West,England,Devon & Cornwall,E23000035,1,2445,2446,0.04088307440719542,898,550226,551124,0.16293973769968284,0.2506048681148688,0.006338276248822898,1.4011802156420072,0.25090917037406646,0.03531960774891617,1.7824493472675729,Chi-squared approximation may be incorrect,0
Isles of Scilly,E06000053,NA,South West,England,Devon & Cornwall,E23000035,1,7,8,12.5,12,1991,2003,0.5991013479780329,23.4738652769858,0.4858734903380048,207.76321197518217,20.864583333333336,3.0644129760535885,142.06010778424476,Chi-squared approximation may be incorrect,0
Conwy,W06000003,NA,Wales,Wales,North Wales,W15000001,1,456,457,0.2188183807439825,285,110768,111053,0.2566342196969015,0.852324918245027,0.02145798244325,4.81097534154867,0.8526469346232101,0.11995259944793758,6.060783996914513,Chi-squared approximation may be incorrect,0
Denbighshire,W06000004,NA,Wales,Wales,North Wales,W15000001,2,348,350,0.5714285714285714,461,91933,92394,0.49895014827802675,1.1460933383031688,0.13781409970733585,4.194820962128163,1.1452618531143477,0.28670491696046074,4.574824617953081,Chi-squared approximation may be incorrect,0
Flintshire,W06000005,NA,Wales,Wales,North Wales,W15000001,0,506,506,0,415,150620,151035,0.27477074850200284,0,0,2.6674135963081405,0,0,NA,Chi-squared approximation may be incorrect,0
Wrexham,W06000006,NA,Wales,Wales,North Wales,W15000001,3,443,446,0.672645739910314,380,129114,129494,0.29344988957017315,2.300886983071367,0.47060776628890144,6.819603847031102,2.2921996695775313,0.7388047996189797,7.111728737984726,Chi-squared approximation may be incorrect,0
Carmarthenshire,W06000010,NA,Wales,Wales,Dyfed-Powys,W15000004,8,627,635,1.2598425196850394,995,181151,182146,0.5462650840534516,2.322880063487573,0.9956950700114177,4.622741081075131,2.306284176789459,1.155209955511176,4.604311691337371,Chi-squared approximation may be incorrect,0
Swansea,W06000011,NA,Wales,Wales,South Wales,W15000003,2,1283,1285,0.1556420233463035,665,217177,217842,0.30526712020638813,0.5090922332021026,0.06146446474266125,1.850101353381926,0.5098551827038413,0.12738628521006218,2.040661652871827,Chi-squared approximation may be incorrect,0
Neath Port Talbot,W06000012,NA,Wales,Wales,South Wales,W15000003,0,493,493,0,124,137184,137308,0.09030792087860867,0,0,8.43420451285183,0,0,NA,Chi-squared approximation may be incorrect,0
Bridgend,W06000013,NA,Wales,Wales,South Wales,W15000003,0,525,525,0,210,140477,140687,0.14926752294099668,0,0,4.758253142792276,0,0,NA,Chi-squared approximation may be incorrect,0
Vale of Glamorgan,W06000014,NA,Wales,Wales,South Wales,W15000003,0,734,734,0,229,124497,124726,0.18360245658483396,0,0,2.76127339643951,0,0,NA,Chi-squared approximation may be incorrect,0
Rhondda Cynon Taf,W06000016,NA,Wales,Wales,South Wales,W15000003,0,709,709,0,378,229448,229826,0.1644722529217756,0,0,3.182024239045844,0,0,NA,Chi-squared approximation may be incorrect,0
Caerphilly,W06000018,NA,Wales,Wales,Gwent,W15000002,0,535,535,0,4,171867,171871,0.002327326890516725,0,0,483.250686962293,0,0,NA,Chi-squared approximation may be incorrect,0
Torfaen,W06000020,NA,Wales,Wales,Gwent,W15000002,0,264,264,0,3,89297,89300,0.00335946248600224,0,0,809.1489422696274,0,0,NA,Chi-squared approximation may be incorrect,0
Newport,W06000022,NA,Wales,Wales,Gwent,W15000002,0,1188,1188,0,8,135891,135899,0.005886724699961001,0,0,67.08221346622068,0,0,NA,Chi-squared approximation may be incorrect,0
Powys,W06000023,NA,Wales,Wales,Dyfed-Powys,W15000004,0,373,373,0,565,129441,130006,0.43459532636955217,0,0,2.2844617865804975,0,0,NA,Chi-squared approximation may be incorrect,0
Merthyr Tydfil,W06000024,NA,Wales,Wales,South Wales,W15000003,0,129,129,0,104,56954,57058,0.18227067194784255,0,0,16.164374545799927,0,0,NA,Chi-squared approximation may be incorrect,0
Ceredigion,W06000008,NA,Wales,Wales,Dyfed-Powys,W15000004,4,288,292,1.36986301369863,476,68214,68690,0.6929684087931286,1.990342913473332,0.5364468715575308,5.185324651371758,1.9768044203982962,0.7438813797124044,5.253197382110895,Chi-squared approximation may be incorrect,0
Cardiff,W06000015,NA,Wales,Wales,South Wales,W15000003,8,3564,3572,0.22396416573348266,1081,284584,285665,0.37841527663521957,0.5909320508328244,0.25426795812253034,1.1698355697721121,0.591847580057866,0.2954563382212131,1.1855679256340372,NA,0
Monmouthshire,W06000021,NA,Wales,Wales,Gwent,W15000002,0,376,376,0,5,90046,90051,0.005552409190347692,0,0,261.8199976316644,0,0,NA,Chi-squared approximation may be incorrect,0
Gwynedd,W06000002,NA,Wales,Wales,North Wales,W15000001,1,437,438,0.228310502283105,297,112534,112831,0.2632255319903218,0.8670544640963234,0.021829809969021577,4.893586137337403,0.8673569792291254,0.12205031964152595,6.163917731859105,Chi-squared approximation may be incorrect,0
Isle of Anglesey,W06000001,NA,Wales,Wales,North Wales,W15000001,0,191,191,0,256,67244,67500,0.37925925925925924,0,0,5.159738719179048,0,0,NA,Chi-squared approximation may be incorrect,0
Pembrokeshire,W06000009,NA,Wales,Wales,Dyfed-Powys,W15000004,2,398,400,0.5,1123,118644,119767,0.9376539447427088,0.5309022530316518,0.06399851375591654,1.9349103418332514,0.5332457702582368,0.13366312479216608,2.1273709704186565,Chi-squared approximation may be incorrect,0
